Seconds since J2000,RA ECLIPJ2000 [rad],DEC ECLIPJ2000 [rad],O-C RA ECLIPJ2000 [rad],O-C DEC ECLIPJ2000 [rad]
439209843.0551185,1.9262760262862202,0.00350639700285651,1.0201859357295007e-08,7.063558825851773e-07
439210726.0631197,1.9262619623658868,0.0035047621732890904,4.89407742332304e-07,2.852498546162055e-07
439211607.34312004,1.926247159744541,0.003503506126153328,2.3794151560174726e-07,2.5093444730537456e-07
439212489.48711926,1.9262330958135485,0.0035018714618243857,7.748289823084065e-07,-1.4982775383082583e-07
