Seconds since J2000,RA ECLIPJ2000 [rad],DEC ECLIPJ2000 [rad],O-C RA ECLIPJ2000 [rad],O-C DEC ECLIPJ2000 [rad]
104858777.91348647,2.238633322004848,0.013500274421079787,6.30876607088382e-06,2.4807024606426226e-06
104859814.71348733,2.2386497666148606,0.013502701568632664,6.422981669196304e-06,2.9871849167757702e-06
104860852.3774872,2.238666304792707,0.013502141176770286,6.584984840074526e-06,5.087422895160704e-07
104861896.08948705,2.2386840777033084,0.013504926817893004,7.851682116921666e-06,1.3682376719947875e-06
104862946.71348691,2.2387007749039634,0.013506418092802855,7.896313718891435e-06,9.225275703489411e-07
