Seconds since J2000,RA ECLIPJ2000 [rad],DEC ECLIPJ2000 [rad],O-C RA ECLIPJ2000 [rad],O-C DEC ECLIPJ2000 [rad]
-15050239.528140094,0.5557538810074405,-0.017362709579732332,2.612833858273156e-06,-1.6183399113404995e-06
-15049771.240140244,0.5557649310493878,-0.01736366475150419,2.7676587219804816e-06,-1.6466259397072969e-06
-15049067.08014047,0.5557771537954654,-0.017365566509210905,-1.3786002409643672e-06,-2.157318674100156e-06
-15048718.88814058,0.5557873633579217,-0.017362598401286743,7.429691608606959e-07,1.4975250480671332e-06
-15048236.776140735,0.5558032730427014,-0.017368951088371533,5.460476104945933e-06,-3.905431524266201e-06
-15047924.872141832,0.5558069509703351,-0.017363070487619092,1.9016028768303883e-06,2.5889384818178485e-06
-15047619.88014093,0.5558159986369201,-0.017371553615051487,3.87585018390979e-06,-5.294494841760755e-06
-15047292.424141034,0.5558175053771164,-0.01737158992264002,-2.208546398985156e-06,-4.687431373641415e-06
-15046983.976141134,0.5558263697386748,-0.017361931318059614,-4.916178549807526e-07,5.57675796088522e-06
