Seconds since J2000,RA ECLIPJ2000 [rad],DEC ECLIPJ2000 [rad],O-C RA ECLIPJ2000 [rad],O-C DEC ECLIPJ2000 [rad]
369869751.01440275,0.7024077078555695,-0.01606757481717434,-1.4217731103549625e-06,1.2747145499321377e-06
369871288.93440264,0.7023831629711241,-0.016067655817472062,-1.5607740995182695e-06,1.5372456257795042e-06
369872826.8544025,0.7023591365166125,-0.01606841791981996,-1.1526646606085933e-06,1.1455958269616928e-06
370559279.1743637,0.6899007837566373,-0.01651393045274998,-5.401611951061369e-07,1.4102795147033498e-06
370560816.2303636,0.6898676166133387,-0.0165151528753895,-6.207209011233061e-07,1.1853188672979187e-06
370562351.55836254,0.6898337791226933,-0.016516151869160216,-1.3854199047980131e-06,1.2103878556171677e-06
373564107.0145402,0.6036545037963579,-0.02103047239136686,-8.037857663900638e-07,8.507952985910283e-07
373565422.02254033,0.6036115906529291,-0.021032212081545685,-9.976613239981447e-07,1.2177300378300726e-06
373566734.4385406,0.6035691857254667,-0.02103464634019586,-7.132727196657029e-07,8.803866199946775e-07
