Seconds since J2000,RA ECLIPJ2000 [rad],DEC ECLIPJ2000 [rad],O-C RA ECLIPJ2000 [rad],O-C DEC ECLIPJ2000 [rad]
232316415.7452977,-1.7730902091889158,0.005595644268553885,9.050738567495387e-07,-2.3156839547835636e-06
232317234.81729653,-1.7731055104101694,0.005601127494123797,3.5513446594581666e-06,2.219194628188051e-06
232318049.56929636,-1.773128918365069,0.005599093040502636,-1.9957957884120248e-06,-7.698167606906212e-07
232318880.73729718,-1.7731448855517051,0.005596731867745022,2.641573213502113e-07,-4.116496870695818e-06
232319710.17729604,-1.7731677086453166,0.005595721149086963,-4.3649618524099765e-06,-6.122625787863267e-06
