Seconds since J2000,RA ECLIPJ2000 [rad],DEC ECLIPJ2000 [rad],O-C RA ECLIPJ2000 [rad],O-C DEC ECLIPJ2000 [rad]
300663246.47179466,-0.5822226661501183,-0.015358529026602352,-8.88527195819222e-07,2.6763580364581874e-06
300664772.2957941,-0.5822494159577433,-0.015355512855262527,-4.5979233653792306e-07,2.3247191637976866e-06
300666853.6717935,-0.5822871311181239,-0.015351606698795029,-1.0822413255562324e-06,1.5989285691679622e-06
301956230.2473888,-0.6109642129622784,-0.01286548009480896,-1.2254136206868438e-06,1.8565553141138696e-06
301957760.3913883,-0.6110050372574702,-0.012862258834771673,-2.7045453232510397e-07,2.0384548352452014e-06
301959884.10338867,-0.6110637759766016,-0.012858832111796085,-1.0264599495934945e-06,1.2108324419519284e-06
