Seconds since J2000,RA ECLIPJ2000 [rad],DEC ECLIPJ2000 [rad],O-C RA ECLIPJ2000 [rad],O-C DEC ECLIPJ2000 [rad]
97029246.20069288,2.348385016272752,0.01153472717876539,7.803581902443568e-06,9.993626126667682e-06
97030170.68069315,2.348356059360659,0.011531970938150338,7.3930111201825355e-06,8.980221431198476e-06
97031064.05669442,2.348328955426079,0.011530287439732728,7.857180431170008e-06,8.98588443565794e-06
97968214.61696315,2.3192409129368925,0.010078695832403419,6.536676627533211e-06,7.074946563403323e-06
97969127.8649634,2.3192103881996915,0.010076739728983129,5.192280468246935e-06,6.571482012305424e-06
97970036.79296464,2.3191818587346384,0.010075374431193595,5.707682078970322e-06,6.665265404425316e-06
