Seconds since J2000,RA ECLIPJ2000 [rad],DEC ECLIPJ2000 [rad],O-C RA ECLIPJ2000 [rad],O-C DEC ECLIPJ2000 [rad]
-2935645477.6323094,1.7217368038702257,0.004245433482573235,7.106623374886212e-06,5.171168083305949e-06
-2935556616.960281,1.7188577627695352,0.004400758235808798,1.774020933131837e-05,-4.337722081205683e-07
-2178581340.67242,1.9120218864200675,0.010232593685931116,-0.001130684731210474,5.25337120700492e-05
-2178493921.1523924,1.9096694865844641,0.01003528638353964,-0.0011364799816666604,-0.00023686962886963238
-2178234132.7683063,1.9023512492047288,0.010547186470196463,-0.0012208434792089218,4.261030109485413e-05
-2176767552.3838167,1.8562654875948383,0.010467460803753346,-0.0014195144096500467,-3.456135165861435e-05
-2176680132.863789,1.853395178739449,0.010395118449595496,-0.0014169442288931577,-3.176371834680107e-05
-2174088979.5829954,1.7793176314158399,0.0051452017579822675,-0.0008514648111404011,-0.00010593419530558791
