Seconds since J2000,RA ECLIPJ2000 [rad],DEC ECLIPJ2000 [rad],O-C RA ECLIPJ2000 [rad],O-C DEC ECLIPJ2000 [rad]
550915799.392478,-2.899379251105762,0.018992619723492685,3.3338079163947043e-06,4.043260622796363e-06
550927120.3844756,-2.8993261637088166,0.018965488594789453,5.34669694207679e-06,3.548851197170827e-06
550938430.144472,-2.899270590288375,0.018939927449198545,4.873060184262812e-06,2.5390979820454074e-06
550949739.9044675,-2.899213011563475,0.018915208457581545,9.05745292101301e-07,4.827126051099029e-07
550955395.6484667,-2.899182603531583,0.01890274001639891,-8.084270506358848e-07,-9.642373738349974e-07
550961050.5284649,-2.8991530519152855,0.018890437644037535,-3.6192463586104395e-06,-2.160956102052747e-06
550966716.6404622,-2.899125213047131,0.018878467508249126,-7.930072132733557e-06,-2.70758598546611e-06
550989336.1604551,-2.8990050020208264,0.018830099266609997,-6.989422432823744e-06,-6.06653224714121e-07
