Seconds since J2000,RA ECLIPJ2000 [rad],DEC ECLIPJ2000 [rad],O-C RA ECLIPJ2000 [rad],O-C DEC ECLIPJ2000 [rad]
441712962.5118984,1.8646780692766085,-0.0008303342563998449,7.626481235423199e-07,2.4493404690463646e-06
441713416.9758995,1.8646602930695806,-0.0008291455522134417,-2.870911197883075e-06,4.391973176174268e-06
