Seconds since J2000,RA ECLIPJ2000 [rad],DEC ECLIPJ2000 [rad],O-C RA ECLIPJ2000 [rad],O-C DEC ECLIPJ2000 [rad]
-1009930944.0120906,2.739141177049543,0.02702892776081033,1.4668321655086913e-06,1.1125159359373638e-07
-1009925725.4519311,2.7391165133557136,0.02702901166188484,-1.7349732353011404e-06,-6.914743163922987e-07
-1007775445.3867239,2.7127057239674115,0.026318334190753898,-1.3022581586419335e-06,1.6775970777815896e-07
-1004681003.4731145,2.626658527531088,0.020183716312763632,-2.5055703645193717e-07,1.8516668311846507e-07
-1004506674.1878554,2.62126502854576,0.01974868291503036,-1.8149152833935034e-06,-1.5101112808835193e-07
-1002614963.410901,2.5695974750391213,0.01580439111129306,3.275041684958069e-06,-1.9849126380311333e-06
-1002609140.050727,2.5694685757897147,0.015794736031651505,5.78557789676637e-06,-2.5120505846437657e-06
-971843723.4478171,-3.111236845058432,0.03434289591542436,3.4819636285376987e-06,-8.888847516097531e-07
