Seconds since J2000,RA ECLIPJ2000 [rad],DEC ECLIPJ2000 [rad],O-C RA ECLIPJ2000 [rad],O-C DEC ECLIPJ2000 [rad]
541724442.1998174,-2.770793260688155,0.03401119374026609,-4.805836706367472e-08,-2.8967794916262557e-07
541724704.1646184,-2.7707967370180597,0.03401131186710171,3.348042696416087e-07,-4.781379978613387e-07
541725002.1582185,-2.7708015506431485,0.034012042094603435,-8.87645277281024e-08,-9.711055855982087e-08
