Seconds since J2000,RA ECLIPJ2000 [rad],DEC ECLIPJ2000 [rad],O-C RA ECLIPJ2000 [rad],O-C DEC ECLIPJ2000 [rad]
333428078.2474266,0.03961073171790991,-0.02661391371390958,-4.038865312749884e-07,2.3873840710592065e-07
333428203.52742654,0.03960987142913971,-0.026614069539370566,-6.683557344303037e-07,4.601377910362636e-07
335241558.95092124,0.021121977891819722,-0.03206176461030546,-5.896721287611262e-07,-1.3046486562612314e-07
335241685.0949212,0.02112122191596118,-0.032059851771798306,6.729532114717329e-07,2.0956281138878596e-06
341791548.13449514,-0.09803152387822625,-0.02994654589827476,5.879880110165603e-07,8.905827369627695e-07
341791593.0624941,-0.0980318196771511,-0.02994905890603026,6.6573054632868e-07,-1.7852400271203828e-06
