Seconds since J2000,RA ECLIPJ2000 [rad],DEC ECLIPJ2000 [rad],O-C RA ECLIPJ2000 [rad],O-C DEC ECLIPJ2000 [rad]
132141166.8095041,2.8453928232773884,0.03338314568052989,1.0236153231701905e-06,2.3379648127277997e-06
132141799.2575042,2.8453785207010114,0.03338191655953749,4.0871145090548566e-07,1.1432243096701211e-06
132142727.19350532,2.8453584479764342,0.03338143588718166,4.229189354276741e-07,7.19706877969073e-07
