Seconds since J2000,RA ECLIPJ2000 [rad],DEC ECLIPJ2000 [rad],O-C RA ECLIPJ2000 [rad],O-C DEC ECLIPJ2000 [rad]
415494600.8493897,1.1946164553223764,-0.002681395474896612,7.896187417255618e-07,5.276459830580102e-07
415496785.9053891,1.1946552130924377,-0.002683143426729221,6.072298965875689e-07,5.644274655844037e-07
415499285.4573905,1.1947000583940663,-0.002685368212758964,7.795319654224642e-07,4.7054188215918044e-07
