Seconds since J2000,RA ECLIPJ2000 [rad],DEC ECLIPJ2000 [rad],O-C RA ECLIPJ2000 [rad],O-C DEC ECLIPJ2000 [rad]
104528269.4015286,2.2337202744250755,0.012824946472659651,-1.9673732092329033e-06,2.798623307681547e-07
104529873.84952842,2.2337414949271635,0.012828123886947648,-1.8865326887329559e-06,5.626475727514568e-07
104531483.48152822,2.233762840949836,0.012830833171147622,-1.8511639350293763e-06,3.6983733285415876e-07
104696002.04150845,2.2361040409040136,0.013168623390694306,-1.0424919083540374e-06,1.2022186353707193e-06
104697611.67350824,2.236127505433172,0.013171417481822439,-7.466786895449218e-07,1.0418914059891898e-06
104699221.30550705,2.236150718174664,0.01317514813109931,-7.793957976787169e-07,1.8341678764549618e-06
