Seconds since J2000,RA ECLIPJ2000 [rad],DEC ECLIPJ2000 [rad],O-C RA ECLIPJ2000 [rad],O-C DEC ECLIPJ2000 [rad]
405420748.7825996,1.2849752319245058,-0.022158219943246564,-1.8562351051798487e-06,7.632103103463739e-07
405421769.1665998,1.284956992818372,-0.022156499081285457,5.434211765020791e-07,5.834919505516567e-07
405422693.64659995,1.2849366753066656,-0.022155014668061596,-1.0541262884800062e-06,3.5428058196493306e-07
405423556.7826001,1.284919109579867,-0.022153375090734177,-1.1258417924597808e-06,4.016261149729361e-07
