Seconds since J2000,RA ECLIPJ2000 [rad],DEC ECLIPJ2000 [rad],O-C RA ECLIPJ2000 [rad],O-C DEC ECLIPJ2000 [rad]
165703780.7616498,-2.8853660320646615,0.020039879835444977,1.1725613862090256e-06,2.100215937720501e-06
165705727.35364878,-2.885425170054192,0.020040359061907022,1.6759228560481176e-06,2.5165425995080093e-06
165707546.9376498,-2.88548107172785,0.020040615607664142,1.488832809481977e-06,2.6822910547293077e-06
