Seconds since J2000,RA ECLIPJ2000 [rad],DEC ECLIPJ2000 [rad],O-C RA ECLIPJ2000 [rad],O-C DEC ECLIPJ2000 [rad]
607625378.5616735,-1.6865680228371096,0.018434642112989695,-9.38968860442202e-08,-9.491997708180322e-07
607634066.9456745,-1.6865627630929811,0.018437330505511988,1.4651053137360037e-06,1.6574581477232786e-06
