Seconds since J2000,RA ECLIPJ2000 [rad],DEC ECLIPJ2000 [rad],O-C RA ECLIPJ2000 [rad],O-C DEC ECLIPJ2000 [rad]
-214345184.6864104,-2.95103213504372,0.036414290076284404,2.082325489372039e-06,-8.550725235069445e-06
