Seconds since J2000,RA ECLIPJ2000 [rad],DEC ECLIPJ2000 [rad],O-C RA ECLIPJ2000 [rad],O-C DEC ECLIPJ2000 [rad]
99068712.15322989,2.285758370385632,0.008719392525792026,5.236295930188817e-08,3.8018394736948763e-06
99070554.20122929,2.285704883866633,0.008717758249366535,6.378815409213701e-07,3.916579488104713e-06
99072395.38523069,2.2856507322257347,0.0087159352880637,6.144528712503927e-07,3.899816523275992e-06
100193920.9534438,2.256201766731718,0.007989461054030337,-3.771733214641415e-07,4.6954720381124637e-07
100206483.51344478,2.255904736332521,0.007984171602821931,-1.6809546972140765e-06,3.42260068940739e-07
100207386.39344494,2.255883487743867,0.007983355022114572,-1.7602098179025916e-06,-3.723383766585098e-08
