Seconds since J2000,RA ECLIPJ2000 [rad],DEC ECLIPJ2000 [rad],O-C RA ECLIPJ2000 [rad],O-C DEC ECLIPJ2000 [rad]
168555457.68940055,-2.9667605009309153,0.023215438181575652,-6.200140023615575e-07,3.85750359297235e-06
168556364.8894004,-2.966783399480071,0.023217273543771958,-2.204241823733355e-06,4.268477170003143e-06
168557256.53740025,-2.966803053986866,0.02321891039175344,-9.233916693496269e-07,4.499705908486001e-06
