Seconds since J2000,RA ECLIPJ2000 [rad],DEC ECLIPJ2000 [rad],O-C RA ECLIPJ2000 [rad],O-C DEC ECLIPJ2000 [rad]
440043501.10336417,1.9100515135413625,0.0021339688899006037,-2.622916435157663e-07,2.084855098760316e-07
440044806.6073646,1.910021739321337,0.002131383948901602,8.932197870237246e-08,1.6093738468801744e-07
441665843.40788263,1.8661199204874086,-0.000746416348501419,-6.034895716489075e-08,3.981837465889945e-07
441668466.5118835,1.866037985773883,-0.0007510334483456718,-1.5741816761227767e-07,2.4649638833502876e-07
441669779.7918849,1.8659971033796143,-0.0007532080794858197,-1.5393052832379794e-08,3.593231270782775e-07
475031013.48848337,2.4247723248399504,0.020574321668688604,3.6595969099550985e-07,5.616049971110537e-07
475032100.40048367,2.42474924833876,0.020576992738485837,3.892306215114161e-07,5.00892651404683e-07
475033186.448484,2.4247262894204638,0.02057975362775269,4.897670460302095e-07,5.404415631959925e-07
475034285.4564844,2.424702639518398,0.020584839235327897,1.4833387140811283e-07,2.8788534174942204e-06
