Seconds since J2000,RA ECLIPJ2000 [rad],DEC ECLIPJ2000 [rad],O-C RA ECLIPJ2000 [rad],O-C DEC ECLIPJ2000 [rad]
232868517.79317772,-1.7858223579972878,0.006405513577226189,1.541258573656279e-06,2.2398261588828586e-06
232869983.1371774,-1.7858617849279685,0.006408692018314763,-8.216389111304068e-07,3.000288358120766e-06
232871500.32117704,-1.7858993386173982,0.006413503323095124,-1.4171108730920423e-09,5.267459498722697e-06
232872846.43317676,-1.7859302474035328,0.0064121111608669125,3.1269367184449948e-06,1.5834117211678891e-06
