Seconds since J2000,RA ECLIPJ2000 [rad],DEC ECLIPJ2000 [rad],O-C RA ECLIPJ2000 [rad],O-C DEC ECLIPJ2000 [rad]
307126135.81435645,-0.7540548820161191,-0.011583504689268297,4.551830151688918e-07,2.7568651337489536e-07
307126844.29435635,-0.7540652168384424,-0.011583787642024966,1.4221837969508044e-06,6.830627844248149e-07
307127576.1023573,-0.7540786510178727,-0.011584613616421883,-3.4801597270650575e-07,5.650705901492914e-07
307128298.4063573,-0.7540897972974633,-0.011585147924918784,7.105630195347601e-09,7.24923432546265e-07
