Seconds since J2000,RA ECLIPJ2000 [rad],DEC ECLIPJ2000 [rad],O-C RA ECLIPJ2000 [rad],O-C DEC ECLIPJ2000 [rad]
99781748.88937189,2.2662310590994967,0.008164876968805529,3.0575437750535173e-06,1.8161309810523635e-06
99782685.46537307,2.266206209006391,0.00816399450216727,2.7437239706884498e-06,1.6496368864908628e-06
99783607.35337223,2.2661830800197613,0.008162081797231636,3.750347091102668e-06,4.512659059555113e-07
