Seconds since J2000,RA ECLIPJ2000 [rad],DEC ECLIPJ2000 [rad],O-C RA ECLIPJ2000 [rad],O-C DEC ECLIPJ2000 [rad]
-422456572.3370127,-0.1675063006828058,-0.024429144771251975,6.404619046440629e-06,4.596173992666569e-06
-422018356.72112405,-0.17613231005806815,-0.02581188383672434,-3.845485548936711e-06,5.535069068803716e-06
