Seconds since J2000,RA ECLIPJ2000 [rad],DEC ECLIPJ2000 [rad],O-C RA ECLIPJ2000 [rad],O-C DEC ECLIPJ2000 [rad]
226814829.2175227,-1.7689515837226728,0.008774693387250112,-5.467960944027794e-07,-1.2206099704401702e-06
226814915.61752173,-1.7689495746212556,0.00877486422536986,-1.639520545992923e-07,-8.941728059323056e-07
227068601.56955507,-1.7643148211655255,0.00836849519044286,9.78922793937187e-07,6.671109048506096e-08
227068668.09755406,-1.7643141515780958,0.008368550821028066,4.917303058071809e-07,2.4073472083656344e-07
227937620.5456364,-1.7516383740119121,0.007051298402344026,-2.0274324541436073e-06,2.982455160017647e-07
227937687.0736374,-1.7516370355752917,0.007051402457598558,-1.4419916793961818e-06,5.080821624016407e-07
