Seconds since J2000,RA ECLIPJ2000 [rad],DEC ECLIPJ2000 [rad],O-C RA ECLIPJ2000 [rad],O-C DEC ECLIPJ2000 [rad]
579067354.1453682,-2.2904739115246446,0.016400171552096325,-2.583439151493394e-08,1.6969701713206997e-06
579069110.657368,-2.2905268485571373,0.01640276449396635,-2.048482992123013e-07,1.1433590705010876e-06
579070866.3053676,-2.2905792477022477,0.016406013558560327,1.309182713349344e-07,1.205480424947003e-06
