Seconds since J2000,RA ECLIPJ2000 [rad],DEC ECLIPJ2000 [rad],O-C RA ECLIPJ2000 [rad],O-C DEC ECLIPJ2000 [rad]
130710852.82525754,2.8762384995188013,0.032295178025294906,-3.11352238213658e-07,1.3373848316983183e-07
130715341.30525851,2.8761390584942585,0.032299171325706685,-1.8899943770023242e-06,-1.1690246081302869e-06
