Seconds since J2000,RA ECLIPJ2000 [rad],DEC ECLIPJ2000 [rad],O-C RA ECLIPJ2000 [rad],O-C DEC ECLIPJ2000 [rad]
679671528.8317007,-0.528574420383699,-0.02331079942695122,-9.791791366620117e-08,7.67882344401144e-07
679671660.1597006,-0.5285762605087186,-0.023311661045181262,1.6655235779428068e-07,2.636269114918155e-07
679671789.7596996,-0.5285779297986142,-0.0233120689287684,5.744436171184475e-07,2.0817125030714312e-07
