Seconds since J2000,RA ECLIPJ2000 [rad],DEC ECLIPJ2000 [rad],O-C RA ECLIPJ2000 [rad],O-C DEC ECLIPJ2000 [rad]
-247714528.0226834,2.810837680840036,0.019944349265002097,-3.150033575316513e-06,-1.5620784755768224e-06
-247711262.96668276,2.8107396788976162,0.019938649024203815,-1.436401591892178e-06,-1.3206843471266771e-06
-247709482.2626824,2.810690641848861,0.019936832942348204,3.779401930970039e-06,6.606568785441636e-08
