Seconds since J2000,RA ECLIPJ2000 [rad],DEC ECLIPJ2000 [rad],O-C RA ECLIPJ2000 [rad],O-C DEC ECLIPJ2000 [rad]
268166434.27208972,-1.265509157393566,-0.0034495161930844175,1.0102330947336924e-06,-1.6602547664359285e-08
268167345.79209045,-1.2655311677772734,-0.0034520221481386284,-1.1610591976740636e-07,-7.704859600592834e-09
