Seconds since J2000,RA ECLIPJ2000 [rad],DEC ECLIPJ2000 [rad],O-C RA ECLIPJ2000 [rad],O-C DEC ECLIPJ2000 [rad]
584701864.4797649,-2.401370840851006,0.025279551969094878,1.2551674588578976e-07,4.0666258156046853e-07
584711213.8237619,-2.401370631558638,0.025276566182166005,7.141073083971605e-07,1.1367802509321123e-06
