Seconds since J2000,RA ECLIPJ2000 [rad],DEC ECLIPJ2000 [rad],O-C RA ECLIPJ2000 [rad],O-C DEC ECLIPJ2000 [rad]
90636348.63076921,2.40986969962185,0.017493928162117266,1.365197599856316e-06,3.2577262566550746e-06
90637252.3747694,2.4098836585005414,0.017493866906158707,1.6747673412531583e-06,3.0524550514790527e-06
90638164.7587706,2.409897617395604,0.017493805706371768,1.8615041774694419e-06,2.855659236133956e-06
96064845.94439352,2.375989536407864,0.01310697659600774,9.173277226715015e-07,3.032326926282955e-06
96066770.93639512,2.3759373922082117,0.01310331672100726,9.651045589365026e-07,2.8017353974358478e-06
96069095.09639587,2.375873743745273,0.013099096576936465,3.4120764169642825e-07,2.7825350546357985e-06
97269363.03276487,2.3410389113961982,0.01113975446855468,-1.7547062114431355e-07,2.6612230096638434e-06
97276694.07276703,2.3408098762161553,0.011126608642222566,1.0844623465899872e-06,2.5080814098667192e-06
97283098.90476893,2.3406079367887727,0.011115097591026937,-1.910500078139421e-07,2.725701079644288e-06
