Seconds since J2000,RA ECLIPJ2000 [rad],DEC ECLIPJ2000 [rad],O-C RA ECLIPJ2000 [rad],O-C DEC ECLIPJ2000 [rad]
-2112090547.1033156,3.042958887411635,0.031224951774442632,1.777780525236139e-05,1.5502322887949588e-05
-2112079357.4393113,3.0428441247893976,0.031227184823678093,2.550082158014888e-05,1.5043841862742019e-05
-2104670983.3904388,2.862928569856867,0.017376445531364713,1.5344563868424643e-05,1.4368075495693744e-06
-2104665241.2464406,2.862850544810417,0.01736497710463857,1.6296793980075108e-05,-1.2464365625290685e-06
-2104493389.0544603,2.8606521590995335,0.01714649393459577,7.465355302826993e-07,6.182155159125541e-06
-2104488481.53446,2.860596100898759,0.017138435207539337,4.602164740852288e-06,4.973924878980823e-06
-2104405531.4864702,2.859643917009342,0.017043224129335375,1.4322079558315437e-05,1.1218120763576561e-05
-2104400288.7344718,2.8595956673539513,0.017041004236088408,2.602210686131201e-05,1.5953430999315205e-05
