Seconds since J2000,RA ECLIPJ2000 [rad],DEC ECLIPJ2000 [rad],O-C RA ECLIPJ2000 [rad],O-C DEC ECLIPJ2000 [rad]
371133430.5023527,0.6767070915377681,-0.017100945415235574,-1.2438831431538233e-07,1.123766450533692e-06
371134362.75835174,0.6766835283150544,-0.017102224916034383,8.501565473828521e-08,7.312178245434675e-07
371135295.01435274,0.6766598103919954,-0.017103963763002807,1.5597764901897904e-07,-1.144264400801398e-07
372246733.38238746,0.6455357180135931,-0.01868944101391336,-3.0286715690941435e-07,1.0344376512975983e-06
372247667.36638755,0.6455067639440577,-0.018690744158387344,-3.7281849463166594e-07,1.0367875890003597e-06
372248600.4863886,0.6454776517801065,-0.018692505434905856,-5.986296282012304e-07,5.784179808489276e-07
