Seconds since J2000,RA ECLIPJ2000 [rad],DEC ECLIPJ2000 [rad],O-C RA ECLIPJ2000 [rad],O-C DEC ECLIPJ2000 [rad]
130038368.7930996,2.8901423128642985,0.03114520262349045,3.6183422893465433e-06,2.3452631572745686e-06
130039395.22509985,2.8901216322638055,0.03114595948472649,3.914175012109666e-06,1.3101334809875742e-06
130040464.85710113,2.890099444404683,0.031150290344973755,3.5615738869232416e-06,3.7693795057608392e-06
130470104.40920271,2.881312818737537,0.03192976811338956,-2.0002941347740943e-07,2.0782585016393407e-06
130471028.02520293,2.88129262431669,0.03193127071405426,-6.484970360709497e-07,2.3073144730795248e-06
130471936.08920413,2.8812741357481872,0.03193243864089813,2.5585538754313575e-07,2.219184652048345e-06
167175979.73758698,-2.930046985669801,0.02109951646602622,4.882702935304906e-06,7.5212224709027276e-06
167176909.4015869,-2.9300747294908485,0.021099886723821747,5.062427515412082e-06,7.0205592382459325e-06
167177829.5615858,-2.930103519786833,0.021100867050152322,3.902466748861855e-06,7.13327445053813e-06
