Seconds since J2000,RA ECLIPJ2000 [rad],DEC ECLIPJ2000 [rad],O-C RA ECLIPJ2000 [rad],O-C DEC ECLIPJ2000 [rad]
373893243.49459237,0.593184961764373,-0.021639988130949774,7.4480038525504e-07,9.808332538698006e-07
373894915.33459264,0.5931314963657107,-0.02164352341660816,9.825686653197607e-07,1.6007052281233336e-07
373896572.48659396,0.5930758552497745,-0.021646794896374028,-1.4258486054075092e-06,-3.939841521083398e-07
