Seconds since J2000,RA ECLIPJ2000 [rad],DEC ECLIPJ2000 [rad],O-C RA ECLIPJ2000 [rad],O-C DEC ECLIPJ2000 [rad]
-176050573.0631786,-2.521079314263503,0.02286651560702531,-3.6164220174050854e-06,-3.7815038290006653e-06
