Seconds since J2000,RA ECLIPJ2000 [rad],DEC ECLIPJ2000 [rad],O-C RA ECLIPJ2000 [rad],O-C DEC ECLIPJ2000 [rad]
29099353.49514343,1.1490320430506968,-0.01225025513233983,9.088985115646153e-07,-1.7770267018244607e-06
29099918.55114259,1.1490138524107556,-0.01225147296670352,1.038144688214615e-06,-1.9949852298317e-06
29100461.14314274,1.1489964165245699,-0.012252331678470483,1.192926199156119e-06,-1.8882875723914838e-06
29257671.99118856,1.1440274699310877,-0.012549594533731554,4.374720874666949e-06,-2.7438689740848926e-06
29258014.135188658,1.1440155596923691,-0.012550422521935,3.39010547745211e-06,-3.0189245913692098e-06
29258354.551188756,1.1440051609623398,-0.012550535420880807,3.8662791896904025e-06,-2.5813061572711737e-06
