Seconds since J2000,RA ECLIPJ2000 [rad],DEC ECLIPJ2000 [rad],O-C RA ECLIPJ2000 [rad],O-C DEC ECLIPJ2000 [rad]
410692834.44806874,1.179597847857652,-0.0057237370599825714,7.812002869034274e-07,5.834732059268807e-07
410693901.4880681,1.1795838831747512,-0.005720942405329974,-6.470051072682281e-08,5.90083173181849e-07
410694968.52806944,1.1795713348962937,-0.005717889933987007,4.892972096381953e-07,8.717224665678522e-07
410696034.70406884,1.179558628825533,-0.00571579409877926,8.553481285478171e-07,2.1625162821472393e-07
