Seconds since J2000,RA ECLIPJ2000 [rad],DEC ECLIPJ2000 [rad],O-C RA ECLIPJ2000 [rad],O-C DEC ECLIPJ2000 [rad]
549543045.0888879,-2.900482566089917,0.022306985667086374,-1.9221806235591998e-07,4.08252638181561e-07
549545322.5928873,-2.9004909894357973,0.022300818175152483,-2.0345026419121837e-07,4.542427329626286e-07
549547264.0008857,-2.9004982631078167,0.02229565945225259,-4.262269537314012e-07,5.425174237037866e-07
549620753.2488663,-2.9007203925857032,0.022107169446582156,-5.300980627787055e-07,8.303782998569931e-07
549626730.4008636,-2.9007403118940296,0.022090913713344158,-7.02729438195604e-07,1.1122825288659155e-06
549631653.4728624,-2.9007559257017763,0.022077518322065108,-5.560126767889528e-07,1.115420323598293e-06
549708299.7768419,-2.9009490279050056,0.02188175608960357,-4.470039978166085e-07,1.3227741352747624e-06
549712253.4408396,-2.9009601479775475,0.02187077388688079,-5.785573931049726e-07,1.195418756583938e-06
549718447.456838,-2.9009768280430324,0.021854300559668947,-6.655310662573299e-07,1.4545816948464962e-06
