Seconds since J2000,RA ECLIPJ2000 [rad],DEC ECLIPJ2000 [rad],O-C RA ECLIPJ2000 [rad],O-C DEC ECLIPJ2000 [rad]
89995240.99864294,2.398419669869473,0.017217328134058903,-2.2763076645837543e-06,3.178520430465598e-06
89996246.99864313,2.3984403672884773,0.017217859119361564,-1.3695158269655394e-06,3.2256772236477493e-06
89996588.99864319,2.3984487653743525,0.0172172441840166,3.0336035017342056e-07,2.448798962495502e-06
89996930.99864325,2.398454135951589,0.017218305504292687,-1.0499815208397933e-06,3.349431855849405e-06
89997272.99864331,2.39846173685781,0.0172178930590005,-1.7178847366849936e-07,2.77753351378765e-06
89997615.99864338,2.3984681636273457,0.01721817313296478,-4.862633136148986e-07,2.898905888198966e-06
