Seconds since J2000,RA ECLIPJ2000 [rad],DEC ECLIPJ2000 [rad],O-C RA ECLIPJ2000 [rad],O-C DEC ECLIPJ2000 [rad]
163545297.0814926,-2.828989106716612,0.02077200604611756,-2.122460251996472e-07,-1.0059204780844822e-06
163545914.84149268,-2.829001656953123,0.020772085394696303,1.612572302356341e-07,-3.0078234894079237e-07
163546530.00949278,-2.8290138381376755,0.0207712680440906,8.529315267402637e-07,-4.965300450521237e-07
163547150.36149287,-2.829026688384742,0.02077017541820996,9.86733653451921e-07,-9.64166028745439e-07
