Seconds since J2000,RA ECLIPJ2000 [rad],DEC ECLIPJ2000 [rad],O-C RA ECLIPJ2000 [rad],O-C DEC ECLIPJ2000 [rad]
98124487.16100453,2.3143529013717563,0.009848989449741757,-8.87330155130428e-07,-5.088035616787612e-08
98126597.04900607,2.3142865270682798,0.009846127240796908,-3.2896367452295294e-07,1.4025423476955734e-07
98128696.56900564,2.3142197617357607,0.009842140490199056,-4.250350458256946e-07,-7.333370172137726e-07
