Seconds since J2000,RA ECLIPJ2000 [rad],DEC ECLIPJ2000 [rad],O-C RA ECLIPJ2000 [rad],O-C DEC ECLIPJ2000 [rad]
340287874.5023566,-0.08009977803810242,-0.034334745385431006,6.070346132980298e-07,-8.829319790709667e-07
340296591.39835805,-0.08023999262985843,-0.03431317187995993,2.9448793037040177e-06,-1.284484345623338e-06
340306676.87035745,-0.0804058441430022,-0.034286846153721434,1.5266958886817061e-06,-7.550854453641787e-07
