Seconds since J2000,RA ECLIPJ2000 [rad],DEC ECLIPJ2000 [rad],O-C RA ECLIPJ2000 [rad],O-C DEC ECLIPJ2000 [rad]
368537304.0385704,0.7148392898472837,-0.01610161327350456,-5.302398197182256e-07,1.1685385260112868e-07
368549794.88656837,0.7147930988208709,-0.016093187027787115,-3.7247147255392576e-07,-5.049343870799916e-08
368556833.03056824,0.7147649357815256,-0.016088596730217036,-6.846539328808632e-07,5.0035877302567755e-08
368623357.5745566,0.7145240976974937,-0.0160631198096135,-1.6998909457832667e-07,-3.805241121854208e-08
368637699.9745553,0.7144589769133673,-0.016053617009742397,-3.781131104885205e-07,4.6962676003223236e-07
368643289.19055444,0.7144318537145733,-0.016050382980883494,-8.917426781440696e-07,5.22997983441742e-07
