Seconds since J2000,RA ECLIPJ2000 [rad],DEC ECLIPJ2000 [rad],O-C RA ECLIPJ2000 [rad],O-C DEC ECLIPJ2000 [rad]
542179620.6414902,-2.777732494329638,0.0345375359141164,-2.753913941333508e-08,1.3140217269280718e-06
542181216.4494915,-2.777758802524558,0.03453895638128884,3.8622871434412787e-07,1.5951601728958487e-06
542182811.3934907,-2.7777857815215947,0.03454010640576719,1.4319422847464125e-07,1.6037467175170073e-06
