Seconds since J2000,RA ECLIPJ2000 [rad],DEC ECLIPJ2000 [rad],O-C RA ECLIPJ2000 [rad],O-C DEC ECLIPJ2000 [rad]
302652447.2359832,-0.6308018034414644,-0.011740657631983727,1.8201623219749052e-07,2.49550753287503e-07
302652721.2103831,-0.6308102061679592,-0.011740327434441353,1.6482820142105226e-07,1.1485370284003427e-07
302652993.62958205,-0.6308182602204581,-0.011740068312282888,4.475263970515897e-07,-8.856241815076438e-08
