Seconds since J2000,RA ECLIPJ2000 [rad],DEC ECLIPJ2000 [rad],O-C RA ECLIPJ2000 [rad],O-C DEC ECLIPJ2000 [rad]
60923639.191231616,1.797971385042462,-0.004829450591718502,1.2483064724122528e-06,-3.4951397710853913e-06
60925125.27123105,1.797941309580528,-0.004825561677283489,8.342318451592945e-07,-3.6790920039976582e-06
60926060.98323232,1.797922072418833,-0.004822077791058406,2.3413350502821118e-07,-2.7504160336330394e-06
