Seconds since J2000,RA ECLIPJ2000 [rad],DEC ECLIPJ2000 [rad],O-C RA ECLIPJ2000 [rad],O-C DEC ECLIPJ2000 [rad]
374601547.32512724,0.5716423979131805,-0.02293987910895127,7.916634459093075e-09,4.287831349598925e-07
374602120.3299273,0.571625692536418,-0.022940731271242038,2.4881186677649936e-07,4.572714282051471e-07
374700750.3363473,0.5687712774514622,-0.023114076512797333,2.688308013976126e-07,-2.677800655000173e-07
