Seconds since J2000,RA ECLIPJ2000 [rad],DEC ECLIPJ2000 [rad],O-C RA ECLIPJ2000 [rad],O-C DEC ECLIPJ2000 [rad]
405976078.7347044,1.2734614477842918,-0.021046212846263984,1.0568245973896495e-06,1.7925053018286174e-06
405978645.6787039,1.2734017297181928,-0.02103722642777544,-1.7160943825977881e-06,4.593312132157579e-06
405979917.4867052,1.2733731593696622,-0.021036071176024834,-2.040040234296825e-06,2.7176919444489578e-06
405981236.8147045,1.2733415875781162,-0.021031605617594273,-4.2967027815699055e-06,4.06449408711998e-06
