Seconds since J2000,RA ECLIPJ2000 [rad],DEC ECLIPJ2000 [rad],O-C RA ECLIPJ2000 [rad],O-C DEC ECLIPJ2000 [rad]
509927682.4573673,2.9683007520964093,0.017515581087751416,-8.121841590380541e-07,1.0243602654967654e-06
509929297.2733686,2.9682532412802294,0.017514247134695494,-1.3741479709672433e-06,6.31650470463152e-07
509930911.2253689,2.968206872526628,0.017513928973272818,-8.795940735772945e-07,1.2314377266335608e-06
