Seconds since J2000,RA ECLIPJ2000 [rad],DEC ECLIPJ2000 [rad],O-C RA ECLIPJ2000 [rad],O-C DEC ECLIPJ2000 [rad]
-246879542.0065327,2.7850672521094753,0.018710587980194506,-1.2948260579292992e-06,2.5019414850689647e-06
-246700262.0065067,2.77947197597065,0.01847025679150206,1.718559871299874e-06,1.5394991466181895e-06
-246621002.10249448,2.777006368287275,0.01837271039811851,1.8444856930699416e-07,3.3580016664119805e-06
-244200031.7663507,2.7115611106474837,0.017296494488971848,2.4400313103356552e-06,-3.844519165584898e-06
-214209840.81439826,-2.953912622085703,0.03654320752429512,-1.1134737905038605e-06,1.176838368359412e-06
-214122150.86239195,-2.95578877350312,0.03660980145258256,9.503301812152642e-07,5.113229769961036e-06
-213779491.05436796,-2.963209313075705,0.036792278646354745,3.9511750817844415e-06,3.668719374891327e-06
