Seconds since J2000,RA ECLIPJ2000 [rad],DEC ECLIPJ2000 [rad],O-C RA ECLIPJ2000 [rad],O-C DEC ECLIPJ2000 [rad]
487681140.7525214,2.4290779696450455,0.009619962273145679,4.731084959352927e-07,-1.1265523045325687e-07
487683280.8805207,2.4291405295640938,0.009618086867977431,-1.7421125941829985e-06,1.8363306169416616e-07
487684754.86452025,2.4291872982103153,0.009617141562344668,3.427497730079665e-07,7.299628114760398e-07
