Seconds since J2000,RA ECLIPJ2000 [rad],DEC ECLIPJ2000 [rad],O-C RA ECLIPJ2000 [rad],O-C DEC ECLIPJ2000 [rad]
381594026.50803757,0.5602141971782121,-0.026120653510758013,-1.2707174079640282e-07,-8.386644259616993e-08
381594512.07603675,0.5602273382946394,-0.02612008330756216,6.055492229872783e-08,-1.5545285997342617e-07
