Seconds since J2000,RA ECLIPJ2000 [rad],DEC ECLIPJ2000 [rad],O-C RA ECLIPJ2000 [rad],O-C DEC ECLIPJ2000 [rad]
622144454.5487747,-1.7947803905750463,-0.0002748530140207602,-1.9194185396642638e-07,8.058921162546655e-08
622144711.7615737,-1.7947750535003653,-0.0002743390052278924,-2.1503392133581656e-07,2.7103423271750225e-07
622145155.1663747,-1.7947657136168844,-0.0002734395188173839,-1.1952376377522e-07,6.103687279295465e-07
622146174.4271736,-1.794744272358235,-0.0002723488512226581,5.100088196208219e-08,4.022443657834547e-07
622490946.455945,-1.7871171833934456,0.00016143691915206296,4.294661759551843e-08,4.294503154681612e-08
622491221.6399449,-1.7871105108186218,0.00016205779583692266,5.216793026452393e-07,2.6927362509727797e-07
622491735.6335459,-1.7870991674373966,0.00016311324293560273,2.9002651946719027e-07,5.849131789967005e-07
