Seconds since J2000,RA ECLIPJ2000 [rad],DEC ECLIPJ2000 [rad],O-C RA ECLIPJ2000 [rad],O-C DEC ECLIPJ2000 [rad]
370811619.0143556,0.6843973207624869,-0.016753328389139576,5.753730224933307e-06,-1.8209276323559453e-06
370812742.2143555,0.6843699612849418,-0.01675491513929631,4.578067653637774e-06,-2.5555312832860333e-06
370813865.4143555,0.6843429093209984,-0.01675558212521252,3.742724851596435e-06,-2.3638098185160827e-06
370814987.75035554,0.6843172529466398,-0.01675876046276804,4.3113304579733835e-06,-4.6757572122017865e-06
370816110.9503565,0.6842908160456214,-0.01675758794696777,4.143767769582141e-06,-2.6260942923260477e-06
