Seconds since J2000,RA ECLIPJ2000 [rad],DEC ECLIPJ2000 [rad],O-C RA ECLIPJ2000 [rad],O-C DEC ECLIPJ2000 [rad]
97780101.94491279,2.3251319808359927,0.010346107765205321,1.663800865081555e-06,2.2144147111477497e-08
97781096.40891206,2.325099701390691,0.010345092490030301,1.0709224302907216e-06,5.483379585460857e-07
97782089.14491233,2.325068225453228,0.010343810985431278,1.2442963477354851e-06,8.226737047475202e-07
97783078.4249126,2.325036361352809,0.010341402438214612,9.341783040461848e-07,-1.8890651784161938e-08
