Seconds since J2000,RA ECLIPJ2000 [rad],DEC ECLIPJ2000 [rad],O-C RA ECLIPJ2000 [rad],O-C DEC ECLIPJ2000 [rad]
-938760110.967228,-2.5386106949745133,0.021728771378827023,-2.740146944901767e-07,8.947318677083455e-06
-938758037.367166,-2.538658734795216,0.021723438145326974,4.249893205354738e-06,7.569054019013893e-06
