Seconds since J2000,RA ECLIPJ2000 [rad],DEC ECLIPJ2000 [rad],O-C RA ECLIPJ2000 [rad],O-C DEC ECLIPJ2000 [rad]
61643549.04745013,1.783177571619155,-0.0025538180180871258,-4.496358170236192e-07,1.1977805886602064e-06
61644034.61545028,1.7831672440960658,-0.002551352979204271,-1.4129805214757596e-07,2.03886662087727e-06
61645823.95945085,1.7831276666994613,-0.0025457157139635446,-4.978464525073889e-07,1.7198030809605254e-06
130068945.75310715,2.8895371101872005,0.031208005486471593,-6.014174092072722e-08,4.813757707302496e-06
130069513.40110728,2.8895252519006687,0.031208271054993884,-3.6736407649229363e-07,4.015000408783692e-06
130070086.23310842,2.8895132052319,0.031208983391655346,-7.505269556951077e-07,3.65731451812748e-06
