Seconds since J2000,RA ECLIPJ2000 [rad],DEC ECLIPJ2000 [rad],O-C RA ECLIPJ2000 [rad],O-C DEC ECLIPJ2000 [rad]
61845776.8875142,1.7788031768771313,-0.0018757858053057117,-4.01214999445898e-07,1.4226983920575653e-06
61847639.67151479,1.7787614943247092,-0.0018688059536074086,-3.839587885412499e-07,2.079470162488252e-06
61850723.287515774,1.7786925843780497,-0.0018584191266717673,-1.831185343359465e-07,2.131110026410126e-06
