Seconds since J2000,RA ECLIPJ2000 [rad],DEC ECLIPJ2000 [rad],O-C RA ECLIPJ2000 [rad],O-C DEC ECLIPJ2000 [rad]
303330137.1269945,-0.6518708758974862,-0.010896923403209439,5.25979174548219e-06,1.507415256648062e-06
303331169.6069952,-0.6519082908538429,-0.010895276452023048,1.4105199477310038e-06,1.9109459711199456e-06
303332198.63099396,-0.6519397815197426,-0.010891573761098998,3.380407508579708e-06,4.360099097606984e-06
303333227.65499467,-0.651974693531886,-0.010891305452642969,1.932587147202014e-06,3.3616839551775524e-06
303334255.81499344,-0.6520101123741288,-0.010890349313173762,-5.0101264692514746e-08,3.0401390982669196e-06
306174440.67843926,-0.7357241038672165,-0.010638290634834905,5.379426878837634e-06,1.8446503452472507e-06
306175456.74243814,-0.7357532477568806,-0.010642138619464139,1.099790305492121e-07,-1.3925139248048557e-06
306176479.71843904,-0.7357763965140252,-0.010643335107917975,9.89184199440274e-07,-1.9868800009061743e-06
306177499.2384379,-0.7358011730554251,-0.010645025729689657,1.4716219087773652e-07,-3.0891700907708514e-06
