Seconds since J2000,RA ECLIPJ2000 [rad],DEC ECLIPJ2000 [rad],O-C RA ECLIPJ2000 [rad],O-C DEC ECLIPJ2000 [rad]
681105495.8072523,-0.5550411284888548,-0.02698518532594093,-5.470993107437039e-07,1.0033745520346415e-06
681106717.503252,-0.5550677213897202,-0.02698773600354962,-9.692836777652758e-07,9.309902363717482e-07
681107939.1992506,-0.5550928193772564,-0.02699032395702234,1.2184707398610328e-07,7.985724018097495e-07
