Seconds since J2000,RA ECLIPJ2000 [rad],DEC ECLIPJ2000 [rad],O-C RA ECLIPJ2000 [rad],O-C DEC ECLIPJ2000 [rad]
-356186130.60157305,1.1470302508497363,-0.02119038875008138,2.0437723668997876e-07,5.791922234148206e-07
-356184006.4575722,1.1470344749508412,-0.02119514315444193,3.0824223953285212e-06,8.655897092424425e-07
