Seconds since J2000,RA ECLIPJ2000 [rad],DEC ECLIPJ2000 [rad],O-C RA ECLIPJ2000 [rad],O-C DEC ECLIPJ2000 [rad]
-7130027.561647946,0.5388918916924754,-0.03525553475010475,2.5070833575835394e-06,1.93247050865597e-06
-7128628.745646905,0.5388581011010717,-0.03525391241616385,3.6675999903756917e-07,3.0986967190782533e-06
-7127218.697646864,0.538827168377067,-0.03525282820513865,1.3439725266017888e-06,3.7333925956214986e-06
-7052854.217644516,0.5371853105686357,-0.03524071230407095,1.9702743753180485e-06,4.136270468628467e-06
-7050711.497644442,0.5371358813517173,-0.03524001795766911,9.033399286373367e-07,3.887306414943059e-06
-7048480.649645367,0.5370854430305254,-0.03523998395740392,9.286772194583293e-07,2.92172083825315e-06
