Seconds since J2000,RA ECLIPJ2000 [rad],DEC ECLIPJ2000 [rad],O-C RA ECLIPJ2000 [rad],O-C DEC ECLIPJ2000 [rad]
334875476.9670128,0.026438979646035213,-0.031052443014829605,-9.490600321356013e-07,1.281489597954738e-06
334877014.8870124,0.026417277894149976,-0.031056779159348895,-9.517341250653288e-07,9.77327580538312e-07
334878551.943013,0.026395101597541975,-0.031060381303601704,-1.4067201799423945e-06,1.3928108654956417e-06
