Seconds since J2000,RA ECLIPJ2000 [rad],DEC ECLIPJ2000 [rad],O-C RA ECLIPJ2000 [rad],O-C DEC ECLIPJ2000 [rad]
100710912.63351741,2.24522392578798,0.007941765262882611,-1.2313890245252423e-06,2.6056574351680795e-06
100712708.02551664,2.2451889070116615,0.007941804027192136,-5.865982237729384e-07,2.584666402906735e-06
100714544.02551788,2.2451524304926953,0.007941949848647135,-5.767688859847908e-07,2.720864728945893e-06
