Seconds since J2000,RA ECLIPJ2000 [rad],DEC ECLIPJ2000 [rad],O-C RA ECLIPJ2000 [rad],O-C DEC ECLIPJ2000 [rad]
28640436.439015698,1.1636483964253361,-0.011399714651535648,-3.688245973076931e-07,3.3459036790240565e-06
28641898.327016093,1.1636003526863747,-0.011402323734175083,-1.1217619761971775e-06,3.340081341137932e-06
28643367.127016485,1.1635528155479615,-0.011406002239373063,-1.163130341153007e-06,2.310174364790127e-06
