Seconds since J2000,RA ECLIPJ2000 [rad],DEC ECLIPJ2000 [rad],O-C RA ECLIPJ2000 [rad],O-C DEC ECLIPJ2000 [rad]
406829338.3508965,1.254327968010028,-0.018768885370869116,-9.730393475404497e-07,1.1171883996345666e-06
406830808.8788978,1.2542931334321197,-0.018763242779758077,-1.5329883051862225e-06,1.9495560691085156e-06
406832205.9668981,1.2542608596794074,-0.01875892091201187,-1.166488877712979e-06,1.710793587180598e-06
443546126.0004987,1.8075336437910496,-0.003561421570599972,6.237426153354875e-08,3.8243780958041595e-07
443547489.39249814,1.8074918717869477,-0.003562251164331361,-3.6228794897397165e-07,9.491882880059352e-07
443548851.92049956,1.807450197736742,-0.0035640446952235503,-6.676521873139052e-07,5.80665196464776e-07
