Seconds since J2000,RA ECLIPJ2000 [rad],DEC ECLIPJ2000 [rad],O-C RA ECLIPJ2000 [rad],O-C DEC ECLIPJ2000 [rad]
677538355.1683944,-0.5083285543193975,-0.016838904116957636,2.6742850378624894e-08,2.573051423211681e-07
677543597.9203918,-0.5083466003689385,-0.016854347533175048,-2.35223050260025e-07,2.2484057216401454e-07
