Seconds since J2000,RA ECLIPJ2000 [rad],DEC ECLIPJ2000 [rad],O-C RA ECLIPJ2000 [rad],O-C DEC ECLIPJ2000 [rad]
-64923593.79269308,-0.7237998547114424,-0.010151438056653047,-1.1611201873318322e-06,-9.01737853128623e-07
