Seconds since J2000,RA ECLIPJ2000 [rad],DEC ECLIPJ2000 [rad],O-C RA ECLIPJ2000 [rad],O-C DEC ECLIPJ2000 [rad]
-42611123.40927471,-0.06209614351007809,-0.01795166900670195,3.589314338039995e-07,2.7789964244483156e-06
-42608978.96127416,-0.062153585466481684,-0.017948989924432366,3.314124660466766e-07,3.1060924142976842e-06
-42606832.78527561,-0.06221102738189176,-0.017946310928122083,4.1518046287741806e-07,3.407549996243403e-06
