Seconds since J2000,RA ECLIPJ2000 [rad],DEC ECLIPJ2000 [rad],O-C RA ECLIPJ2000 [rad],O-C DEC ECLIPJ2000 [rad]
374753841.06275874,0.5672583081492187,-0.023209398219669112,4.2642534325842973e-07,2.7656488138169677e-07
374754956.48676,0.567224820888553,-0.023211664491398165,-8.401852257255982e-07,-1.99131742373293e-07
374756071.9107592,0.5671930067550458,-0.023213507255854346,-4.5064033293851224e-07,-2.3787961243859623e-07
374757187.3347605,0.5671611925402877,-0.023215349789690507,-8.181667854323393e-08,-2.619084830991769e-07
