Seconds since J2000,RA ECLIPJ2000 [rad],DEC ECLIPJ2000 [rad],O-C RA ECLIPJ2000 [rad],O-C DEC ECLIPJ2000 [rad]
577403242.6256026,-2.2457923655657797,0.013951002397881999,2.262785057105532e-07,1.1343346445827351e-07
577403684.9936026,-2.245802508123551,0.013951280228625868,5.918448260366915e-07,1.585125316075353e-08
577404128.2256026,-2.245813447302539,0.013951845346370985,1.8084447273025717e-07,2.0176903795660062e-07
577404570.5936027,-2.2458237161312757,0.013952591195432119,4.1894573987732997e-07,5.660643655931719e-07
579902740.1931971,-2.3153933882743796,0.01817576301142226,3.8606377472660824e-07,1.3166486761626017e-07
579903662.081198,-2.3154218809453035,0.018178551550293645,-9.229665476340188e-08,9.076861482021359e-07
579904140.7371968,-2.3154365264199246,0.018178818968241695,-1.9740077839003334e-07,1.2483896028037123e-07
579904620.2571967,-2.315450772815698,0.018180213076594648,1.1896500184960246e-07,4.630620351331327e-07
