Seconds since J2000,RA ECLIPJ2000 [rad],DEC ECLIPJ2000 [rad],O-C RA ECLIPJ2000 [rad],O-C DEC ECLIPJ2000 [rad]
129768619.35303168,2.8954189221476683,0.030573151048716257,2.6675059530134604e-06,1.0077558881653459e-06
129770775.89703225,2.8953762295347323,0.030577769017511743,2.333417954858419e-06,1.337043606049887e-06
129772725.94503275,2.895338946788422,0.03058256432736631,3.288031071857489e-06,2.244882739730475e-06
170093922.00907695,-2.9931601856098116,0.02606541381128569,-1.8149072511519648e-07,3.512271595819405e-07
170095629.27307755,-2.9931795662135836,0.026068192809596623,-1.6524608303924992e-07,4.848933562659474e-07
170097425.5290771,-2.993199806063664,0.026071131362945827,-3.7079387560368104e-08,6.308945837037172e-07
