Seconds since J2000,RA ECLIPJ2000 [rad],DEC ECLIPJ2000 [rad],O-C RA ECLIPJ2000 [rad],O-C DEC ECLIPJ2000 [rad]
169226775.32127622,-2.9805610941273075,0.024464938942628002,1.3998629304623478e-06,1.8780174829494123e-06
169228106.74527594,-2.9805857182762847,0.024467072528067145,1.4948550521864945e-06,1.7876820035608865e-06
169229818.3292746,-2.9806178821503613,0.024470202776552003,1.1107824926526177e-06,2.0640297153824705e-06
200164199.7134046,-2.385429956387743,0.029039315476998017,1.053695757757822e-06,1.7517145255545319e-06
200165700.48140332,-2.3854629406483228,0.02903611300473856,1.6455119640212956e-06,1.7938383152643622e-06
200167201.24940407,-2.385496742721097,0.029033162460781595,1.4639058929510895e-06,2.0812315957435823e-06
302303737.9592855,-0.6205720151378075,-0.01227516689880555,-5.857074346637958e-07,1.5823478437936717e-06
302305268.967284,-0.6206167940747908,-0.012272694859499968,-7.448479979466072e-07,1.1955377859119987e-06
302306798.2472836,-0.6206605843149924,-0.012269544544955721,9.028936043264935e-09,1.4766253381617161e-06
