Seconds since J2000,RA ECLIPJ2000 [rad],DEC ECLIPJ2000 [rad],O-C RA ECLIPJ2000 [rad],O-C DEC ECLIPJ2000 [rad]
545946455.8735843,-2.854266226566599,0.031660813810282094,-8.52042094212635e-07,1.1777590427572426e-06
545947525.5055842,-2.8542882811083006,0.0316579769611074,-7.615012003192589e-07,9.092401340796141e-07
545948597.7295841,-2.8543106254561694,0.03165564977061615,-8.89128393133376e-07,1.1611970862218657e-06
