Seconds since J2000,RA ECLIPJ2000 [rad],DEC ECLIPJ2000 [rad],O-C RA ECLIPJ2000 [rad],O-C DEC ECLIPJ2000 [rad]
-2832131807.134343,-2.9709400539639237,0.02411781305186786,-0.0001902314577084674,-3.1835298318322325e-05
-2832125768.6383433,-2.9710325988176245,0.024160463311883745,-0.00014685111533907502,-5.575877632564563e-07
