Seconds since J2000,RA ECLIPJ2000 [rad],DEC ECLIPJ2000 [rad],O-C RA ECLIPJ2000 [rad],O-C DEC ECLIPJ2000 [rad]
100278395.96145605,2.2542804120802633,0.007970208140117641,-3.4900334178189496e-08,2.083612717718522e-06
100280504.12145737,2.2542331570252965,0.007970307402180807,1.1713904148891174e-06,2.7582673871127256e-06
100282620.9214567,2.2541853650704233,0.007969757240144131,2.069311423547049e-06,2.8572629583271947e-06
