Seconds since J2000,RA ECLIPJ2000 [rad],DEC ECLIPJ2000 [rad],O-C RA ECLIPJ2000 [rad],O-C DEC ECLIPJ2000 [rad]
335602725.6388331,0.029628363983190062,-0.018229659845006106,1.0138463999581626e-06,-8.566947923040191e-07
335603873.03083384,0.029600571759319565,-0.01822977117462995,8.044668853360304e-07,1.9004245025225353e-07
335604989.31883353,0.0295743960440652,-0.018231639616657427,1.4575841845547444e-06,-5.45101272911297e-07
335606127.2068323,0.029547078391349728,-0.018232484915582638,1.4771147327369283e-06,-2.265375292145877e-07
