Seconds since J2000,RA ECLIPJ2000 [rad],DEC ECLIPJ2000 [rad],O-C RA ECLIPJ2000 [rad],O-C DEC ECLIPJ2000 [rad]
90636348.63076921,2.4109766769326817,0.015839185646723562,5.174948358721565e-07,2.821799233020117e-06
90637252.3747694,2.4109879858901597,0.01583826687638424,1.3172214190504405e-06,2.544121019971979e-06
90638164.7587706,2.4109995101286756,0.015838947041350103,2.2404614634652376e-06,3.881681337102039e-06
