Seconds since J2000,RA ECLIPJ2000 [rad],DEC ECLIPJ2000 [rad],O-C RA ECLIPJ2000 [rad],O-C DEC ECLIPJ2000 [rad]
204835014.5569475,-2.449111295020717,0.01968620973066904,-1.3871237491969168e-08,9.364168448468269e-07
204835415.36654833,-2.4491131149459027,0.019684737325933985,-6.533824103982511e-07,8.720866218926704e-07
