Seconds since J2000,RA ECLIPJ2000 [rad],DEC ECLIPJ2000 [rad],O-C RA ECLIPJ2000 [rad],O-C DEC ECLIPJ2000 [rad]
235592564.64041203,-1.8641567570733955,0.004248504039927156,-3.844935187569121e-06,-9.025027267765481e-07
235593429.50441277,-1.8641792292694639,0.004254486267182528,-1.3148707918020364e-06,4.273431101903258e-06
235594298.6884115,-1.864199828916646,0.004250930749448472,3.2071797406718616e-06,-1.056083443091993e-07
