Seconds since J2000,RA ECLIPJ2000 [rad],DEC ECLIPJ2000 [rad],O-C RA ECLIPJ2000 [rad],O-C DEC ECLIPJ2000 [rad]
97775532.24891052,2.298448485031393,0.005630110436324542,2.5442351359039606e-06,1.6221675922410347e-06
97776527.57691179,2.2984158308615106,0.005628246712401211,-2.801273448760355e-07,-7.528075289531255e-08
97777514.26491107,2.2983867690677497,0.005628934957562295,2.5480895748941634e-07,7.947303942287473e-07
97778510.45691134,2.298357182644249,0.005626444092598779,5.739535362536685e-07,-1.4954873690988663e-06
