Seconds since J2000,RA ECLIPJ2000 [rad],DEC ECLIPJ2000 [rad],O-C RA ECLIPJ2000 [rad],O-C DEC ECLIPJ2000 [rad]
550492300.2886101,-2.930926796989536,0.02171434175917709,-2.7830824311791957e-08,-5.562403880728095e-07
550494108.6406095,-2.930927465515015,0.02171405888269565,2.4039084856042336e-07,-2.1204970208320295e-06
550496202.1126089,-2.930927262506494,0.02171730346914839,1.4058189088395068e-06,-4.0625994131640586e-07
550498304.2246073,-2.9309286870606304,0.021718806481598043,7.977756752985954e-07,-4.97035143074559e-07
