Seconds since J2000,RA ECLIPJ2000 [rad],DEC ECLIPJ2000 [rad],O-C RA ECLIPJ2000 [rad],O-C DEC ECLIPJ2000 [rad]
99068516.02522886,2.2631859245970105,0.005852251560443455,6.702860408935862e-07,3.3561829077093097e-06
99070356.34522924,2.2631396788669083,0.00585351446810538,-3.1703133007709994e-08,3.6300871529160866e-06
99072190.61722964,2.2630927492597395,0.005852072869055429,-1.4939215842169062e-06,1.2594013554289088e-06
100193920.9534438,2.2396592916082962,0.006697912307555069,1.3874540507607946e-06,4.538896921706288e-06
100206483.51344478,2.239438058683679,0.0067080997882954735,1.3970069638880034e-06,4.15233450348166e-06
100207386.39344494,2.2394221524285496,0.006708835920083618,1.3001169634208054e-06,4.195060525930862e-06
