Seconds since J2000,RA ECLIPJ2000 [rad],DEC ECLIPJ2000 [rad],O-C RA ECLIPJ2000 [rad],O-C DEC ECLIPJ2000 [rad]
-2935731617.3091383,1.7114513027770828,0.005473133520205637,2.3520058373360797e-05,-1.0736681645955731e-05
-2935651517.337911,1.7089025946913963,0.005648745336455018,9.179514668389288e-06,1.7775876649849323e-06
-2935556597.34748,1.705832165127453,0.005819699022432307,-4.2561935045482e-05,-1.5327358193633484e-05
-2869282695.0808516,2.8874038088980227,0.02929969977381142,1.0809510043507942e-05,-4.258533347619581e-06
-2867491167.147577,2.843640697097711,0.03297407553727894,1.5272694714685286e-05,2.6074294863301373e-06
-2867396787.070757,2.8409161545438617,0.03311965272358679,9.147463032821435e-06,9.228571171845945e-06
-2867315601.1379385,2.838564403358273,0.03323135028053247,1.1559009039263657e-05,4.229023592310088e-06
-2865420555.1184297,2.7818923427463043,0.034584443000391756,1.2935169037664451e-05,2.2854354975059e-05
