Seconds since J2000,RA ECLIPJ2000 [rad],DEC ECLIPJ2000 [rad],O-C RA ECLIPJ2000 [rad],O-C DEC ECLIPJ2000 [rad]
232316415.7452977,-1.7730853194625162,0.003230985924439432,5.524613055918337e-07,-5.970406976043251e-07
232317234.81729653,-1.7731015646015311,0.0032320059804318096,3.194587238297686e-06,9.023108720001248e-07
232318049.56929636,-1.7731237808926297,0.00323201978099982,-2.2647554276389315e-07,1.3817083674674997e-06
232318880.73729718,-1.7731404000279154,0.0032296005165331414,2.334343737198097e-06,-5.742534807192008e-07
232319710.17729604,-1.7731618641415836,0.003228706114333926,1.4596796438226534e-08,-1.018227637736551e-06
