Seconds since J2000,RA ECLIPJ2000 [rad],DEC ECLIPJ2000 [rad],O-C RA ECLIPJ2000 [rad],O-C DEC ECLIPJ2000 [rad]
205286613.79200202,-2.449737361521233,0.01815456758591509,9.62104602209024e-07,1.023641804140385e-06
205286755.48800096,-2.4497369028570306,0.0181531873340462,1.5115072979909883e-06,1.2701937774500793e-07
207192189.11939335,-2.4404139502266284,0.012691173850607987,1.8976628841649301e-06,7.976542567150746e-07
207192282.43139333,-2.4404161109613205,0.012690971143595232,-1.1954756415910595e-06,8.02485245410961e-07
207347966.59134674,-2.438761177001177,0.012341971618095679,8.088293728114593e-07,8.448572514779817e-07
207348152.3513457,-2.4387593825219644,0.01234103174970107,6.431824108865669e-07,3.383701483884033e-07
207695224.60724452,-2.434601300736757,0.011617395813807798,3.9563602260983544e-07,-7.827941853923159e-07
207695410.36724445,-2.43459832045315,0.01161735439557517,1.0536939361038833e-06,-4.385200764005226e-07
