Seconds since J2000,RA ECLIPJ2000 [rad],DEC ECLIPJ2000 [rad],O-C RA ECLIPJ2000 [rad],O-C DEC ECLIPJ2000 [rad]
381595115.23443794,0.5709542587905503,-0.013187399602399093,1.9057569389246964e-07,6.613661699666346e-07
381595839.6984371,0.5709691873635234,-0.013188649881805532,2.0700267056028565e-07,-4.361407597922029e-08
