Seconds since J2000,RA ECLIPJ2000 [rad],DEC ECLIPJ2000 [rad],O-C RA ECLIPJ2000 [rad],O-C DEC ECLIPJ2000 [rad]
577211364.641619,-2.2746850833950862,0.02793505463090221,3.938736341524418e-07,1.1982562117297813e-06
577212121.505618,-2.2747028039139834,0.027936166479149385,3.1916322029701405e-08,9.799725454034958e-07
577212871.4576188,-2.274719851092549,0.027937465445948793,1.728025749159201e-07,9.519593151749439e-07
577213632.6416188,-2.2747370282729067,0.027939231400397363,4.2785599996264523e-07,1.3618703697260148e-06
