Seconds since J2000,RA ECLIPJ2000 [rad],DEC ECLIPJ2000 [rad],O-C RA ECLIPJ2000 [rad],O-C DEC ECLIPJ2000 [rad]
203445954.2405857,-2.440834259270616,0.024478986882716,-4.3141689731740485e-07,5.390879009928295e-07
203447759.13658616,-2.440851573838924,0.024472777592040543,-1.2137574545434404e-07,5.622231499941011e-07
203449574.4005856,-2.440869560148487,0.024466347105797433,-3.980916796209044e-07,3.683775516918897e-07
204051308.06439665,-2.4455799086244077,0.022424857356235787,5.241591791715905e-07,4.4445292735409425e-07
204053155.29639703,-2.4455927269535978,0.022418576393650483,5.094444230913098e-07,8.509388112615257e-07
204055029.31239647,-2.4456052407009237,0.0224113748029311,9.447120077332727e-07,3.932777203966009e-07
