Seconds since J2000,RA ECLIPJ2000 [rad],DEC ECLIPJ2000 [rad],O-C RA ECLIPJ2000 [rad],O-C DEC ECLIPJ2000 [rad]
-214345184.6864104,-2.9493784656059487,0.01798754183346689,4.589552513589723e-06,-4.368597293094578e-06
