Seconds since J2000,RA ECLIPJ2000 [rad],DEC ECLIPJ2000 [rad],O-C RA ECLIPJ2000 [rad],O-C DEC ECLIPJ2000 [rad]
169226775.32127622,-2.9898541074833926,0.020487452084273727,1.6747859703514223e-06,1.2719765791861792e-06
169228106.74527594,-2.989875772259824,0.02048819962907489,1.4008847366575594e-06,1.2378966771676991e-06
169229818.3292746,-2.9899030679777385,0.020489173953142443,1.60612756561207e-06,1.21172902369307e-06
197587235.04165852,-2.3357624155527983,0.02820225419776173,2.0633763795352422e-06,3.389989330880583e-07
197588727.1696585,-2.335789691923521,0.028205264844651794,2.4155917586199394e-06,8.013442813689653e-07
197590218.43365848,-2.3358175030830104,0.0282076102737419,2.224876756606875e-06,5.753835763851189e-07
