Seconds since J2000,RA ECLIPJ2000 [rad],DEC ECLIPJ2000 [rad],O-C RA ECLIPJ2000 [rad],O-C DEC ECLIPJ2000 [rad]
167173059.41758725,-2.943933221690102,0.019166485309656946,7.293641625327751e-06,5.877933182654033e-06
167174013.27358615,-2.9439614489684107,0.01916609219929575,6.302505260791236e-06,5.321452620533906e-06
167174951.57758608,-2.9439881501838405,0.01916582003817399,6.39179979433635e-06,4.886413313833632e-06
168553110.20140195,-2.977709008382116,0.019977229149915347,7.064144558643903e-06,7.787213979818658e-06
168553994.0734008,-2.9777270430610034,0.019976906670252533,7.569261013973261e-06,7.0475165522242145e-06
168554896.95340064,-2.9777469855816494,0.019977350864745533,6.556919433187147e-06,7.062241374731354e-06
