Seconds since J2000,RA ECLIPJ2000 [rad],DEC ECLIPJ2000 [rad],O-C RA ECLIPJ2000 [rad],O-C DEC ECLIPJ2000 [rad]
89993331.9986426,2.4014808480265404,0.016044120250706017,8.027407316646418e-08,4.456275912067403e-06
89993771.99864267,2.4014898464585728,0.016040750377850906,1.612769049863516e-06,1.1418031661235284e-06
89994181.99864274,2.401497162476272,0.016041015485557055,1.975048010027791e-06,1.4606963077111457e-06
89994651.99864283,2.4015059708172704,0.01604074204800384,2.8155919538086494e-06,1.2514477765943055e-06
