Seconds since J2000,RA ECLIPJ2000 [rad],DEC ECLIPJ2000 [rad],O-C RA ECLIPJ2000 [rad],O-C DEC ECLIPJ2000 [rad]
-7873040.777649727,0.589459192471442,-0.030773483257092997,-4.49173993555263e-07,1.4102442835242646e-06
-7871974.601649752,0.5894384105827556,-0.030772227989061825,1.0382716412182802e-06,7.567019424878363e-07
-7870907.561649776,0.5894161209068716,-0.030770948153529275,1.0395153656750367e-06,1.3754425058978836e-07
-7869843.977649801,0.589393304151741,-0.030766904984475704,4.411180501984191e-07,2.3004299225005964e-06
