Seconds since J2000,RA ECLIPJ2000 [rad],DEC ECLIPJ2000 [rad],O-C RA ECLIPJ2000 [rad],O-C DEC ECLIPJ2000 [rad]
615417015.7504514,-1.799078863656433,0.0024317343270833184,-1.3911206564465317e-07,1.5547238018699672e-07
615417294.8224503,-1.7990850166094166,0.0024325926511563063,9.253536719100453e-07,7.558499181543714e-07
615417732.5248512,-1.7990985164390583,0.002432730809912489,-1.2559277688950488e-06,4.862981703127219e-07
615418608.2752498,-1.799118837150907,0.002433661655045861,1.0631487519230376e-06,5.89846568122953e-07
623696830.4783102,-1.7789822343960469,0.010915667562644197,1.790445550264863e-06,-4.940008176707728e-07
623697077.7551092,-1.7789754883057805,0.010915782538882354,1.1642736985617574e-06,-4.435253147111462e-07
623697523.1471102,-1.7789639639585808,0.01091535018875248,-5.946783268040434e-07,-9.940440090748515e-07
623698580.0783092,-1.7789323305786817,0.010916711090677473,-5.070356636771578e-07,7.643824627250051e-08
