Seconds since J2000,RA ECLIPJ2000 [rad],DEC ECLIPJ2000 [rad],O-C RA ECLIPJ2000 [rad],O-C DEC ECLIPJ2000 [rad]
122165636.21476017,2.87147403694441,0.010645056116807697,3.828829602259276e-06,-1.71409490131412e-06
122166420.72675933,2.8714932343553854,0.010647831990799585,3.4142815432680607e-06,3.521274671083874e-07
122167205.23875949,2.871512267521943,0.010654743465621308,2.8536918788013566e-06,6.56157694120009e-06
122167988.88676067,2.8715297942775355,0.010648411946009188,8.2576688509306e-07,-4.6374326345341443e-07
