Seconds since J2000,RA ECLIPJ2000 [rad],DEC ECLIPJ2000 [rad],O-C RA ECLIPJ2000 [rad],O-C DEC ECLIPJ2000 [rad]
-284794154.336303,2.306656091443503,0.003900779464404228,1.7173875868081723e-06,-5.084744291476359e-07
-282026866.743399,2.2385724373579694,0.0025466344596622777,1.4872805285115476e-06,6.640615466176752e-07
-281923902.135359,2.2357292729097678,0.0025645647923934053,4.95596079730376e-08,9.235129049120147e-07
-281073057.399108,2.2128073058986315,0.002933750037994431,-1.7613100355973188e-07,2.4286278772264053e-06
-280900564.119069,2.2083521457593727,0.0030454581770495187,2.7347624089735234e-06,4.920015334347778e-07
-252559897.048089,2.862322922759092,0.018711235038529114,1.6741627226757316e-06,-1.909978683770769e-06
-245226379.094352,2.74787062819407,0.028735942026002617,1.620299374227585e-06,2.587031559767028e-06
-245148772.886364,2.7461981344920305,0.028570753317586822,1.911165386392355e-06,3.5441123820978415e-06
-238494371.89537,2.7344838794774486,0.013169669241227136,2.2880118768497937e-06,2.8800602607705755e-06
