Seconds since J2000,RA ECLIPJ2000 [rad],DEC ECLIPJ2000 [rad],O-C RA ECLIPJ2000 [rad],O-C DEC ECLIPJ2000 [rad]
579570098.4652702,-2.3311174388132794,0.03045319818260163,1.039774710775987e-08,9.278348377522727e-07
579571005.66527,-2.331139161497854,0.03045233103566185,-1.0249822679497811e-07,-6.619921306613707e-08
579571956.9292697,-2.3311611596282678,0.030452393468180607,5.383699401839692e-07,-1.514822500978119e-07
579572868.4492686,-2.3311830200790435,0.030451990889067984,3.4911200463838554e-07,-7.099730964660322e-07
580258813.6011137,-2.346423534503444,0.03041546668066366,-4.3630771351388375e-07,5.51515680145831e-07
580259802.0171133,-2.3464441838241354,0.030413307076443744,2.808628236650179e-07,-1.1821412561029143e-06
580260838.8171132,-2.3464656716437107,0.030413932871247447,1.1808112856392938e-06,-1.265774628930738e-07
580261795.265114,-2.3464868799992087,0.03041363001740222,5.999687320290548e-07,-4.881271347886851e-08
