Seconds since J2000,RA ECLIPJ2000 [rad],DEC ECLIPJ2000 [rad],O-C RA ECLIPJ2000 [rad],O-C DEC ECLIPJ2000 [rad]
374602555.09472746,0.5954983189923296,-0.022558167172397663,-3.902144566358956e-07,-3.3758405792311263e-07
374603016.2115265,0.5954869201737231,-0.02255662063730273,-4.4666185505803924e-07,-1.3157346728104313e-07
374701155.81154734,0.5931266610270294,-0.022292722454655856,-3.405696369362943e-08,-2.1363143720698474e-07
374701559.99074847,0.5931167032800896,-0.022291581842048807,-1.1849710768174759e-07,-2.1358396405310454e-07
374773827.0243631,0.5914076943482699,-0.022101276313386393,-4.211606360327025e-07,5.566238571556859e-07
