Seconds since J2000,RA ECLIPJ2000 [rad],DEC ECLIPJ2000 [rad],O-C RA ECLIPJ2000 [rad],O-C DEC ECLIPJ2000 [rad]
373893243.49459237,0.6130848088298191,-0.024422698102131254,8.749696454035671e-07,2.0715406338217557e-06
373894915.33459264,0.6130424622847752,-0.02441651207085466,1.8190133745932258e-06,3.5446434071793875e-06
373896572.48659396,0.6129986381931863,-0.02441237513102754,9.130281819480501e-07,3.03527596115169e-06
