Seconds since J2000,RA ECLIPJ2000 [rad],DEC ECLIPJ2000 [rad],O-C RA ECLIPJ2000 [rad],O-C DEC ECLIPJ2000 [rad]
265759752.59604058,-1.2098149684433674,0.005503600712048491,-2.4132508447127776e-06,5.459193465244885e-07
266534988.17341232,-1.225516837327927,0.006058934129254399,-3.2123011612927854e-06,5.422900856127261e-07
266621130.6149858,-1.2274233560120749,0.006096894165278473,1.318977995046211e-06,-7.315458944211553e-07
270669516.66169196,-1.3213725605668831,0.0008198275114644803,8.451243371787598e-07,1.8896927024313667e-06
273684859.4673633,-1.3468003846832073,-0.008966414997896832,-1.8837393362947097e-06,3.933595035480325e-07
299458937.17619,-0.5712321618199907,-0.024879906202374055,6.730514072739169e-07,-1.4731077843666007e-08
