Seconds since J2000,RA ECLIPJ2000 [rad],DEC ECLIPJ2000 [rad],O-C RA ECLIPJ2000 [rad],O-C DEC ECLIPJ2000 [rad]
408617925.4873946,1.2035476945899102,-0.01965208208428319,5.438871986118698e-07,-3.448630972284483e-07
408618935.5033949,1.2035178139391036,-0.019653844515723776,-1.9400229267496627e-07,-5.060039898786839e-07
408619945.51939523,1.2034893522718404,-0.019655335216813657,4.930542654157932e-07,-3.843653642414402e-07
408620954.67139554,1.203459545488134,-0.01965661782040268,-1.867799388488578e-07,-4.435062267785228e-08
410692409.3600676,1.1581991916821663,-0.020951747054373002,2.962674630069273e-07,-6.201120643957447e-07
410693475.53606796,1.1581826332744714,-0.02095135192673903,-5.46979058935193e-07,-7.010843712275394e-07
410694542.57606936,1.1581688483282917,-0.020950942944523872,1.3768269280234335e-06,-7.539140507960285e-07
410695609.6160697,1.1581522898995886,-0.020950547619099504,5.04912047505357e-07,-8.055746055467272e-07
