Seconds since J2000,RA ECLIPJ2000 [rad],DEC ECLIPJ2000 [rad],O-C RA ECLIPJ2000 [rad],O-C DEC ECLIPJ2000 [rad]
227069309.18555513,-1.7608198809470388,0.012552009661165502,2.537592536766553e-06,-2.038762247953338e-06
227069682.4335552,-1.7608137652181728,0.012551534971210426,1.7726056991129724e-06,-1.5428242852114776e-06
227939082.43363747,-1.7474582242205403,0.01041717996942653,8.779682207915585e-07,-1.986407520311595e-06
227939452.2256365,-1.7474547266302187,0.010415500457722706,4.5682517990641713e-08,-2.7014501422038123e-06
