Seconds since J2000,RA ECLIPJ2000 [rad],DEC ECLIPJ2000 [rad],O-C RA ECLIPJ2000 [rad],O-C DEC ECLIPJ2000 [rad]
508599826.7770769,2.9673345160432816,0.02714621445256571,-5.24869460338806e-07,-3.052594009789189e-07
508601033.7850772,2.9673112921095948,0.027148934409032852,4.8906656502367696e-09,-3.6606153122273333e-07
508602248.1850785,2.9672870206722597,0.027152260923178028,-3.4902165557681997e-07,1.7482508464158886e-07
