Seconds since J2000,RA ECLIPJ2000 [rad],DEC ECLIPJ2000 [rad],O-C RA ECLIPJ2000 [rad],O-C DEC ECLIPJ2000 [rad]
308852154.74875045,-0.7471150803314359,-0.014072042163508172,1.0636414619069612e-06,-2.1685604452426066e-07
308852471.66394943,-0.7471171769434849,-0.014071728766530634,-1.6596731766682637e-09,-5.995471186303475e-07
335401952.0836809,0.034213439922897645,-0.017990219510635102,-2.8452457495609096e-07,9.6320856464438e-09
335402270.29488087,0.03420619970604533,-0.017990464669516707,-2.740542011797631e-07,4.2039612787453384e-08
335480093.7124622,0.03246225929139717,-0.018081534172087438,-1.981982017049133e-07,3.9960276226880254e-08
335480375.2036631,0.03245593559684557,-0.01808185917890147,2.76575792476641e-08,-2.2366265825524145e-08
