Seconds since J2000,RA ECLIPJ2000 [rad],DEC ECLIPJ2000 [rad],O-C RA ECLIPJ2000 [rad],O-C DEC ECLIPJ2000 [rad]
25286255.382410336,1.2209778372355384,-0.016670741256799324,-1.5503585455434177e-06,-2.8041512190914164e-06
25286858.454410385,1.2209646492851154,-0.01667173523758239,-3.3179301242025616e-06,-2.0395562775610276e-06
25287178.134409416,1.220958921298873,-0.016673340154013384,-2.9853074174912564e-06,-2.712501942215423e-06
25287697.398409456,1.2209541482873345,-0.016673125740531092,2.09607579626514e-06,-9.844765430089275e-07
