Seconds since J2000,RA ECLIPJ2000 [rad],DEC ECLIPJ2000 [rad],O-C RA ECLIPJ2000 [rad],O-C DEC ECLIPJ2000 [rad]
98124110.45700444,2.2883080662385886,0.0055985967589490815,-2.318703809844891e-06,7.957813103476319e-07
98126220.34500499,2.2882475963882722,0.005598470533175041,-1.4576497200380345e-06,7.517726991626908e-07
98128319.86500552,2.2881877928223315,0.005598535670602931,-1.7694500220599707e-07,9.717884865232534e-07
