Seconds since J2000,RA ECLIPJ2000 [rad],DEC ECLIPJ2000 [rad],O-C RA ECLIPJ2000 [rad],O-C DEC ECLIPJ2000 [rad]
-211324800.5264295,-3.034139435016059,0.01963288940053648,-5.021914107228298e-06,8.850492230760842e-07
