Seconds since J2000,RA ECLIPJ2000 [rad],DEC ECLIPJ2000 [rad],O-C RA ECLIPJ2000 [rad],O-C DEC ECLIPJ2000 [rad]
28063649.046868,1.1532210553482645,-0.023817748237704866,2.574294682533562e-06,-2.4629474266561757e-06
28064910.486868303,1.1531839365998295,-0.02381571164439548,4.0589418071057537e-07,1.4631687506767854e-06
28066172.79086961,1.1531491030923602,-0.02382047018149636,5.425335836140022e-07,-1.3799009530614248e-06
28067435.094868913,1.1531141786893577,-0.023821767596328727,5.774549269865759e-07,-7.363956905613589e-07
