Seconds since J2000,RA ECLIPJ2000 [rad],DEC ECLIPJ2000 [rad],O-C RA ECLIPJ2000 [rad],O-C DEC ECLIPJ2000 [rad]
129768619.35303168,2.8969022066850774,0.027459029374392006,2.1984131959307263e-06,2.3309514588162883e-06
129770775.89703225,2.8968625415266467,0.02746387138612893,2.458762140555848e-06,2.345374382369675e-06
129772725.94503275,2.896827622445141,0.02746861077817818,3.5795858197573693e-06,2.7079242598121445e-06
170093922.00907695,-3.0004570111079545,0.021220105948372616,4.6875646164679097e-07,-3.304334087253502e-08
170094027.41707695,-3.000458729459673,0.021220424316999578,-2.6722083479313596e-07,2.1523952378407762e-07
170095629.27307755,-3.0004732391247924,0.021221061728624382,1.3931870723737916e-07,-2.1545900395769646e-07
170095732.9530765,-3.000474480502718,0.02122211207139227,-1.3757010641768375e-07,7.654937028978015e-07
170097425.5290771,-3.0004896582475844,0.021222463072636026,4.088919283162795e-07,-2.263507121319508e-08
170097529.20907608,-3.000491376600681,0.021222781437936173,-3.477088612591217e-07,2.2549897878490488e-07
