Seconds since J2000,RA ECLIPJ2000 [rad],DEC ECLIPJ2000 [rad],O-C RA ECLIPJ2000 [rad],O-C DEC ECLIPJ2000 [rad]
440374931.5034668,1.8807568412014317,0.0013969732638076506,-2.2712772329569475e-08,-6.961612471364197e-08
440375938.9274661,1.8807370958644165,0.001399544472375303,-1.0426620078440862e-07,-1.2672535291101406e-07
440386311.2474703,1.8805339968247663,0.0014253987019980118,-1.9836484388413567e-07,-2.3282945890495607e-07
440387337.67946965,1.8805139124015344,0.0014279757058664898,-2.2278910316586575e-07,-1.266497092879213e-07
683336370.4178853,-0.5744614733817383,-0.026243196182845024,-3.363027167857524e-08,3.0129353074948018e-09
683337452.5778852,-0.5744890079468522,-0.026241167045881655,-4.404975162408675e-09,3.385955681112218e-08
683338512.7058849,-0.5745162276152077,-0.026239305025013572,-2.5254115509909525e-07,-6.432809083328772e-08
683339573.8706846,-0.5745431486476394,-0.02623744926270715,-2.1000891925471166e-07,-1.7137033552633296e-07
