Seconds since J2000,RA ECLIPJ2000 [rad],DEC ECLIPJ2000 [rad],O-C RA ECLIPJ2000 [rad],O-C DEC ECLIPJ2000 [rad]
547294885.9854021,-2.890114262593134,0.019545345198997005,1.2583155841738858e-06,2.0751480370173603e-07
547295857.9854019,-2.8901395945189186,0.01954576938775524,6.10030692627106e-08,5.711053963387835e-07
547296830.8494028,-2.890164070408933,0.019546026555021266,-2.639048406472e-07,7.637995495177186e-07
