Seconds since J2000,RA ECLIPJ2000 [rad],DEC ECLIPJ2000 [rad],O-C RA ECLIPJ2000 [rad],O-C DEC ECLIPJ2000 [rad]
403487045.9343827,1.3373119305344698,-0.006995567469830203,-1.6585845237226948e-06,6.818762515814827e-07
406829338.3508965,1.2589633708168024,-0.01521806812463416,-2.5187514627322827e-06,1.7605995234534072e-06
406830808.8788978,1.2589170522627626,-0.015222214728633698,-1.5385160243575058e-06,1.6892632913826505e-06
406832205.9668981,1.2588722033877853,-0.01522557674440024,-1.370140330303471e-06,2.2097911552138028e-06
443546126.0004987,1.8106883251595693,0.009086480743478573,-1.5872521963444797e-07,-1.0083569216747662e-06
443547489.39249814,1.8106576675291433,0.009090621708887867,-9.369048077356723e-07,2.5126083337025096e-07
443548851.92049956,1.810627824277191,0.00909338505476551,-8.727939544428409e-07,1.659389071463624e-07
