Seconds since J2000,RA ECLIPJ2000 [rad],DEC ECLIPJ2000 [rad],O-C RA ECLIPJ2000 [rad],O-C DEC ECLIPJ2000 [rad]
195600833.37756133,-2.3095567640153414,0.02382024447218652,-1.214872404009526e-06,-1.720722686487236e-06
195603262.9455626,-2.3095726426551884,0.023827253480652802,2.5572733819423377e-06,-9.314786868219738e-08
195606051.9375629,-2.3095980686950233,0.0238320009289842,-2.160764127623338e-07,-1.59051162783308e-06
195608408.0655622,-2.309616906738526,0.023839161835410752,1.190731446776283e-07,2.263690661169493e-07
