Seconds since J2000,RA ECLIPJ2000 [rad],DEC ECLIPJ2000 [rad],O-C RA ECLIPJ2000 [rad],O-C DEC ECLIPJ2000 [rad]
201053977.15322584,-2.406483403262647,0.030108957832625922,1.485590015448679e-06,4.826478343829266e-07
201054102.4332258,-2.406484601988383,0.030108066803868034,2.7103147197671262e-06,-2.391744200296031e-07
260510243.4256723,-1.2104700633582919,-0.0018492228609342976,6.470299436456273e-06,-1.8095501934769012e-07
260510495.7136713,-1.2104672498874598,-0.001848672350611365,4.5340552146111435e-06,8.468521428941014e-08
