Seconds since J2000,RA ECLIPJ2000 [rad],DEC ECLIPJ2000 [rad],O-C RA ECLIPJ2000 [rad],O-C DEC ECLIPJ2000 [rad]
63745873.59213149,1.7518361153737667,0.006164373227201725,8.921210810086677e-07,-1.3819984087445197e-06
63747161.81613191,1.7518057158616116,0.006167829666382161,2.7106745992266923e-06,-5.17932566970053e-07
63748450.04013334,1.7517725790088472,0.006172044907934875,1.7730232058088546e-06,1.13282183355351e-06
63749738.26413377,1.7517356386369625,0.006173531597541492,-2.9935921634915985e-06,8.167525363759337e-08
63751028.21613419,1.751705904943472,0.006177041389464118,-5.422460565007725e-07,1.0754645475806457e-06
