Seconds since J2000,RA ECLIPJ2000 [rad],DEC ECLIPJ2000 [rad],O-C RA ECLIPJ2000 [rad],O-C DEC ECLIPJ2000 [rad]
-216262229.61469734,-2.901366768677396,0.018176413558054886,1.3351748218148884e-06,-1.3747528171369205e-06
-216259495.9186977,-2.901424419931902,0.018173218136119437,-3.5416117150077753e-07,-2.9968484211474744e-06
-216258802.99069658,-2.9014375582297602,0.0181745326761313,6.827277752030625e-07,-1.2950885382272126e-06
