Seconds since J2000,RA ECLIPJ2000 [rad],DEC ECLIPJ2000 [rad],O-C RA ECLIPJ2000 [rad],O-C DEC ECLIPJ2000 [rad]
300663246.47179466,-0.5818009495048178,-0.026283878128751357,2.2716728054206214e-08,2.591331684474729e-07
300664772.2957941,-0.5818226695249503,-0.026283701675275373,-4.802673765347265e-07,1.2190701107576973e-06
300666853.6717935,-0.5818515197460581,-0.026284538652800706,-3.7402158203914126e-07,1.408744471818879e-06
