Seconds since J2000,RA ECLIPJ2000 [rad],DEC ECLIPJ2000 [rad],O-C RA ECLIPJ2000 [rad],O-C DEC ECLIPJ2000 [rad]
337464705.25448817,-0.02140159049066273,-0.021810097100459103,-2.6845841942860216e-07,-1.943346071165558e-06
337465282.40648806,-0.021418967169476374,-0.021809961683306782,-2.1081078768747652e-07,-5.129220093588738e-07
337465863.01448804,-0.02143406139512841,-0.021811872675789955,2.23227991755226e-06,-1.120828749444358e-06
337466440.166488,-0.02145134977584879,-0.021813360847621133,2.3748025878150836e-06,-1.3130763879994067e-06
