Seconds since J2000,RA ECLIPJ2000 [rad],DEC ECLIPJ2000 [rad],O-C RA ECLIPJ2000 [rad],O-C DEC ECLIPJ2000 [rad]
-247891479.54271847,2.808834438997197,0.03032941713267482,-1.1957995202926952e-06,4.6388360461016576e-06
-247889598.6147191,2.8087921011890065,0.0303303440398647,-1.7818853117468336e-06,4.048321032092822e-06
-247887506.00671867,2.808747437204603,0.03033503253697434,-6.381073447414565e-08,7.048827216474957e-06
-246943007.99054274,2.7873687618885166,0.03077019286299418,-3.5383431145064037e-06,-2.6706403071473372e-06
-246940979.3185434,2.7873203157789086,0.030769256281558115,-3.7372497057042153e-06,-2.8519759006813417e-06
-246939028.4065421,2.787274709784597,0.03076895648051661,-3.026281467644054e-06,-2.428250897332923e-06
-6752221.097632606,0.5634827112450383,-0.028678335315931756,1.9893889371402906e-06,-1.289922875711419e-06
-6751781.321631583,0.5634716405849372,-0.028677400250571618,2.461273905129957e-06,-1.386989441722053e-06
-6751421.897632565,0.563461913209139,-0.028676954264465218,2.167489542515e-06,-1.7830801829071818e-06
