Seconds since J2000,RA ECLIPJ2000 [rad],DEC ECLIPJ2000 [rad],O-C RA ECLIPJ2000 [rad],O-C DEC ECLIPJ2000 [rad]
56756927.4784183,1.8279212889878549,-0.009348428119416828,-1.86079156749841e-07,1.1279075439202951e-06
56760667.73441861,1.827961372705762,-0.00934305022538831,-1.0183900678306657e-07,1.3384127034166138e-06
56763995.86241988,1.8279968204912138,-0.00933866866175805,2.2393672471920922e-08,1.2921114233930414e-06
