Seconds since J2000,RA ECLIPJ2000 [rad],DEC ECLIPJ2000 [rad],O-C RA ECLIPJ2000 [rad],O-C DEC ECLIPJ2000 [rad]
64857472.66449426,1.725513776529207,0.008153143753000353,4.750004360953852e-07,1.2351096708666104e-06
64858766.07249466,1.7254829001239385,0.008155446962819751,-6.033372150771044e-07,1.6121660834922391e-06
64861363.25649648,1.725424569220457,0.008158826180403369,9.545052168657975e-07,1.215544606138555e-06
64862657.52849689,1.7253923308899353,0.008161525218441556,-1.425722031545007e-06,2.0793912152809735e-06
97522038.10483879,2.306001857409869,0.0056972314918855614,-3.308898133269622e-07,1.7059380342287003e-06
97523379.03283918,2.305961183864956,0.005695481515954647,3.7974006161789475e-08,5.262538578009249e-07
97524726.87283956,2.3059201036197923,0.005695128466591658,2.3014369610052654e-07,7.747005142492991e-07
97526064.34484094,2.3058788879109553,0.005695241424732346,-1.9576861909342824e-08,1.511197773497279e-06
97527408.72884133,2.305837277526689,0.005694229998662464,-4.4856373460078203e-07,1.1516919907021694e-06
