Seconds since J2000,RA ECLIPJ2000 [rad],DEC ECLIPJ2000 [rad],O-C RA ECLIPJ2000 [rad],O-C DEC ECLIPJ2000 [rad]
30301148.119501982,1.098006453892715,-0.025115431293127478,-1.1418002181518006e-06,2.514829494381504e-06
30303181.111501623,1.097967331305466,-0.025115191301080118,2.395389919529478e-06,1.6625026015536226e-06
