Seconds since J2000,RA ECLIPJ2000 [rad],DEC ECLIPJ2000 [rad],O-C RA ECLIPJ2000 [rad],O-C DEC ECLIPJ2000 [rad]
28839127.063070744,1.1325037616959286,-0.024778000381055352,9.463525230124503e-08,8.791089390024209e-07
28840607.959070154,1.132464056069847,-0.024778156780231618,-7.743940400040117e-08,1.8720794141904862e-06
28842089.719071563,1.1324235026769842,-0.024779143685255724,-1.0794146434456309e-06,2.067343500909702e-06
28843579.255070973,1.1323856439664979,-0.024780621137625275,8.048867823351458e-07,1.8121686756467081e-06
