Seconds since J2000,RA ECLIPJ2000 [rad],DEC ECLIPJ2000 [rad],O-C RA ECLIPJ2000 [rad],O-C DEC ECLIPJ2000 [rad]
-40380160.49761145,-0.14255867864873703,-0.03047143256187397,-1.3292287487365329e-07,6.269218726095982e-08
