Seconds since J2000,RA ECLIPJ2000 [rad],DEC ECLIPJ2000 [rad],O-C RA ECLIPJ2000 [rad],O-C DEC ECLIPJ2000 [rad]
268166434.27208972,-1.2650231429435805,0.005836165617392755,1.7380518917420318e-06,4.797549663119668e-07
268167345.79209045,-1.2650488711409948,0.005837070727624258,-3.645270849617077e-07,2.128895767636828e-06
268168256.44808912,-1.2650726124837217,0.005832338973506299,-4.965165618653344e-07,-1.8733636459010439e-06
268169194.75208884,-1.26510003415287,0.005835908523848201,-3.588223299377802e-06,2.433527796621114e-06
