Seconds since J2000,RA ECLIPJ2000 [rad],DEC ECLIPJ2000 [rad],O-C RA ECLIPJ2000 [rad],O-C DEC ECLIPJ2000 [rad]
30120475.351444505,1.1017746455916333,-0.025170344604248333,-3.2530487126258834e-06,3.5901691144944736e-06
30121435.255444802,1.1017531136423895,-0.02516962260779081,-3.774668578593321e-06,3.8512847183140575e-06
30122708.7914452,1.10172600714359,-0.025168806152310024,-2.9749468992701367e-06,4.069801460133277e-06
30125493.46344706,1.1016647796441288,-0.025167292346382514,-3.091273948596651e-06,4.340875785130427e-06
30126445.591447353,1.101643736399384,-0.02516765207905172,-3.2208115747778265e-06,3.579754887048786e-06
30127393.399447646,1.1016234592818808,-0.025167666514143868,-2.674707394012543e-06,3.178996524636629e-06
30209248.759472128,1.0999008905874053,-0.025144821180148,-3.7235463452578443e-06,3.609944951125932e-06
30210196.567472424,1.099882817955557,-0.025144264105981376,-1.417971262629436e-06,3.671712494032753e-06
