Seconds since J2000,RA ECLIPJ2000 [rad],DEC ECLIPJ2000 [rad],O-C RA ECLIPJ2000 [rad],O-C DEC ECLIPJ2000 [rad]
104953821.36947456,2.245341006457673,0.013473818250125742,-9.619205716404622e-07,1.0418121634443722e-06
104956825.49747314,2.2453948201771086,0.0134779056739414,-1.503226671140112e-06,1.0501611329826605e-06
