Seconds since J2000,RA ECLIPJ2000 [rad],DEC ECLIPJ2000 [rad],O-C RA ECLIPJ2000 [rad],O-C DEC ECLIPJ2000 [rad]
-2452057410.180814,-2.925428648469713,0.021675521510964007,-3.0022817258945622e-06,-1.163415520217398e-06
-2452055083.256014,-2.9254851710141585,0.021667372130941134,-5.403005256532367e-06,-6.05892589492299e-06
-2451881998.2224326,-2.9293347390232656,0.021472468166549352,7.62762524475491e-06,-3.246390534727972e-06
-2451800356.1840415,-2.9310972294484516,0.021395213022007552,6.354338702774243e-06,4.159895600784613e-06
-2451188895.1761193,-2.9429475847308435,0.02093917974910141,6.23341147867329e-05,1.9718565562366203e-05
-2451186312.24812,-2.9429874996997705,0.020921718400747934,6.849202514969122e-05,3.936307654904547e-06
