Seconds since J2000,RA ECLIPJ2000 [rad],DEC ECLIPJ2000 [rad],O-C RA ECLIPJ2000 [rad],O-C DEC ECLIPJ2000 [rad]
62542842.58373781,1.7808692609342638,0.0033638411892489895,-3.714407763144578e-06,4.626533974433442e-06
62543723.863739096,1.7808475471976004,0.0033662565279413787,-4.346963844881202e-06,4.763346487755664e-06
62544638.8397394,1.7808264997810026,0.0033687323767681195,-3.488239406657101e-06,4.889584565421351e-06
97446749.14481798,2.308273028130963,0.005727450575143342,2.65321377135308e-06,2.0734951976493846e-06
97447655.48081826,2.308246619675813,0.005726303528593612,4.133930503691374e-06,1.342415258853008e-06
97448571.32081853,2.3082157940009616,0.0057279071808494925,1.5038101497388823e-06,3.381715994690837e-06
97967587.35296299,2.2928157610933946,0.005607340470856125,1.663426725695416e-06,3.0030584619354997e-06
97968510.10496423,2.29278711476101,0.005606683300745476,4.028379581022534e-07,2.5463881702563265e-06
97969418.16896348,2.292761932222272,0.0056065162414018115,2.171373397530374e-06,2.58991059239478e-06
