Seconds since J2000,RA ECLIPJ2000 [rad],DEC ECLIPJ2000 [rad],O-C RA ECLIPJ2000 [rad],O-C DEC ECLIPJ2000 [rad]
303672153.2549084,-0.6477223278882317,-0.02510669215070689,5.01203824776475e-06,-4.907366758136189e-06
303674257.0949068,-0.6477907428468708,-0.02509828305054802,-4.512409122359173e-06,2.3621874938387077e-07
