Seconds since J2000,RA ECLIPJ2000 [rad],DEC ECLIPJ2000 [rad],O-C RA ECLIPJ2000 [rad],O-C DEC ECLIPJ2000 [rad]
96914122.52065788,2.3244734094488706,0.006020594879015804,3.2313113051962716e-06,3.142135979915077e-06
96915669.94465937,2.324424671850441,0.006018752161743856,2.3143218741417115e-06,2.3813483349668582e-06
96923191.06466065,2.3241963027153045,0.006014101404937779,7.145133175789908e-06,3.5498341970710556e-06
96924739.35266213,2.3241439846287197,0.006009681435311591,2.9248237969348168e-06,4.3536319542080565e-07
97177192.3767374,2.316447785459766,0.0058531703865850925,9.026331881933913e-07,3.117176596544209e-06
97178732.02473786,2.3164000135406413,0.00585071748713366,8.07980760964e-07,1.6114059536043862e-06
97180273.40073833,2.3163544945084826,0.005850445391080965,3.0548779497152623e-06,2.3252066715757566e-06
97181835.51273978,2.3163039027697816,0.005850195504603251,8.967356412981076e-07,3.111249215538049e-06
