Seconds since J2000,RA ECLIPJ2000 [rad],DEC ECLIPJ2000 [rad],O-C RA ECLIPJ2000 [rad],O-C DEC ECLIPJ2000 [rad]
-7787443.433651438,0.5877032193296859,-0.030637441128832914,2.6074206971316016e-07,4.297776074087267e-07
