Seconds since J2000,RA ECLIPJ2000 [rad],DEC ECLIPJ2000 [rad],O-C RA ECLIPJ2000 [rad],O-C DEC ECLIPJ2000 [rad]
301437802.4267487,-0.5942085599171119,-0.026614534195121928,3.2208818978585185e-07,-3.788745687044459e-07
301438106.2955476,-0.5942144236835827,-0.026614373109755243,2.880722480558262e-07,-2.2704733849965297e-07
301438416.6443475,-0.5942201545617176,-0.026614466301590083,5.126047615267026e-07,-3.311238731470989e-07
301526368.99312127,-0.595882509016103,-0.026622721090501855,3.897958342768959e-07,-1.9759774967306742e-07
301526644.09072113,-0.5958875271644242,-0.026622712881895265,8.04419384103916e-07,-2.2503799051304396e-07
301526919.1019211,-0.59589335762655,-0.026622256649918605,4.055130385927086e-07,1.9459304497967955e-07
