Seconds since J2000,RA ECLIPJ2000 [rad],DEC ECLIPJ2000 [rad],O-C RA ECLIPJ2000 [rad],O-C DEC ECLIPJ2000 [rad]
509926673.3053671,2.9394753713905564,0.03018326060712047,-1.2420246884303765e-06,1.2903422264703979e-06
509928287.25736845,2.9394389620460535,0.03018567315767532,-1.0306082631750257e-06,8.12499564774305e-07
509929902.0733687,2.9394023626502728,0.03018853184171015,-1.051824298325954e-06,7.632020253972582e-07
