Seconds since J2000,RA ECLIPJ2000 [rad],DEC ECLIPJ2000 [rad],O-C RA ECLIPJ2000 [rad],O-C DEC ECLIPJ2000 [rad]
-213306885.64634696,-2.9800108954902877,0.018317845611714335,-3.5403519031973474e-06,-2.2890540369961687e-06
