Seconds since J2000,RA ECLIPJ2000 [rad],DEC ECLIPJ2000 [rad],O-C RA ECLIPJ2000 [rad],O-C DEC ECLIPJ2000 [rad]
168629246.74538893,-2.9792495571823085,0.020022944790145672,-7.808463782232877e-07,-9.23997642704455e-08
168629992.3773888,-2.9792645386118695,0.020022870641751695,-5.518491961176153e-07,-5.477538241697999e-07
168630737.14538866,-2.979279710596755,0.020023242290417343,-5.377624474611764e-07,-5.593685428843809e-07
168631484.50538853,-2.9792954542431254,0.020024951360252185,-1.0504034850811195e-06,7.621114521787209e-07
