Seconds since J2000,RA ECLIPJ2000 [rad],DEC ECLIPJ2000 [rad],O-C RA ECLIPJ2000 [rad],O-C DEC ECLIPJ2000 [rad]
63414488.12002204,1.7599361744901336,0.005453371973643459,3.8177282268847534e-07,6.697273097963467e-06
63415397.912022345,1.7599139312892091,0.00545495972691752,9.654181851725951e-07,6.350096120223345e-06
63416315.48002364,1.7598910224736095,0.005456493316887057,1.0658296993870664e-06,5.947406094087247e-06
