Seconds since J2000,RA ECLIPJ2000 [rad],DEC ECLIPJ2000 [rad],O-C RA ECLIPJ2000 [rad],O-C DEC ECLIPJ2000 [rad]
62018135.383568324,1.7927442710418202,0.0020166574144769947,4.166389857562791e-07,-1.5464007595755377e-07
137866499.09722885,2.7851303502120155,0.022661781015319696,-5.733684509401371e-07,4.77072453444749e-07
137866909.49722877,2.785131523062135,0.02266042666378456,-5.46299372850001e-07,4.609199447877521e-07
137867314.7132287,2.7851325927965522,0.022659134987712267,-6.110475618825717e-07,4.906132772784788e-07
137954268.53721005,2.7854356251738315,0.022393455890454664,-7.532647061658793e-07,1.8701672935966807e-08
137954674.61721095,2.785437112242236,0.02239228202864792,-6.209579366256435e-07,1.6290811606992084e-07
137955394.3292108,2.7854394445416215,0.02238998676078677,-6.9907942190639e-07,2.0311578722079227e-07
