Seconds since J2000,RA ECLIPJ2000 [rad],DEC ECLIPJ2000 [rad],O-C RA ECLIPJ2000 [rad],O-C DEC ECLIPJ2000 [rad]
97177911.22473761,2.3164236350239147,0.0058516131998669636,-1.0011550357624799e-06,1.4648116186972288e-06
97180033.20873925,2.316358901428689,0.005850227682253626,4.942031184285156e-08,1.42436694661012e-06
97182575.09674,2.3162804185038537,0.00584883564246637,4.340383581435958e-07,1.7371923748000367e-06
