Seconds since J2000,RA ECLIPJ2000 [rad],DEC ECLIPJ2000 [rad],O-C RA ECLIPJ2000 [rad],O-C DEC ECLIPJ2000 [rad]
100710708.7295164,2.2318022065046184,0.007241345257523794,8.944633025365079e-07,9.367475387080104e-07
100712493.75351663,2.2317774526710332,0.007243270619236495,6.911524672581493e-07,9.223502639744974e-07
100714344.44151685,2.2317525739287443,0.007245664616243515,1.28142819155741e-06,1.3577567505602267e-06
