Seconds since J2000,RA ECLIPJ2000 [rad],DEC ECLIPJ2000 [rad],O-C RA ECLIPJ2000 [rad],O-C DEC ECLIPJ2000 [rad]
444018249.29664433,1.8008932808953626,0.009973221798301658,2.426319638093588e-06,-4.031436527794641e-06
444019451.9846457,1.8008686437955432,0.009978083447056847,2.4887971556974975e-06,-1.237821972048872e-06
