Seconds since J2000,RA ECLIPJ2000 [rad],DEC ECLIPJ2000 [rad],O-C RA ECLIPJ2000 [rad],O-C DEC ECLIPJ2000 [rad]
99266348.69727175,2.258469566184896,0.0059574746816163275,8.72059576995099e-07,-1.072051971094494e-06
99267283.54527095,2.2584467114898796,0.005957207609670586,2.9107103216574615e-07,-1.687901394624089e-06
99268200.24927214,2.2584249308485327,0.005958242661564644,3.3147060873872647e-07,-9.868992559784046e-07
99781748.88937189,2.2473095115166486,0.006327101907323289,3.078181638471733e-07,2.518784218157391e-06
99782685.46537307,2.2472869633268338,0.006328504896336758,-2.9414152420415007e-06,3.34642383416784e-06
99783607.35337223,2.247269966461032,0.006327901026557891,-9.592584926387815e-07,2.1857832398488805e-06
