Seconds since J2000,RA ECLIPJ2000 [rad],DEC ECLIPJ2000 [rad],O-C RA ECLIPJ2000 [rad],O-C DEC ECLIPJ2000 [rad]
374754361.1907589,0.5918626106249087,-0.022152985638449297,6.398083027825407e-07,-1.488175809701009e-07
374755478.34276015,0.5918349959959018,-0.02214979681697042,5.6190717412363256e-08,-9.830926654685879e-08
374756592.03876036,0.591808215585444,-0.02214639144264173,2.0844936265973502e-07,1.9229800142517295e-07
374757708.3267596,0.5917811082749772,-0.02214389878801088,7.817337033255711e-08,-4.222244413612519e-07
