Seconds since J2000,RA ECLIPJ2000 [rad],DEC ECLIPJ2000 [rad],O-C RA ECLIPJ2000 [rad],O-C DEC ECLIPJ2000 [rad]
99605389.2093397,2.2509397179455135,0.006187657237227331,-1.6940891320871287e-06,1.3703148734819925e-07
99606694.71333894,2.2509115786044576,0.006188512712067763,-1.3860532344089904e-06,2.2057884517881488e-07
99608192.02533923,2.2508791888646793,0.00618921233039398,-1.1666772801177672e-06,6.56394405955732e-08
