Seconds since J2000,RA ECLIPJ2000 [rad],DEC ECLIPJ2000 [rad],O-C RA ECLIPJ2000 [rad],O-C DEC ECLIPJ2000 [rad]
301956911.07938856,-0.604677395202573,-0.02657663304580699,-1.935582480960818e-07,3.7190721403033977e-06
301957642.88738936,-0.6046941088058713,-0.02657732913551799,-6.361657299835954e-07,2.6721070640958744e-06
301958376.42338914,-0.6047106584532952,-0.026577569014577,-8.767685860666674e-07,2.0746051362097173e-06
301963417.8633866,-0.6048213808843677,-0.026577483795287286,3.805347934537906e-07,-4.1857035997655556e-07
301963504.26338756,-0.604824367243527,-0.02657538145122125,-6.896826377777998e-07,1.638324506544886e-06
301963589.7993876,-0.604826847517251,-0.026576036433856073,-1.2731111932451356e-06,9.383228059128834e-07
301963675.3353865,-0.604829491708099,-0.026577147700891254,-2.0205930535421857e-06,-2.1798665439040632e-07
