Seconds since J2000,RA ECLIPJ2000 [rad],DEC ECLIPJ2000 [rad],O-C RA ECLIPJ2000 [rad],O-C DEC ECLIPJ2000 [rad]
97963479.89696188,2.291382740207798,0.005718321210094346,-0.0015530501230958116,0.00011312939504308766
97965199.25696234,2.291336111042179,0.0057200874508138,-0.0015486996457236835,0.00011516453634700767
