Seconds since J2000,RA ECLIPJ2000 [rad],DEC ECLIPJ2000 [rad],O-C RA ECLIPJ2000 [rad],O-C DEC ECLIPJ2000 [rad]
-214209840.81439826,-2.953302828145177,0.018023951971890946,7.307081140162097e-07,-4.475032381594246e-06
-214122150.86239195,-2.9558605259914974,0.018047658509021132,1.2222906380365828e-06,-5.811851325684958e-07
-213779491.05436796,-2.965959597137276,0.01814547756265262,2.5819878355370918e-06,-1.384015131160321e-06
