Seconds since J2000,RA ECLIPJ2000 [rad],DEC ECLIPJ2000 [rad],O-C RA ECLIPJ2000 [rad],O-C DEC ECLIPJ2000 [rad]
100449798.8734815,2.235520027852935,0.006956441147740514,1.5662104466684923e-06,2.6599157254480685e-06
100451407.64148273,2.2354947223092676,0.006957688503286726,1.55992137651495e-06,2.2557163788143944e-06
100452764.12148292,2.2354716647789084,0.006958534785000747,-1.4725846275709387e-07,1.7424163203383358e-06
