Seconds since J2000,RA ECLIPJ2000 [rad],DEC ECLIPJ2000 [rad],O-C RA ECLIPJ2000 [rad],O-C DEC ECLIPJ2000 [rad]
577403120.8016027,-2.2790417426983156,0.028267915737956867,3.518677549330107e-07,6.736656113226491e-07
577403563.1696036,-2.2790526274947194,0.02826789462577632,-1.1019325407701785e-07,-4.6449147486637976e-08
577404450.4976026,-2.2790734419944796,0.028269629382642627,-2.2125923315741147e-08,2.780034223624772e-07
