Seconds since J2000,RA ECLIPJ2000 [rad],DEC ECLIPJ2000 [rad],O-C RA ECLIPJ2000 [rad],O-C DEC ECLIPJ2000 [rad]
30211594.519473862,1.0998516227006276,-0.025150041181105344,-3.7457043258193323e-06,6.245002966628888e-07
30213228.343473375,1.099822770852879,-0.025147383657594603,2.3439939627056816e-06,2.452518242056917e-06
30216954.775475536,1.0997383775579415,-0.025146251724343725,-2.250613866605633e-06,1.799968879258318e-06
