Seconds since J2000,RA ECLIPJ2000 [rad],DEC ECLIPJ2000 [rad],O-C RA ECLIPJ2000 [rad],O-C DEC ECLIPJ2000 [rad]
-356184006.4575722,1.1443436708500183,-0.01660609802791213,-6.713181588402506e-08,-6.826838732099105e-07
