Seconds since J2000,RA ECLIPJ2000 [rad],DEC ECLIPJ2000 [rad],O-C RA ECLIPJ2000 [rad],O-C DEC ECLIPJ2000 [rad]
125543485.68771508,2.9264395013856643,0.016321080349575145,8.865879244090991e-07,1.2624148119193268e-06
125546180.50371598,2.9264543472384226,0.016326851298970557,4.3407450966981287e-07,1.2351756871302466e-06
125549262.39171802,2.9264720472729513,0.016333306376996634,8.145682732774162e-07,1.1434812166449815e-06
