Seconds since J2000,RA ECLIPJ2000 [rad],DEC ECLIPJ2000 [rad],O-C RA ECLIPJ2000 [rad],O-C DEC ECLIPJ2000 [rad]
-1009930944.0120906,2.7363503526631794,0.024640600931825397,3.764668456973652e-06,-8.866037442094299e-07
-1009925725.4519311,2.736324755175622,0.0246507634354045,9.246893184489124e-07,-1.5053385214007509e-06
-1007775445.3867239,2.7075052516129103,0.027280716527281416,-2.0055932865581383e-06,3.2721990022438474e-07
-1002609140.050727,2.564456640045487,0.018974370782064837,5.164330329154865e-06,1.1360588227544988e-06
-971843723.4478171,-3.1185869254776737,0.018814692503241887,2.8580264950228695e-06,-6.472380230382324e-07
