Seconds since J2000,RA ECLIPJ2000 [rad],DEC ECLIPJ2000 [rad],O-C RA ECLIPJ2000 [rad],O-C DEC ECLIPJ2000 [rad]
374807546.43877053,0.5906110906403689,-0.022010772797915478,6.44979498920506e-07,-2.7646205057879625e-08
374809162.98277086,0.5905717619545031,-0.022006469730493503,3.028611891275901e-07,-4.2409404779966686e-07
374810543.6547712,0.5905369484979612,-0.02200223878251007,-1.1913519235573489e-06,-1.964329572404222e-07
