Seconds since J2000,RA ECLIPJ2000 [rad],DEC ECLIPJ2000 [rad],O-C RA ECLIPJ2000 [rad],O-C DEC ECLIPJ2000 [rad]
-1104055218.8164096,0.8299224510780557,-0.022895138176249615,-2.548326981877125e-06,9.369963521348168e-06
-1103883784.7977805,0.8294696409416248,-0.022382222944967462,2.1080641161352887e-05,-3.154822211089495e-05
