Seconds since J2000,RA ECLIPJ2000 [rad],DEC ECLIPJ2000 [rad],O-C RA ECLIPJ2000 [rad],O-C DEC ECLIPJ2000 [rad]
403477508.4111812,1.3374187880490838,-0.006986081115358982,1.9945572304891357e-07,2.3439213708408707e-07
403477763.20478123,1.337415666424032,-0.006986207548838393,-1.731645526970027e-07,3.702865153318302e-07
403477970.04638225,1.3374133243013546,-0.006985973400321795,-2.8201090862545186e-07,8.179758547314023e-07
