Seconds since J2000,RA ECLIPJ2000 [rad],DEC ECLIPJ2000 [rad],O-C RA ECLIPJ2000 [rad],O-C DEC ECLIPJ2000 [rad]
130068945.75310715,2.8913329024245775,0.028180732451310586,-5.228544345481367e-06,-6.64051527099474e-08
130069513.40110728,2.8913216176646808,0.028183343595326576,-5.524492019848282e-06,1.2699228010108754e-06
130070086.23310842,2.8913097560303678,0.028183607226969755,-6.289878845322505e-06,2.5094453013491114e-07
