Seconds since J2000,RA ECLIPJ2000 [rad],DEC ECLIPJ2000 [rad],O-C RA ECLIPJ2000 [rad],O-C DEC ECLIPJ2000 [rad]
-39595985.803256825,-0.1590638401093464,-0.03233900302528547,3.236548332674616e-07,4.592205260500748e-08
-39595369.857655846,-0.15907582747999016,-0.032340296681672216,8.196813282568272e-07,-1.0255133060105281e-07
-39594838.84325686,-0.15908699525894074,-0.03234115058712613,4.1726821825571747e-07,2.73645370044151e-08
-39594328.82405588,-0.15909694479883396,-0.032342105087240995,8.098789019694852e-07,1.4940932054063882e-08
-10382168.834995184,0.6187178398830576,-0.03301289455306128,-5.344348974478663e-08,-3.6339845937982673e-07
-10381313.820594335,0.6187157253644633,-0.033012462128035186,5.854997708887311e-09,-2.92654849215479e-07
-10380884.84459441,0.6187146681052147,-0.0330122459151047,4.993008462239601e-08,-2.592926599473411e-07
