Seconds since J2000,RA ECLIPJ2000 [rad],DEC ECLIPJ2000 [rad],O-C RA ECLIPJ2000 [rad],O-C DEC ECLIPJ2000 [rad]
132254089.88151939,2.846063282593786,0.031873998147214595,-1.462636846749632e-06,3.5055898174388145e-06
132254529.65751846,2.846054643760661,0.03187040064592556,-7.116083753366809e-07,-3.942236431117574e-07
132254969.4335185,2.8460444539991454,0.03187613629897923,-1.5087855684825513e-06,5.041683395212715e-06
135793399.3535643,2.7906004230761994,0.02872833895277418,5.540075660448451e-07,8.566595184576753e-07
135879967.8335546,2.789908277182579,0.02851137738750758,3.2449322326932872e-06,3.231846375344183e-06
135966455.09754643,2.789251182666785,0.02828838883131133,1.5791087606409349e-06,4.1888130098768905e-06
