Seconds since J2000,RA ECLIPJ2000 [rad],DEC ECLIPJ2000 [rad],O-C RA ECLIPJ2000 [rad],O-C DEC ECLIPJ2000 [rad]
59180773.206783704,1.8344911322493327,-0.005038686006643824,1.312817715426462e-06,2.4067686690146597e-06
59182597.11078512,1.8344792224640376,-0.005035150150343816,1.2125837227650038e-06,2.0649746244258416e-06
59184744.150785595,1.834465198220682,-0.005030876888251555,1.092560089732686e-06,1.836034453685416e-06
