Seconds since J2000,RA ECLIPJ2000 [rad],DEC ECLIPJ2000 [rad],O-C RA ECLIPJ2000 [rad],O-C DEC ECLIPJ2000 [rad]
-2107170043.2559628,2.935723475507886,0.03496762844239842,2.12822211591579e-05,2.027538259834205e-06
-2107157179.2463634,2.9353832440919456,0.034981196221143714,9.731514358346516e-06,7.46380264083496e-06
