Seconds since J2000,RA ECLIPJ2000 [rad],DEC ECLIPJ2000 [rad],O-C RA ECLIPJ2000 [rad],O-C DEC ECLIPJ2000 [rad]
-384192877.10232174,0.4200704827271135,-0.02390058077482369,3.753576666820635e-06,-6.71828927691076e-07
-384019406.6382991,0.4146077562445263,-0.023452180854434127,-5.4924206768780515e-06,-2.8209112046297113e-06
-318347636.8089315,1.7440063921711477,-0.0020847514396434984,-7.28363609869831e-07,2.0012585343199933e-06
