Seconds since J2000,RA ECLIPJ2000 [rad],DEC ECLIPJ2000 [rad],O-C RA ECLIPJ2000 [rad],O-C DEC ECLIPJ2000 [rad]
475191426.3205347,2.439157270600539,0.013820625382643103,-1.995777334506954e-07,-3.4434826835447185e-08
475192478.67253506,2.4391251157728004,0.013818117466307499,-2.933021372442113e-07,3.679603071023163e-08
475193528.43253636,2.4390902473096654,0.01381578121507851,-3.153459728899577e-06,2.9353550365374126e-07
