Seconds since J2000,RA ECLIPJ2000 [rad],DEC ECLIPJ2000 [rad],O-C RA ECLIPJ2000 [rad],O-C DEC ECLIPJ2000 [rad]
-413288256.2090371,-0.26567204714359993,-0.03181410453382249,-1.0219960804858097e-06,4.6400781661473656e-06
-413286009.8090375,-0.26564599055947063,-0.031809795037989794,-1.4594268671896948e-06,4.268204123095143e-06
