Seconds since J2000,RA ECLIPJ2000 [rad],DEC ECLIPJ2000 [rad],O-C RA ECLIPJ2000 [rad],O-C DEC ECLIPJ2000 [rad]
311780384.5827763,-0.7209394367583961,-0.010158777464633607,-2.753085374895825e-06,-7.864832773270269e-07
311781468.03877753,-0.7209167688033934,-0.010157001126200764,-1.3012058297512397e-06,1.8662494783577843e-07
311782560.1347768,-0.7208996609830592,-0.010156468894044172,-5.604074654219637e-06,-9.665776764915257e-08
311783641.862777,-0.7208779593011699,-0.01015539719917934,-5.138005368165999e-06,1.6279076743216936e-07
311784733.9587773,-0.7208478226382871,-0.010155550857443484,3.5281141083087775e-06,-8.140210085091915e-07
336604315.9106228,0.0035966723994166733,-0.019860698721749916,3.4036631820976923e-06,-4.103996510650132e-07
336605302.5986216,0.003567901816689163,-0.0198667206972556,2.914872609967485e-06,-4.720387504441453e-06
336607273.3826212,0.003512305697754249,-0.01987062456128877,3.781280805341663e-06,-5.189420276413559e-06
