Seconds since J2000,RA ECLIPJ2000 [rad],DEC ECLIPJ2000 [rad],O-C RA ECLIPJ2000 [rad],O-C DEC ECLIPJ2000 [rad]
406671167.1668584,1.2639754960362282,-0.014738949766401905,1.9758819695958607e-06,-1.0670130996710825e-06
406757392.20688,1.2612421861787404,-0.015000046221243821,-2.021169852373106e-06,2.4589977145814124e-07
406843437.18930084,1.2585120223172257,-0.015260818506919998,2.3031525306915768e-06,-3.7650814925169196e-07
406929616.178122,1.255763420567314,-0.015517079885519213,1.0913810037926908e-06,1.7771780648108415e-06
407877037.1927725,1.2256667436215551,-0.0181120241543363,-1.036436025669829e-06,5.612753778659607e-07
407963175.1415973,1.2230008153584189,-0.01831774047896198,6.193712769331228e-07,-4.739343543447294e-07
408049298.1432223,1.2203545028272627,-0.018514876825961146,6.858327699088562e-07,6.279467270053907e-07
408307673.1960991,1.212559079814256,-0.01906985481938867,-4.0571055404114986e-08,-1.9969347692452843e-07
409255072.1787975,1.1865627948632185,-0.020525206230143672,-6.07103916028251e-08,2.1195687767983085e-06
