Seconds since J2000,RA ECLIPJ2000 [rad],DEC ECLIPJ2000 [rad],O-C RA ECLIPJ2000 [rad],O-C DEC ECLIPJ2000 [rad]
333428511.1114264,0.06349687010399124,-0.017057765417667528,1.622098277115347e-06,-1.0726744190253656e-06
333428696.00742537,0.0634936225162237,-0.01705794557946667,-3.182631280324033e-07,-1.301939522257295e-06
335242211.27092105,0.0376905027719393,-0.017812769621592374,-1.0051838866126372e-06,-1.9386537684212835e-07
335242336.55092096,0.03768811507083694,-0.01781279215700605,-6.749357817983914e-07,-1.188165871350566e-07
341791972.35849416,-0.11402965749605092,-0.03214793570921861,1.4659607900646687e-06,5.075017313962982e-07
341792097.6384952,-0.11403090034505438,-0.032148983667943706,1.2097491460250076e-06,-4.2253923103474644e-07
