Seconds since J2000,RA ECLIPJ2000 [rad],DEC ECLIPJ2000 [rad],O-C RA ECLIPJ2000 [rad],O-C DEC ECLIPJ2000 [rad]
544132609.1792548,-2.7977949394640818,0.021093001013335538,-8.864663758600955e-08,6.470000566902168e-08
544132811.1824547,-2.79780098829013,0.02109252862377901,-1.60121013781378e-07,-8.844739770100252e-08
