Seconds since J2000,RA ECLIPJ2000 [rad],DEC ECLIPJ2000 [rad],O-C RA ECLIPJ2000 [rad],O-C DEC ECLIPJ2000 [rad]
176073247.83125764,-2.882333875568494,0.02675419712572197,-2.5287248872629675e-06,-2.5668698845869586e-06
176073733.3992585,-2.882317282944209,0.02675587527622425,2.3549717731441433e-08,-9.52085344119169e-07
176074712.31125724,-2.8822888901913353,0.026755652738522588,9.23472458502772e-08,-1.3102479843943304e-06
