Seconds since J2000,RA ECLIPJ2000 [rad],DEC ECLIPJ2000 [rad],O-C RA ECLIPJ2000 [rad],O-C DEC ECLIPJ2000 [rad]
300663246.47179466,-0.5942562886612471,-0.009023155387280747,-6.466240651814559e-07,-4.696902525941349e-08
300664772.2957941,-0.594284880662145,-0.00902110635949321,-7.152330130377749e-07,3.2239402875458567e-07
300666853.6717935,-0.5943239427390613,-0.009018895214758162,-8.604974853776426e-07,2.0706604244441484e-07
302303737.9592855,-0.6309365861228233,-0.007449867045416629,-6.569110104770459e-07,2.7865178984891326e-07
302305268.967284,-0.6309769036928968,-0.007447542558449079,-6.889127586173771e-07,7.06278179677701e-07
302306798.2472836,-0.6310180475880797,-0.007445442408220337,-1.6213402773690433e-06,8.982193689726845e-07
