Seconds since J2000,RA ECLIPJ2000 [rad],DEC ECLIPJ2000 [rad],O-C RA ECLIPJ2000 [rad],O-C DEC ECLIPJ2000 [rad]
197587444.1296575,-2.311585129281894,0.04238307278542118,-6.406220567356513e-07,1.551817425102242e-06
197588936.2576575,-2.3116179857386085,0.042382671387387987,-3.1399957389766087e-07,1.5762110906966664e-06
197590427.5216575,-2.311650842260713,0.04238226965021008,5.637466937713498e-09,1.5771043062606793e-06
