Seconds since J2000,RA ECLIPJ2000 [rad],DEC ECLIPJ2000 [rad],O-C RA ECLIPJ2000 [rad],O-C DEC ECLIPJ2000 [rad]
100449599.28948247,2.222500828640495,0.0023544596924911097,2.7401031146290222e-06,2.102218673319823e-06
100451208.9214817,2.222475274149097,0.002356758125182929,1.637802614418149e-06,1.9602998842468446e-06
100452565.4014829,2.222452879964667,0.002357883158023998,-1.2879378630259453e-07,1.06330522565588e-06
