Seconds since J2000,RA ECLIPJ2000 [rad],DEC ECLIPJ2000 [rad],O-C RA ECLIPJ2000 [rad],O-C DEC ECLIPJ2000 [rad]
303330126.7589955,-0.6585339325077708,-0.00639507958714103,-4.2719759085763087e-07,3.0167772422356326e-06
303331158.3749942,-0.6585585544550847,-0.0063973875453583965,4.0410081664221664e-06,-5.274389029367305e-07
303332187.39899397,-0.6585881899838008,-0.00639694843488843,3.4281301792837837e-06,-1.3353567882151696e-06
303333216.4229947,-0.6586173529893689,-0.0063951339876713266,3.2900002212565838e-06,-7.807906647850846e-07
303334245.4469934,-0.6586470245497408,-0.006392632478872652,2.6421775586316087e-06,4.4906220821733234e-07
306174484.74243826,-0.7299959215118276,-0.0035193586600673265,8.932274797590622e-07,3.6912282489701825e-07
306176525.510438,-0.730037633889622,-0.0035140215922340318,2.7979366734598443e-07,3.436621726513045e-06
306177544.16643894,-0.7300597183952722,-0.00351401322944129,-1.3041433443161665e-06,2.2949680187817935e-06
