Seconds since J2000,RA ECLIPJ2000 [rad],DEC ECLIPJ2000 [rad],O-C RA ECLIPJ2000 [rad],O-C DEC ECLIPJ2000 [rad]
364424369.4156079,0.6163799890048988,-0.011847393023924981,-5.639170530535864e-07,1.0334714379035825e-06
364427192.96760607,0.6164394438747778,-0.011845229508863726,-1.8880016866562599e-06,4.261450513177306e-07
