Seconds since J2000,RA ECLIPJ2000 [rad],DEC ECLIPJ2000 [rad],O-C RA ECLIPJ2000 [rad],O-C DEC ECLIPJ2000 [rad]
268166434.27208972,-1.2740079833906872,-0.0008665815807876941,-7.461678759312917e-07,-3.8012735531711087e-06
268167345.79209045,-1.2740289035364976,-0.0008658829855140595,5.43569509625641e-07,1.0447002247548735e-08
268170108.86408854,-1.2740953075978472,-0.0008711453911053952,1.4954866121019705e-06,4.094438800498709e-06
