Seconds since J2000,RA ECLIPJ2000 [rad],DEC ECLIPJ2000 [rad],O-C RA ECLIPJ2000 [rad],O-C DEC ECLIPJ2000 [rad]
99071616.92123052,2.2486200781801524,0.00022386992362932606,-1.2767125148194225e-06,1.6058174544518217e-06
99072912.05723079,2.248589513391046,0.0002256077648538934,-1.8040565281651766e-06,1.4155336476051085e-06
99074204.60123107,2.2485586943181604,0.00022828158150648185,-2.624944431595111e-06,2.1931278784446473e-06
99075499.73723136,2.248531307149106,0.00022887425000287225,6.093309545818215e-08,9.131515156551211e-07
