Seconds since J2000,RA ECLIPJ2000 [rad],DEC ECLIPJ2000 [rad],O-C RA ECLIPJ2000 [rad],O-C DEC ECLIPJ2000 [rad]
509931856.4413681,2.993492098808626,0.04767668183750703,-8.136797360336345e-07,3.213224280748661e-07
509932739.4493692,2.9934727819684426,0.04767576321006235,2.504921000401339e-06,-5.135441197151591e-07
