Seconds since J2000,RA ECLIPJ2000 [rad],DEC ECLIPJ2000 [rad],O-C RA ECLIPJ2000 [rad],O-C DEC ECLIPJ2000 [rad]
30299401.11150143,1.0824225594937538,-0.037155201829620746,-3.3408533652856676e-06,2.0623586714785258e-07
30300215.86350069,1.082402561520896,-0.037156630176288556,-1.9093516860912985e-06,-2.553344867865792e-06
30301031.479500946,1.0823789806272688,-0.03715486730171673,-4.0388973525651295e-06,-2.1128457522862076e-06
