Seconds since J2000,RA ECLIPJ2000 [rad],DEC ECLIPJ2000 [rad],O-C RA ECLIPJ2000 [rad],O-C DEC ECLIPJ2000 [rad]
122168357.81475975,2.9100690327109566,0.0314646510627853,2.821152439658192e-06,3.391629523355477e-06
122169239.95875993,2.910096089208984,0.03146188884228787,4.22776389097379e-06,-9.072494083495197e-07
122170120.37476112,2.9101253363649753,0.03146321303060352,7.896172253385458e-06,-1.1072401130338139e-06
122170999.06276031,2.910150403642741,0.03146329437417638,7.4545656629787516e-06,-2.537984750590472e-06
124669386.39143348,2.9654426543048404,0.036252984605676095,1.8529058594118908e-06,3.854969934866115e-06
124670486.26343381,2.965458826814455,0.03625199566763592,2.934369628171396e-06,8.222422911360883e-07
124671578.35943416,2.965474894416316,0.03625676336344975,4.050557565360435e-06,3.5748494490242533e-06
124672673.91143449,2.965488590171922,0.036257878807376465,2.7779045677078784e-06,2.6821959600575873e-06
