Seconds since J2000,RA ECLIPJ2000 [rad],DEC ECLIPJ2000 [rad],O-C RA ECLIPJ2000 [rad],O-C DEC ECLIPJ2000 [rad]
375808058.43901986,0.4986550697307349,-0.0009190754577500545,6.716119781535745e-06,3.699011595134378e-06
375809170.40702015,0.49863056489772084,-0.0009232344238605946,3.8308052052737906e-07,-1.7062391369090327e-06
375810286.6950205,0.49861124884754726,-0.0009278123633454141,-6.823812498391035e-07,-7.530439223112583e-06
375811428.03901976,0.4985934031677821,-0.0009204998305654613,1.3635270246226128e-07,-1.4852568402315544e-06
375812556.4230211,0.4985667915857256,-0.0009181501524712481,-8.022998566781236e-06,-3.799011411403366e-07
382631210.7291104,0.5707756939201344,0.0022918086692689356,-1.0987695272524078e-06,2.1446427716067043e-06
382632252.71311164,0.5708131906565539,0.002293088619813321,1.3557930087504388e-06,3.271793238068116e-06
382633292.10511196,0.5708491892614529,0.002292335180162509,2.368102905325742e-06,2.381353237746863e-06
382634331.4971112,0.5708868500881304,0.0022961362920367735,5.00947437487298e-06,6.061027556000364e-06
