Seconds since J2000,RA ECLIPJ2000 [rad],DEC ECLIPJ2000 [rad],O-C RA ECLIPJ2000 [rad],O-C DEC ECLIPJ2000 [rad]
122600296.470858,2.9222722492324493,0.032258696015979735,4.250917022829981e-07,1.941515814882222e-06
122601409.30285926,2.922300653101133,0.03226021791400103,-9.737453137148577e-07,1.4997421560261626e-06
122602529.04685952,2.9223310525392234,0.0322625869245167,-5.295825480367e-07,1.9076982095481143e-06
