Seconds since J2000,RA ECLIPJ2000 [rad],DEC ECLIPJ2000 [rad],O-C RA ECLIPJ2000 [rad],O-C DEC ECLIPJ2000 [rad]
-40370060.33761127,-0.10377494382933741,-0.0452654058606016,1.017697668165285e-06,3.7389603288473516e-07
