Seconds since J2000,RA ECLIPJ2000 [rad],DEC ECLIPJ2000 [rad],O-C RA ECLIPJ2000 [rad],O-C DEC ECLIPJ2000 [rad]
682505116.9684746,-0.5600873084989386,5.347887869302653e-05,-2.41922064714295e-07,-7.665443633037412e-08
682505676.0628755,-0.5601023244482637,5.382946285095104e-05,3.7724424595264594e-07,4.598011706869929e-08
682506421.5220742,-0.5601226795355223,5.407512647013951e-05,8.775553186346485e-07,-1.8271487227053016e-08
