Seconds since J2000,RA ECLIPJ2000 [rad],DEC ECLIPJ2000 [rad],O-C RA ECLIPJ2000 [rad],O-C DEC ECLIPJ2000 [rad]
543175988.8976032,-2.7769204401043086,0.03202054484998955,2.071210660758993e-07,-1.953367386245408e-06
543176824.3856033,-2.7769372972069974,0.032023682848824696,4.964635333948308e-07,-3.123629724113841e-07
543177659.8736023,-2.7769539177955926,0.03202430239644527,1.041520221178871e-06,-1.1862652340433044e-06
