Seconds since J2000,RA ECLIPJ2000 [rad],DEC ECLIPJ2000 [rad],O-C RA ECLIPJ2000 [rad],O-C DEC ECLIPJ2000 [rad]
415472940.36938494,1.150152441166295,-0.012651697829027196,2.2440681650692795e-06,1.095285796505821e-06
415473400.881385,1.1501601537315935,-0.012651087333577778,1.6256002624004395e-06,8.615848104999435e-07
415473863.12138605,1.1501679504091966,-0.012649999353392416,1.0517621051864268e-06,1.104661976314078e-06
415474326.2253852,1.1501780952039236,-0.012647355854239045,2.802008442825965e-06,2.9040868350042187e-06
418229826.9936374,1.2230447907521995,-0.007717847617868119,-8.681533207877123e-07,8.206265680026775e-07
418230132.8496374,1.2230543730432055,-0.007717788794088808,-1.4201380436063005e-06,4.1087658196950483e-07
418230439.56963736,1.2230646952833655,-0.007717348867642582,-1.2637854109875946e-06,3.8193475643266694e-07
418230746.28963745,1.2230769548040012,-0.007717684250478147,8.268188056437253e-07,-4.2130239375545026e-07
418231057.3296384,1.22308667835601,-0.0077166660213481356,2.3509648094943714e-07,1.235007931407739e-07
