Seconds since J2000,RA ECLIPJ2000 [rad],DEC ECLIPJ2000 [rad],O-C RA ECLIPJ2000 [rad],O-C DEC ECLIPJ2000 [rad]
95969108.69636297,2.3284915038581246,-0.004042497855804728,1.1268450936796626e-06,2.395873188020675e-06
95975259.51236494,2.3283381671576073,-0.004035518708171828,1.9219776259404853e-06,2.671283930209302e-06
95981135.57636683,2.3281902004632564,-0.004029464500218509,1.7381394439297537e-06,2.8634838694155396e-06
