Seconds since J2000,RA ECLIPJ2000 [rad],DEC ECLIPJ2000 [rad],O-C RA ECLIPJ2000 [rad],O-C DEC ECLIPJ2000 [rad]
-4524824.777363954,0.43855097077434857,-0.010385832862826133,-4.8719208898817534e-06,-1.5719359691742513e-06
-4523444.10536369,0.43852090975651503,-0.010381866045989958,-3.910530066653095e-06,-2.014771047290087e-07
