Seconds since J2000,RA ECLIPJ2000 [rad],DEC ECLIPJ2000 [rad],O-C RA ECLIPJ2000 [rad],O-C DEC ECLIPJ2000 [rad]
132254405.24151844,2.8741690636644512,0.04502395698516428,3.9097543869104356e-08,1.533704555599369e-06
132256147.06551865,2.8741204708991326,0.045022468157597584,2.500496023571941e-07,1.3559903707660581e-06
132258018.48951988,2.8740679947963117,0.045020925305129536,2.5886030163846385e-07,1.266478771702606e-06
170099987.28907645,-2.957694730209524,0.024683843471636192,5.620198351152794e-08,4.2743966886110707e-07
170101784.409076,-2.9577077052002645,0.024684646387031113,3.0142437656976995e-07,4.3231526997838943e-07
170103727.54507554,-2.957721728498538,0.02468605709781043,4.796271859675016e-07,9.447461352882214e-07
