Seconds since J2000,RA ECLIPJ2000 [rad],DEC ECLIPJ2000 [rad],O-C RA ECLIPJ2000 [rad],O-C DEC ECLIPJ2000 [rad]
-247803235.76670033,2.81440021992771,0.03777514820051949,-9.179576809792422e-06,-6.480802895038329e-06
-247801438.64670098,2.814345905367509,0.037776860067964615,-9.331711453341995e-06,-4.279940897508605e-06
-247799633.75069958,2.8142913747905154,0.03777533590222527,-9.536725546599456e-06,-5.321290452935112e-06
-246862538.48653105,2.786214682117867,0.03743712091402984,-5.199662938881744e-06,-2.034220454749658e-06
-246857430.51852927,2.786059798891066,0.03743142930674267,-4.8774287102482106e-06,-2.95460493019567e-06
