Seconds since J2000,RA ECLIPJ2000 [rad],DEC ECLIPJ2000 [rad],O-C RA ECLIPJ2000 [rad],O-C DEC ECLIPJ2000 [rad]
-317668024.8631369,1.7291495618680093,0.004013993197192368,2.2582735634824047e-06,-3.713212132130245e-08
