Seconds since J2000,RA ECLIPJ2000 [rad],DEC ECLIPJ2000 [rad],O-C RA ECLIPJ2000 [rad],O-C DEC ECLIPJ2000 [rad]
376756416.80728805,0.48697455486067853,-0.00014690372493605673,5.361712028806309e-07,-1.0473842709497283e-06
376760126.82328916,0.48693975242369975,-0.00014187620854940003,-1.8580004468304878e-07,2.6720272909469046e-07
376846894.0233151,0.48621943696235276,-7.662622416711782e-05,1.662240597388731e-07,-1.6451813707794134e-07
376850760.4233172,0.4861866356458704,-7.236067533693368e-05,2.5796142988365744e-07,3.625762963883715e-07
376853935.62331814,0.48616001282598825,-6.994401147189474e-05,5.359649378200437e-07,-1.828795152254123e-07
