Seconds since J2000,RA ECLIPJ2000 [rad],DEC ECLIPJ2000 [rad],O-C RA ECLIPJ2000 [rad],O-C DEC ECLIPJ2000 [rad]
125541950.35971458,2.974957852191979,0.03797438488238354,-4.0597221806493167e-07,2.152361813514969e-06
125544640.85571547,2.9749769654175235,0.03797941380484192,-6.771145293349434e-07,2.290891338838086e-06
125547720.15171748,2.974998931489585,0.037985138280726305,-6.586473557668171e-07,2.5261753488492467e-06
125628315.7997442,2.9755914345192296,0.03814473810326131,1.317850708115742e-06,3.072423462487095e-06
125631009.7517441,2.9756090257459045,0.03814964283259964,1.2944258216407434e-06,3.0984920547649786e-06
125633703.703745,2.975626616974264,0.038154547584065335,1.4649197135341296e-06,3.2126348369354574e-06
