Seconds since J2000,RA ECLIPJ2000 [rad],DEC ECLIPJ2000 [rad],O-C RA ECLIPJ2000 [rad],O-C DEC ECLIPJ2000 [rad]
59180831.95878372,1.8365004982845872,0.01405076409386819,7.562480612843814e-07,1.0679777781071736e-06
59182655.86278413,1.836486570469153,0.014055024923292744,3.9315596600530966e-07,1.9952368586727276e-06
59184802.03878561,1.8364700998906764,0.014058018697531616,-1.12795381479458e-07,1.1372951053915253e-06
61845885.75151323,1.7944852278120105,0.01854464478924498,-4.2710983194638175e-07,5.53253860633568e-06
61848097.59151393,1.7944335535499818,0.018546942642633017,-1.6202160124656473e-07,4.790831638516041e-06
61851174.29551592,1.7943616459883232,0.01855117796251406,2.811520476431184e-07,4.956725739430762e-06
