Seconds since J2000,RA ECLIPJ2000 [rad],DEC ECLIPJ2000 [rad],O-C RA ECLIPJ2000 [rad],O-C DEC ECLIPJ2000 [rad]
104528269.4015286,2.2247751032683434,0.008257368429998304,-5.334943922186142e-07,1.6148177762204813e-06
104529873.84952842,2.2248001704686757,0.008259485502951055,6.005729691338502e-08,1.9875192310576245e-06
104531483.48152822,2.2248253616750016,0.00826113409997015,5.957656781241383e-07,1.888096846484194e-06
104696002.04150845,2.227491484581893,0.008480124769688785,7.355083386784145e-08,2.568485919668753e-06
104697611.67350824,2.2275173435264435,0.008481973292834717,-2.440372912637656e-07,2.6474065262082486e-06
104699221.30550705,2.227543992170915,0.008483530077461478,1.5175875978101772e-07,2.4509815934395385e-06
