Seconds since J2000,RA ECLIPJ2000 [rad],DEC ECLIPJ2000 [rad],O-C RA ECLIPJ2000 [rad],O-C DEC ECLIPJ2000 [rad]
-39593809.8192569,-0.12461495606858514,-0.046073683862781226,2.3159948731032998e-07,6.992318089815708e-08
-39593312.84645692,-0.12462811143451509,-0.04607397758178394,2.802781179644942e-07,3.168326162539259e-08
-39592804.814455934,-0.12464148569752424,-0.04607422971189042,4.0570536319339823e-07,3.829954479256381e-08
-39592306.80485595,-0.12465533623278437,-0.04607448767700221,-2.1006103953502553e-07,3.175700665630776e-08
