Seconds since J2000,RA ECLIPJ2000 [rad],DEC ECLIPJ2000 [rad],O-C RA ECLIPJ2000 [rad],O-C DEC ECLIPJ2000 [rad]
-413287781.00903696,-0.27885768487420964,-0.04274358245882344,-1.0932344507441627e-06,-1.7751792287939994e-06
-413285674.57703644,-0.2788374375359584,-0.0427399735862483,-4.871311415910462e-07,-1.2259951613219355e-06
