Seconds since J2000,RA ECLIPJ2000 [rad],DEC ECLIPJ2000 [rad],O-C RA ECLIPJ2000 [rad],O-C DEC ECLIPJ2000 [rad]
479853010.4495701,2.2907315135294435,0.0162318360017655,3.3072043637005777e-07,-6.224379298438998e-08
479854091.31356925,2.290716727009887,0.016233034679607565,2.1504598457511293e-07,-1.2939780869719586e-07
479855175.6335704,2.2907022059905966,0.016234309716712882,3.8411963254603165e-07,-1.1222756915799104e-07
479856259.9535704,2.2906875522630177,0.01623554667866109,3.888954940300948e-07,-1.2266622442802522e-07
