Seconds since J2000,RA ECLIPJ2000 [rad],DEC ECLIPJ2000 [rad],O-C RA ECLIPJ2000 [rad],O-C DEC ECLIPJ2000 [rad]
410692055.9840675,1.1498675049247415,-0.022720900929354283,-1.9677693052777556e-07,-4.317237467313384e-07
410693121.29606783,1.1498460481848716,-0.02272057921628181,-9.316309541596013e-07,-2.318705961366907e-06
410694188.3360692,1.1498271982766166,-0.0227172694203719,9.5670437194606e-07,-1.2061146474999507e-06
410695255.3760686,1.1498066664054307,-0.022715633071538784,1.1427602453206731e-06,-1.7517076189542402e-06
