Seconds since J2000,RA ECLIPJ2000 [rad],DEC ECLIPJ2000 [rad],O-C RA ECLIPJ2000 [rad],O-C DEC ECLIPJ2000 [rad]
62019013.2075696,1.7904747744762493,0.018767283610842834,-5.325341556616792e-07,1.4866123669923792e-07
62019642.19956881,1.7904598253150206,0.018767856715924815,-3.634547529607346e-07,-1.0771727002381604e-07
137868949.40122932,2.7906944986884286,0.03470524136088917,-7.427113213331893e-07,5.408920213806345e-08
137869353.75322825,2.7906956108063348,0.03470422961077372,-6.656046140918193e-07,1.4654265082653106e-07
137869773.65722916,2.7906965054131265,0.034703181232676863,-8.501154002971134e-07,2.445631899911094e-07
137957143.9292104,2.790980183257393,0.03448168593956295,-6.25655166341943e-07,2.00823971494013e-07
137957544.8252103,2.7909813617983192,0.034480701393015546,-7.280546321375425e-07,3.1109927593059306e-07
137957949.17721024,2.7909828569380086,0.034479322531418666,-5.295670013616416e-07,3.589083280575167e-08
