Seconds since J2000,RA ECLIPJ2000 [rad],DEC ECLIPJ2000 [rad],O-C RA ECLIPJ2000 [rad],O-C DEC ECLIPJ2000 [rad]
-1486923114.8171735,0.7363104262137183,-0.02001954662792697,2.4536962126564532e-06,-1.3565873012082869e-05
-1486918387.8731723,0.7361924616691544,-0.020008436320558078,4.864242212687664e-06,1.643258965865202e-06
-1486844070.0491545,0.7343424390542692,-0.0200912324199071,-8.536175831408421e-06,-4.688694553420941e-06
