Seconds since J2000,RA ECLIPJ2000 [rad],DEC ECLIPJ2000 [rad],O-C RA ECLIPJ2000 [rad],O-C DEC ECLIPJ2000 [rad]
512311225.17763996,2.9319194396767365,0.046312391802514355,-3.1988800119897576e-06,-1.9185506974078725e-06
512312293.945641,2.9318937038898234,0.046315662282595205,-2.920615466361909e-06,2.8212034824948162e-06
512313362.71364003,2.9318687328429993,0.046313461157620944,-1.9084087465870425e-06,2.0824186210133266e-06
