Seconds since J2000,RA ECLIPJ2000 [rad],DEC ECLIPJ2000 [rad],O-C RA ECLIPJ2000 [rad],O-C DEC ECLIPJ2000 [rad]
104426402.93753913,2.2232238355731466,0.008123778233900637,6.818273226016913e-07,3.876853153717691e-06
104427488.12154001,2.2232389681091034,0.008125766922295264,8.123765704581842e-08,4.63235308744217e-06
104428556.88953988,2.223253017446213,0.008126466919426116,-1.396083094906686e-06,4.124251029162182e-06
104429644.66553877,2.223272436148449,0.00813109145498912,2.1849802114282113e-06,7.5244316764915e-06
104858777.91348647,2.2303016520460743,0.008683180556721572,-2.690159208285081e-06,-4.828481723338426e-06
104859814.71348733,2.2303208614726464,0.008683281526356935,-1.5551188132789662e-06,-5.874127152204894e-06
104860852.3774872,2.2303389063621117,0.008685079238991703,-1.6316928403981024e-06,-5.2197263186691545e-06
104861896.08948705,2.2303569512583135,0.008686877063326446,-1.8483722437068195e-06,-4.568781214844483e-06
104862946.71348691,2.2303759110678345,0.008687915328649253,-1.308071947203615e-06,-4.6830941808472665e-06
