Seconds since J2000,RA ECLIPJ2000 [rad],DEC ECLIPJ2000 [rad],O-C RA ECLIPJ2000 [rad],O-C DEC ECLIPJ2000 [rad]
682251700.670938,-0.5531197018297737,-3.3658122753963626e-05,-5.398036405646067e-07,-2.2991671583061309e-07
682252796.2229378,-0.5531499138256059,-3.336453334603359e-05,-2.3845842656022853e-07,-4.839752495627562e-07
682253891.7749386,-0.5531801257651479,-3.307114901634661e-05,7.107091737346138e-08,-7.502707281520864e-07
682254987.3269383,-0.5532108370656168,-3.2076992591641695e-05,-1.1398794430572678e-07,-3.2674098113443184e-07
