Seconds since J2000,RA ECLIPJ2000 [rad],DEC ECLIPJ2000 [rad],O-C RA ECLIPJ2000 [rad],O-C DEC ECLIPJ2000 [rad]
97177610.55273753,2.2970254766911795,-0.0025351519824408845,-1.1839279370207123e-06,7.317135590008579e-07
97179731.67273816,2.2969674966468596,-0.0025321559017337535,-9.090018178170567e-07,1.0356122754607254e-06
97182273.56073992,2.296897360980568,-0.0025296283197046945,-1.1606125962515534e-06,4.334828185479332e-07
98123855.57700437,2.271824797022225,-0.0012006454096961986,-8.927535595226743e-07,1.7358498662989677e-07
98125965.46500492,2.271768978742959,-0.0011966154084447997,-8.399457827046319e-07,1.217277838129428e-06
98128064.98500647,2.271713682845449,-0.0011944520604716055,-4.781700213563056e-07,4.847749384487288e-07
