Seconds since J2000,RA ECLIPJ2000 [rad],DEC ECLIPJ2000 [rad],O-C RA ECLIPJ2000 [rad],O-C DEC ECLIPJ2000 [rad]
190082632.12819153,-2.340814820066724,0.035534603147974256,-2.075663459333299e-06,2.4602832702919075e-06
190082915.52019265,-2.340807221431628,0.035531305663317775,-2.239378939172809e-06,-1.1217627197968039e-06
190083198.04819274,-2.3408025188974295,0.035535239321236534,-5.273592674548411e-06,2.5280917533287983e-06
190083479.71219185,-2.34078857124882,0.03553282508230106,9.628525705629443e-07,-1.6921155097937568e-07
