Seconds since J2000,RA ECLIPJ2000 [rad],DEC ECLIPJ2000 [rad],O-C RA ECLIPJ2000 [rad],O-C DEC ECLIPJ2000 [rad]
403734612.17439747,1.330314785814733,-0.026121774506808467,-1.3099213100886686e-06,1.518803862735757e-06
403736023.0863976,1.330295553273689,-0.026123221463572842,-1.3110620680212293e-06,2.0604301934415425e-06
403737446.0943987,1.3302762220923523,-0.02612563287052272,-1.1872814063007553e-06,1.6776792476358438e-06
405456824.2386048,1.2967732178129556,-0.027908732093646773,-1.3617945324728709e-06,5.564009323034969e-07
405458220.46260506,1.2967377272810887,-0.027908032418701316,-1.0250104405251648e-06,1.6860443887781185e-06
405459417.96660626,1.2967067938928925,-0.02790932505580077,-1.1842526668193187e-06,7.789184469884913e-07
406830608.4308978,1.2578814049726665,-0.027963437910761117,1.0776628596165239e-06,2.8885240579944182e-06
406833203.88689834,1.2577974790964896,-0.027964588807024616,-2.1888441552597726e-06,1.423436590368421e-07
