Seconds since J2000,RA ECLIPJ2000 [rad],DEC ECLIPJ2000 [rad],O-C RA ECLIPJ2000 [rad],O-C DEC ECLIPJ2000 [rad]
508603344.1210788,3.0240959682370168,0.04711456324877559,2.6045061751744925e-07,4.672208376646503e-07
