Seconds since J2000,RA ECLIPJ2000 [rad],DEC ECLIPJ2000 [rad],O-C RA ECLIPJ2000 [rad],O-C DEC ECLIPJ2000 [rad]
-2897907318.430555,2.2052894713703584,0.007082562994531608,1.8143460030817238e-05,-6.630645283586638e-06
-2896186998.5263667,2.189845925782136,0.009890312498424845,1.0309202749692048e-05,5.89691105276971e-06
-2834743337.854547,-2.85267962504227,0.023123819490451954,4.5356305918176076e-05,4.175776060556108e-05
-2796386879.5189047,-2.455978611410355,-0.0002513611964494252,3.997066415628581e-06,-3.673024305684468e-05
-2178538164.000407,1.9235127667436216,0.01566474261372021,1.6678239050049726e-05,-1.885964724251954e-07
-2178534924.000406,1.9234286225803756,0.015652159026540373,8.781474676755607e-06,-8.360063166186482e-06
-2178450744.4803786,1.921446275349126,0.015520486895817732,-1.2490508972895498e-05,-2.1004629085073778e-05
-2178447564.0963774,1.921388835297807,0.01551521223656024,6.21463891770091e-06,-2.1781041726041256e-05
