Seconds since J2000,RA ECLIPJ2000 [rad],DEC ECLIPJ2000 [rad],O-C RA ECLIPJ2000 [rad],O-C DEC ECLIPJ2000 [rad]
28062454.998868708,1.1472063611376326,-0.03918611288415666,8.931185038196787e-07,2.7835046094437654e-06
28063719.030868016,1.1471673272418683,-0.039185661705756436,5.631416639673148e-07,2.7513886848851143e-06
28064980.470869318,1.1471295644325785,-0.039185925280971125,1.4290530780947108e-06,2.0280729356655924e-06
28066242.774868626,1.1470940020740368,-0.039185590090149325,4.5194744486831695e-06,1.9267608682982384e-06
28667447.67102397,1.128932396941559,-0.03891512947111808,2.009814990877601e-06,1.3756594643421494e-06
28668732.439024314,1.128896561962597,-0.03891203523741844,5.784377580475564e-06,3.554374591034637e-06
28670031.895024665,1.128852557297544,-0.038915333914560875,1.8318907306635879e-06,-6.449646336517678e-07
