Seconds since J2000,RA ECLIPJ2000 [rad],DEC ECLIPJ2000 [rad],O-C RA ECLIPJ2000 [rad],O-C DEC ECLIPJ2000 [rad]
-2142854418.8150833,2.4073861456389807,0.02943418532286037,5.530825752941837e-06,-6.138379769132091e-06
-2142850021.0550811,2.4072608631848214,0.02944301269233847,-4.425666140672746e-06,-4.696569193038402e-06
-2142247740.4789217,2.391790190337846,0.030457970903471368,-8.25103272994454e-06,-7.361848650452862e-06
-2142237390.622919,2.391524652243005,0.030472386523864792,-7.2811581408593895e-06,-7.490894823502375e-06
-2140531062.3345597,2.352556197393463,0.032593782952252084,9.435538746771499e-06,6.984944185120523e-06
-2140517184.7665563,2.352295464764086,0.03260690682726195,2.0621505221196657e-05,9.457648587486711e-06
-2140441608.9585452,2.350852070182434,0.03266993936740563,5.560826783934658e-06,4.428375698736775e-06
