Seconds since J2000,RA ECLIPJ2000 [rad],DEC ECLIPJ2000 [rad],O-C RA ECLIPJ2000 [rad],O-C DEC ECLIPJ2000 [rad]
-324526190.665568,1.7117032702728159,-0.008356708047449195,-4.074475730142524e-07,3.409003207673067e-06
-320553026.185401,1.7644976499714518,-0.0017225645930227123,-1.03701004761092e-06,3.819580386932916e-06
-317713721.736771,1.7301187425361007,0.003924389171504659,3.2556959963514487e-06,-1.7322407250405444e-06
-317706108.168773,1.729946592914715,0.003939184175254757,-3.7112707875763817e-06,-2.1560995753060197e-06
-317698126.536749,1.7297770183965056,0.003955612636113331,2.448755636041966e-07,-5.287141313595894e-07
-315393529.087982,1.6735904249125166,0.007875507796834854,1.398029451316063e-06,2.366848006214034e-07
-315289122.463945,1.6709439669459027,0.008014985085935199,-1.0449381349086906e-06,1.3844825636696867e-06
-311403096.702844,1.604980875883222,0.00910039356057571,-2.0524054782367074e-06,-1.6000156163042956e-06
-311321583.486798,1.6045687491731102,0.009034915744991273,-1.1300857361007388e-06,-1.805191646936724e-06
