Seconds since J2000,RA ECLIPJ2000 [rad],DEC ECLIPJ2000 [rad],O-C RA ECLIPJ2000 [rad],O-C DEC ECLIPJ2000 [rad]
-7477892.105654092,0.5124079350712419,-0.01511320140575614,-6.159988938936323e-07,-9.55038497753996e-07
-7476198.665654081,0.5123663489153373,-0.015109971106035913,-4.416344945301631e-07,-5.678209958441538e-07
-7398475.817652407,0.510483610564458,-0.014996238547042068,1.5489320324135747e-06,2.9608763891207646e-07
-7396798.793653388,0.5104423488878583,-0.014994151132867038,1.8448209307964092e-06,-4.448149155435177e-07
-7309748.201652129,0.5083010099374684,-0.014863442606536947,-1.93246317226059e-06,6.983175194659463e-07
-7307824.073651096,0.5082547171569453,-0.014860474579364973,8.18603325125622e-08,3.839423102069278e-07
