Seconds since J2000,RA ECLIPJ2000 [rad],DEC ECLIPJ2000 [rad],O-C RA ECLIPJ2000 [rad],O-C DEC ECLIPJ2000 [rad]
99609289.30534044,2.2371220235445635,0.0010525160564349874,-1.2641450228834117e-06,1.6134160558841076e-06
99610577.52933969,2.237095211515255,0.0010538613476999167,-1.5504276440481135e-06,1.2419533627103067e-06
99611864.88933994,2.237068941009397,0.0010558539510165173,-1.348437227655097e-06,1.5376093912896228e-06
99703579.35335837,2.235257315576827,0.0011961379740778278,-4.039580396408837e-06,1.342376709924202e-06
99704878.80935861,2.2352347615498354,0.001197633715422167,-8.103722088925736e-07,1.1759160342382242e-06
99706172.21735786,2.2352092893172784,0.0011993528793385597,-6.933381317963949e-07,1.2411583154279572e-06
