Seconds since J2000,RA ECLIPJ2000 [rad],DEC ECLIPJ2000 [rad],O-C RA ECLIPJ2000 [rad],O-C DEC ECLIPJ2000 [rad]
265759553.61684066,-1.2249270506622738,0.00669865490404363,-1.2537780567090095e-06,-2.398290645105883e-07
265845674.80401543,-1.226254964701211,0.006462311537495616,1.0041682991790424e-06,4.815811141672954e-07
267826861.96820077,-1.2660206228409636,0.0002952526949507024,-8.71728423446072e-07,-9.189481173384716e-08
267913010.71697283,-1.268032374911499,1.6493036331853498e-06,-2.4090089283390625e-06,-1.6762828130380332e-06
274546296.0656352,-1.3554500266094551,-0.018283278707820004,-2.461860280078554e-07,-3.2198167454686177e-06
299544912.6929632,-0.5779865138860059,-0.009991777935010559,-3.6107332561652328e-06,-4.3854987493256725e-06
