Seconds since J2000,RA ECLIPJ2000 [rad],DEC ECLIPJ2000 [rad],O-C RA ECLIPJ2000 [rad],O-C DEC ECLIPJ2000 [rad]
308851381.1231494,-0.7580827860549287,-0.0013463749282304573,9.848731501449492e-07,-1.3915539313295172e-08
308851799.73114944,-0.7580835925139314,-0.0013463750768514873,6.31959741426158e-07,-3.703018912129541e-07
