Seconds since J2000,RA ECLIPJ2000 [rad],DEC ECLIPJ2000 [rad],O-C RA ECLIPJ2000 [rad],O-C DEC ECLIPJ2000 [rad]
403652631.5343918,1.3313573877810856,-0.02598973498229524,-4.267085642384316e-06,2.6187747719716437e-06
