Seconds since J2000,RA ECLIPJ2000 [rad],DEC ECLIPJ2000 [rad],O-C RA ECLIPJ2000 [rad],O-C DEC ECLIPJ2000 [rad]
61936832.11954227,1.7923874550598518,0.018660772242178516,-7.353533915122057e-08,3.247062591825445e-07
61938788.2155429,1.792341085443133,0.01866362478656645,1.5314975176927703e-07,7.711087755928048e-07
61940734.807543516,1.7922947623747467,0.01866599565345145,1.7615050929009612e-07,8.171616726060371e-07
