Seconds since J2000,RA ECLIPJ2000 [rad],DEC ECLIPJ2000 [rad],O-C RA ECLIPJ2000 [rad],O-C DEC ECLIPJ2000 [rad]
232316488.3212977,-1.740525322946469,0.009753050293465362,-2.1402994569985623e-06,-5.067612340578509e-06
232317306.52929753,-1.740542672355619,0.009760048668875625,-3.0220961331206553e-06,9.45512905341922e-07
232318136.83329737,-1.7405589285909222,0.009761293441919859,-2.5594290806729703e-06,1.179704377816948e-06
232318953.31329718,-1.7405758195691476,0.009762005697172347,-3.0038601412929467e-06,8.874440722370786e-07
232319781.88929603,-1.7405935922463744,0.009765570119545963,-4.081990697457627e-06,3.4214139867146803e-06
