Seconds since J2000,RA ECLIPJ2000 [rad],DEC ECLIPJ2000 [rad],O-C RA ECLIPJ2000 [rad],O-C DEC ECLIPJ2000 [rad]
-246879542.0065327,2.786725682850334,0.03746530727037247,-2.3021224664354634e-06,4.162679186146823e-06
-246700262.0065067,2.781388521189588,0.037331344889052764,6.472295095427683e-07,6.544948153108798e-06
-246621002.10249448,2.7790458632389283,0.03726543186031075,-1.4295579893186527e-06,6.345099611969329e-06
-244196371.86234975,2.717993793798954,0.03329871222794266,-1.1166054608935383e-05,2.7602945638915966e-07
-214209840.81439826,-2.916072242950584,0.010054172035135565,2.5556652247793465e-06,-2.314399608870088e-07
-214122150.86239195,-2.9181170418484834,0.010150065997164465,3.800455671054692e-06,1.634437611659073e-06
-213779491.05436796,-2.9262837079187567,0.010517055171508695,7.791869423012798e-06,-1.176348784874548e-08
