Seconds since J2000,RA ECLIPJ2000 [rad],DEC ECLIPJ2000 [rad],O-C RA ECLIPJ2000 [rad],O-C DEC ECLIPJ2000 [rad]
168629359.92938888,-2.940504568007434,0.023567983238736292,-6.181095582036278e-07,-6.279761153617225e-07
168630105.56138778,-2.9405154426885654,0.02356758574139631,9.709794830392582e-07,-1.52848568476735e-06
168630850.32938766,-2.9405300270783785,0.023570354944152248,-1.1694345602997203e-06,7.35934011151379e-07
168631595.96138752,-2.9405416590948463,0.02357174277495484,-3.495859899338427e-07,1.6155493904428109e-06
