Seconds since J2000,RA ECLIPJ2000 [rad],DEC ECLIPJ2000 [rad],O-C RA ECLIPJ2000 [rad],O-C DEC ECLIPJ2000 [rad]
548758671.3290905,-2.888807833835495,0.03764403248430826,-7.374943411520007e-08,9.4159181458775e-08
548760172.961089,-2.8888219524005523,0.03764391081372593,4.4052033043584515e-07,3.229821015707235e-07
548761640.8970888,-2.8888373026475267,0.03764485079083914,-6.155618605951929e-07,1.601251364405365e-06
548763105.3770883,-2.8888510467264084,0.037643834576823146,-1.1837835955930132e-07,9.144922162446223e-07
