Seconds since J2000,RA ECLIPJ2000 [rad],DEC ECLIPJ2000 [rad],O-C RA ECLIPJ2000 [rad],O-C DEC ECLIPJ2000 [rad]
372457982.246404,0.5777651703095489,-0.004321878408927374,-3.1282256851561385e-07,9.297493446438349e-07
