Seconds since J2000,RA ECLIPJ2000 [rad],DEC ECLIPJ2000 [rad],O-C RA ECLIPJ2000 [rad],O-C DEC ECLIPJ2000 [rad]
684868365.278435,-0.6215259762231793,0.0006363281438071281,-5.52405393428046e-07,3.646432918150925e-07
684868820.692835,-0.6215357793677161,0.0006361846628189425,-2.268439880381834e-10,6.85381398776979e-08
684869276.6256349,-0.621546410964899,0.0006358190794355881,-2.6575534461947825e-07,-4.520626059786306e-07
684869732.2128348,-0.6215567202727431,0.000636367969415876,-2.1818380080418365e-07,-6.019281765059538e-08
