Seconds since J2000,RA ECLIPJ2000 [rad],DEC ECLIPJ2000 [rad],O-C RA ECLIPJ2000 [rad],O-C DEC ECLIPJ2000 [rad]
97177192.3767374,2.2970380348937036,-0.0025360796570604804,-8.137528739737832e-08,8.833731411973279e-07
97178732.02473786,2.2969939484257966,-0.0025336274972842746,-1.9304016962706783e-06,1.359620531026992e-06
97180273.40073833,2.2969536030266804,-0.00253161209651135,4.5127924064303215e-08,1.4354429686766479e-06
97181835.51273978,2.296909919004981,-0.0025305565110988583,-7.228146388094103e-07,5.629338691191463e-07
