Seconds since J2000,RA ECLIPJ2000 [rad],DEC ECLIPJ2000 [rad],O-C RA ECLIPJ2000 [rad],O-C DEC ECLIPJ2000 [rad]
-1833774679.297104,1.340655775219729,0.0033863252263905777,5.95059582852997e-06,-1.8081860042782304e-06
-1833766816.8971016,1.3404317739431455,0.0033955620419961925,-1.9295982629508046e-06,-4.803199752722448e-06
-1833518618.2090387,1.3336579897820606,0.003787990578523982,1.9250607552478982e-07,1.443008847202762e-06
