Seconds since J2000,RA ECLIPJ2000 [rad],DEC ECLIPJ2000 [rad],O-C RA ECLIPJ2000 [rad],O-C DEC ECLIPJ2000 [rad]
98844263.09718037,2.2538783040857306,-0.00012630490908844375,3.6801864311541976e-07,-6.607530213597419e-07
98845169.43317957,2.2538571626982256,-0.0001250530734212183,9.763527182293785e-07,-5.406719037668282e-07
98846063.67318077,2.253834558927878,-0.000123698614291832,-2.0459546057338684e-07,-3.046732082048829e-07
99692801.81735635,2.235475522788282,0.0011792273657515787,-1.951291948465439e-06,-1.2471653963116742e-06
99693695.19335651,2.235458137928836,0.001180097002752734,-1.3440753487969914e-06,-1.6076488804079962e-06
99694651.64135669,2.235437709464308,0.0011816581113672836,-2.519666939537757e-06,-1.350598994859795e-06
