Seconds since J2000,RA ECLIPJ2000 [rad],DEC ECLIPJ2000 [rad],O-C RA ECLIPJ2000 [rad],O-C DEC ECLIPJ2000 [rad]
122857945.59092255,2.9290722918467003,0.032741328075825235,2.452707152933442e-07,2.9930168196495854e-06
122859017.81492281,2.9291010828593933,0.032745663789620724,1.8645638499847905e-06,5.416916851172515e-06
122860102.13492309,2.929127305715371,0.032743112668228345,6.391521698567715e-07,9.459049693169574e-07
122861184.72692336,2.929156380799262,0.03274493505767817,2.33746655986522e-06,8.642580874296257e-07
