Seconds since J2000,RA ECLIPJ2000 [rad],DEC ECLIPJ2000 [rad],O-C RA ECLIPJ2000 [rad],O-C DEC ECLIPJ2000 [rad]
201715350.14506942,-2.4226324190380537,0.03664300124003137,-1.781518368382251e-07,-3.2179860644937497e-07
201717733.92106882,-2.422693979466968,0.036635352722773705,3.315747378884737e-07,-1.180096211118864e-06
201720032.16106826,-2.4227538872866883,0.03663180323043786,3.2929572446604993e-07,1.7951397200469121e-06
