Seconds since J2000,RA ECLIPJ2000 [rad],DEC ECLIPJ2000 [rad],O-C RA ECLIPJ2000 [rad],O-C DEC ECLIPJ2000 [rad]
577405184.8976035,-2.229079465290449,0.04119866461815593,-4.966723428090347e-07,8.892367302712478e-07
577405628.9936025,-2.229090106441265,0.041197886177686514,-4.2836969482706877e-07,2.9629186306529e-07
577406071.3616024,-2.2291008704685606,0.0411975767106511,-5.262727151844615e-07,1.6886591874126777e-07
577406513.7296023,-2.22911163450173,0.04119726720454533,-6.260792080325928e-07,3.8640407117040976e-08
