Seconds since J2000,RA ECLIPJ2000 [rad],DEC ECLIPJ2000 [rad],O-C RA ECLIPJ2000 [rad],O-C DEC ECLIPJ2000 [rad]
331946425.47029525,0.0419172421618025,-0.014389151480124597,1.0795430578983134e-06,7.201475776246608e-07
331946735.5598951,0.04192028252735847,-0.014390732303210097,3.8023584978535974e-07,-8.030231536497456e-08
403476861.36158115,1.3334284526620404,-0.025700504127596526,7.605091172369072e-07,-5.587379382741842e-07
403477093.5183812,1.333425306427582,-0.02570062535821951,2.75320250375799e-07,-3.1980806427731046e-07
403477301.3103822,1.3334229354420897,-0.025701165867133863,2.8765245962958375e-07,-5.37532120897799e-07
