Seconds since J2000,RA ECLIPJ2000 [rad],DEC ECLIPJ2000 [rad],O-C RA ECLIPJ2000 [rad],O-C DEC ECLIPJ2000 [rad]
333429129.73542625,0.05253957256686601,-0.018776288434310385,2.464799086845937e-07,-1.82319401758127e-06
333429375.1114262,0.05254015041767603,-0.01877495366658233,5.098326623723115e-07,2.498112497938132e-07
335242738.31092095,0.043418478212125626,-0.024908190165403233,1.4360720502620827e-06,-2.8567014286225156e-06
335242924.0709199,0.043416475638391995,-0.024907323168091532,1.669141297802601e-06,-1.3818109389045208e-06
341792579.7504953,-0.08563223531976293,-0.038903107497364926,6.989529312134701e-07,8.883679563018165e-07
341792724.9024953,-0.08563414608281904,-0.03890386580742813,5.907176937186565e-07,7.026932234005523e-08
