Seconds since J2000,RA ECLIPJ2000 [rad],DEC ECLIPJ2000 [rad],O-C RA ECLIPJ2000 [rad],O-C DEC ECLIPJ2000 [rad]
623696830.4783102,-1.729234849917837,0.02052925436852772,-1.2439786889473226e-06,1.8046884727868084e-06
623697077.7551092,-1.7292266089394046,0.020527383525085558,1.320091418399727e-07,7.02204706777565e-08
623697197.6783092,-1.7292232435580719,0.020527611712274244,1.674578129495785e-07,3.642651517123119e-07
623697442.2767103,-1.7292156100545704,0.02052472778810415,1.0079514205507678e-06,-2.3858995468820088e-06
623697523.1471102,-1.7292151666414788,0.020528159341916288,-7.949328659773158e-07,1.0897126441998528e-06
623698371.3359092,-1.729191444936448,0.02052733792159623,-6.439723740925274e-07,7.255001000031069e-07
623698580.0783092,-1.7291852560382996,0.020525813752091785,-2.590957408621364e-07,-6.874949257072716e-07
623699064.0047102,-1.7291717617190498,0.020526242532424948,-2.2520900810896194e-07,-2.9762811278033485e-09
