Seconds since J2000,RA ECLIPJ2000 [rad],DEC ECLIPJ2000 [rad],O-C RA ECLIPJ2000 [rad],O-C DEC ECLIPJ2000 [rad]
478246195.08933616,2.32002434574588,0.013776521876461327,-5.391683046696016e-07,8.504704397879759e-07
478246833.5853373,2.320010621169541,0.013776497007337234,6.264947236545026e-07,-1.806611838531258e-07
478247466.8973364,2.3199947658562396,0.01377634597017014,-4.5717156282876203e-07,-1.3240245239579812e-06
