Seconds since J2000,RA ECLIPJ2000 [rad],DEC ECLIPJ2000 [rad],O-C RA ECLIPJ2000 [rad],O-C DEC ECLIPJ2000 [rad]
373116111.78247666,0.559999961034067,-0.0036066726696751743,-2.608318433461321e-07,4.59873524046462e-07
373117705.8624769,0.5599565532914819,-0.003605200967851691,6.75483209366945e-08,2.1409220923428868e-08
373119967.8144762,0.5598946137199988,-0.0036026076551333892,1.0784132586927342e-07,-3.487085127942824e-08
