Seconds since J2000,RA ECLIPJ2000 [rad],DEC ECLIPJ2000 [rad],O-C RA ECLIPJ2000 [rad],O-C DEC ECLIPJ2000 [rad]
476989130.38505095,2.3518419140404263,0.011603711886876646,2.4318271396595037e-08,-1.0075240806581287e-08
476989606.44905007,2.3518283849721637,0.011605145194883006,-3.472628775647024e-07,5.998025357743797e-07
476990080.7850512,2.3518148559285175,0.011606578558666222,-7.629088645266791e-07,1.2166461297504622e-06
476990555.9850503,2.3518030825971996,0.011607028615439637,6.044098403990006e-07,8.525780522978393e-07
