Seconds since J2000,RA ECLIPJ2000 [rad],DEC ECLIPJ2000 [rad],O-C RA ECLIPJ2000 [rad],O-C DEC ECLIPJ2000 [rad]
235161187.5845468,-1.808638897373842,0.01313148995981824,3.4493547025338245e-06,1.415739698770388e-06
235162040.35254654,-1.8086623452293225,0.01313544290044871,2.102720402685776e-06,4.53573015573791e-06
235162888.8005463,-1.808688608531025,0.013133749142390207,-2.172505692232818e-06,2.001581074908415e-06
235164583.10454574,-1.8087303670699866,0.013137790121078826,-3.325525477215763e-08,4.3290385212963606e-06
235679270.49638462,-1.821532141270121,0.013645685636475861,4.286111956908201e-06,5.735051628302096e-07
235680112.89638537,-1.8215596016007696,0.01364859931466473,-2.1756810757445066e-06,2.7150803737011064e-06
235680961.3443851,-1.8215774611833393,0.01365058944922749,1.109175258751094e-06,3.915885538396252e-06
235681809.79238382,-1.8215984180784301,0.013649810183074184,1.2899542196631586e-06,2.335486479742785e-06
235682655.64838356,-1.8216195297421958,0.013650476918668454,1.2427902607026198e-06,2.1917540202320146e-06
