Seconds since J2000,RA ECLIPJ2000 [rad],DEC ECLIPJ2000 [rad],O-C RA ECLIPJ2000 [rad],O-C DEC ECLIPJ2000 [rad]
-38728513.90566476,-0.14580133259241,-0.04644450317913196,1.088091225093235e-06,2.293733269431719e-06
-38726798.00166472,-0.14584093070352191,-0.04644488714246238,1.3738861484036136e-06,1.7073027912956062e-06
-38725145.16966368,-0.14587947955436895,-0.04644466685038783,1.2012772362679502e-06,1.729470591523008e-06
