Seconds since J2000,RA ECLIPJ2000 [rad],DEC ECLIPJ2000 [rad],O-C RA ECLIPJ2000 [rad],O-C DEC ECLIPJ2000 [rad]
99068312.12122881,2.24870424212617,0.0002226393845758017,5.804109895368725e-06,5.178301445768951e-06
99070147.25723019,2.2486553132054268,0.0002234022623284898,-7.152600076665294e-07,3.0724300251333547e-06
99071987.5772306,2.2486122617447935,0.00022626637046974652,-1.1581397285631567e-06,3.1188091984601983e-06
100193814.68144277,2.2264735602149663,0.001957607406141498,-2.2843180413900654e-07,1.8867216648064608e-06
100206384.15344577,2.226261186613809,0.001975658790743227,-8.963584985366424e-09,2.1599399958474944e-06
100207286.16944492,2.226246488057949,0.0019772881709609015,4.585901858256136e-07,2.583763660936149e-06
