Seconds since J2000,RA ECLIPJ2000 [rad],DEC ECLIPJ2000 [rad],O-C RA ECLIPJ2000 [rad],O-C DEC ECLIPJ2000 [rad]
226818478.75352222,-1.734376557899361,0.003454809623812806,-7.012466065603462e-07,2.3311777775608493e-06
227070654.4335553,-1.7299203229256668,0.003680644541363152,-2.2997354975906603e-07,-4.044362952905934e-06
227071024.22555533,-1.7299137398178321,0.0036825539245277906,1.8537852675137856e-07,-2.4084608323004554e-06
227941156.89763764,-1.7179181933191172,0.004535596795781916,-2.1104531733318055e-06,7.796761650200393e-07
227941706.40163764,-1.7179122381125742,0.004536946114175969,-1.812610934459613e-06,1.6429187952114038e-06
