Seconds since J2000,RA ECLIPJ2000 [rad],DEC ECLIPJ2000 [rad],O-C RA ECLIPJ2000 [rad],O-C DEC ECLIPJ2000 [rad]
364512985.575579,0.6183029122336914,-0.01177929841550563,-9.42708542894799e-07,-1.2825980722636077e-07
