Seconds since J2000,RA ECLIPJ2000 [rad],DEC ECLIPJ2000 [rad],O-C RA ECLIPJ2000 [rad],O-C DEC ECLIPJ2000 [rad]
203445954.2405857,-2.45951406515942,0.03140615157522084,-2.8920824046707594e-07,8.503930224584844e-08
203447759.13658616,-2.4595442304154616,0.03140017465472645,-1.0941667261121779e-07,4.5244374747427374e-07
203449574.4005856,-2.4595745492529733,0.031394657348766314,6.613628755758327e-08,1.2849322882091396e-06
204051308.06439665,-2.4681514718914683,0.029333100241104616,4.7669856106935526e-07,-2.3486361518804122e-07
204053155.29639703,-2.4681754734688885,0.029326564575993083,-8.800758033444822e-08,-4.7358260594349e-08
204055029.31239647,-2.4681986478634923,0.029319795371508243,4.633740773307693e-07,-3.498356721670648e-08
