Seconds since J2000,RA ECLIPJ2000 [rad],DEC ECLIPJ2000 [rad],O-C RA ECLIPJ2000 [rad],O-C DEC ECLIPJ2000 [rad]
409448609.6476609,1.1785455420784727,-0.025061905833262184,2.0411259682440175e-06,-5.449262428028345e-07
409448862.79966104,1.17853947686923,-0.025060910608921197,2.8668119984587292e-06,-2.495957525383563e-08
409448946.60766107,1.1785372980300857,-0.02506153568776513,2.969476096792434e-06,-8.072312896838241e-07
409452099.3436621,1.1784497804432563,-0.025055034277293768,1.340079219147583e-06,-1.6159793286146806e-07
409452178.8316611,1.1784464108927684,-0.025054481248699814,1.3709862689559316e-07,2.4535912888923317e-07
409452259.1836621,1.1784448273660093,-0.02505569526278819,7.437261975162812e-07,-1.1162304955000812e-06
409452419.8876622,1.1784399528547513,-0.025055877829791663,2.496218411973672e-07,-1.5936945495301225e-06
