Seconds since J2000,RA ECLIPJ2000 [rad],DEC ECLIPJ2000 [rad],O-C RA ECLIPJ2000 [rad],O-C DEC ECLIPJ2000 [rad]
201052790.0172261,-2.4049722872120864,0.03827869683016283,1.3280539650217804e-06,-9.601300988704153e-07
201053276.449226,-2.404986134378543,0.03827785981573913,1.1487015534328293e-06,-5.967912371299122e-07
