Seconds since J2000,RA ECLIPJ2000 [rad],DEC ECLIPJ2000 [rad],O-C RA ECLIPJ2000 [rad],O-C DEC ECLIPJ2000 [rad]
96940770.872666,2.303377379707308,-0.0028511316593098053,1.7423475120459386e-06,-6.504251963386845e-07
96941698.80866729,2.3033523803863223,-0.002849792926079694,2.1282608879680254e-06,-3.061671637518554e-07
96942642.29666659,2.303326578414726,-0.002848181775051299,2.120585500087202e-06,3.014039479179442e-07
97446216.92081684,2.2897958452331313,-0.00216459357772331,-1.7405247536572688e-06,2.1413095949124154e-06
97447128.4408171,2.289771015526474,-0.0021636120077557375,-1.5148809957565845e-06,1.9176487981841656e-06
97448036.50481735,2.289745786805644,-0.0021612316183843524,-1.767652110462592e-06,3.113057873015742e-06
97967587.35296299,2.2759043185835783,-0.0014260507282577446,1.2402696367708188e-06,1.1209770818248078e-06
97968510.10496423,2.2758792630682825,-0.001424023435503098,1.0355204036471832e-06,1.942738088488334e-06
97969418.16896348,2.275854469802757,-0.0014229294486641187,6.989685030767134e-07,1.8640121972101145e-06
