Seconds since J2000,RA ECLIPJ2000 [rad],DEC ECLIPJ2000 [rad],O-C RA ECLIPJ2000 [rad],O-C DEC ECLIPJ2000 [rad]
512217948.60163736,2.9341820102638843,0.046427552222701236,-8.848187604826308e-08,-4.561179814885352e-07
512219019.9616364,2.9341568468637287,0.04642579202614457,1.3944705075097374e-06,-7.513466611444586e-07
512220088.7296375,2.9341303545976496,0.046423465747273435,1.4850718752512648e-06,-1.6070654909883242e-06
512221159.22563756,2.9341013910990936,0.04642324910127423,-8.551990107186214e-07,-3.431003134171662e-07
