Seconds since J2000,RA ECLIPJ2000 [rad],DEC ECLIPJ2000 [rad],O-C RA ECLIPJ2000 [rad],O-C DEC ECLIPJ2000 [rad]
577086895.9376277,-2.2217949161401584,0.04128462875622557,9.650568744135057e-08,3.1116227922067807e-07
577088117.6336275,-2.221823012942673,0.041284362368348676,-2.8039728761086735e-07,4.5796273254183895e-07
577089339.3296275,-2.2218511097943625,0.04128409571290902,-6.505881731122543e-07,5.872463912856563e-07
579067277.2493693,-2.272484930585739,0.039992394406588014,-4.4725886150231986e-07,6.940529181792554e-07
579067354.1453682,-2.272486958741847,0.039991834224059275,-3.0658997118848674e-07,2.3254440950637445e-07
579069033.7613689,-2.2725352275687647,0.03999007074273089,-1.19627612038542e-06,6.09223715392071e-07
579069110.657368,-2.272536708951768,0.039990164553052945,-5.083935428196185e-07,8.002878031515559e-07
579070790.2733686,-2.2725841725562175,0.039988119753433464,-5.90956466872683e-07,8.626183591251002e-07
579070866.3053676,-2.2725863299951072,0.039988026790560016,-6.037669662006806e-07,8.642352545829013e-07
