Seconds since J2000,RA ECLIPJ2000 [rad],DEC ECLIPJ2000 [rad],O-C RA ECLIPJ2000 [rad],O-C DEC ECLIPJ2000 [rad]
-211324800.5264295,-2.9849098594251933,0.013008888902443764,1.082623620529688e-06,-1.3696177301372042e-06
