Seconds since J2000,RA ECLIPJ2000 [rad],DEC ECLIPJ2000 [rad],O-C RA ECLIPJ2000 [rad],O-C DEC ECLIPJ2000 [rad]
579571087.745269,-2.286442064823363,0.039368376184608575,-6.47710661549894e-07,6.06046701420726e-07
579571996.6732687,-2.2864677067929295,0.03936621084672412,-6.621256232186568e-07,-2.650800272341325e-07
579572947.0732696,-2.2864937620128027,0.03936292203712016,5.998881880131535e-08,-2.215241224401421e-06
581207002.624863,-2.329055083468484,0.036577239911753,-3.409897564310427e-07,-8.778059947742167e-07
581207768.1288619,-2.329073740051603,0.03657831198644892,-5.528629261064566e-07,1.8101929191369215e-06
581208544.0008616,-2.3290930602321565,0.03657666105490269,-1.192186966925135e-06,1.7874953632118773e-06
581209283.5848614,-2.3291096694881444,0.03657328176406245,-8.360764969239654e-09,-4.885925246334022e-08
