Seconds since J2000,RA ECLIPJ2000 [rad],DEC ECLIPJ2000 [rad],O-C RA ECLIPJ2000 [rad],O-C DEC ECLIPJ2000 [rad]
100710544.18551737,2.2189039481760653,0.0027578504260853246,-1.0416805462654111e-07,2.587554711260074e-06
100712393.5295176,2.218879739656813,0.0027605295933683,4.1868471045702904e-07,2.5135168836738775e-06
100714239.03351684,2.2188548646479744,0.00276303434574026,2.421477329761501e-07,2.3265184269575905e-06
