Seconds since J2000,RA ECLIPJ2000 [rad],DEC ECLIPJ2000 [rad],O-C RA ECLIPJ2000 [rad],O-C DEC ECLIPJ2000 [rad]
130545649.11321993,2.92076737864075,0.04516414112670448,2.5173053903593257e-06,5.615431204426813e-06
130546551.12922014,2.920742985246676,0.04516431436065697,1.8973702151647842e-06,5.603285957590798e-06
130547460.92122133,2.9207194461552066,0.045164323749236686,2.3451052695300234e-06,5.433934064665025e-06
