Seconds since J2000,RA ECLIPJ2000 [rad],DEC ECLIPJ2000 [rad],O-C RA ECLIPJ2000 [rad],O-C DEC ECLIPJ2000 [rad]
62115177.27159952,1.7882080246104473,0.01888886220047868,4.531356554426935e-07,-3.051497535891401e-06
62116098.295600824,1.788186708033242,0.01888831361929801,1.6170179095720272e-06,-4.76922731716331e-06
62117028.82360012,1.7881631575112087,0.01889729393645338,7.905384362683066e-07,3.048784054587167e-06
62542890.96773883,1.7778493007073852,0.019394257932569495,8.552054837629441e-07,-6.483567362401688e-07
62543769.65573911,1.777827116666168,0.019396158545310137,8.937926585517175e-07,2.1740850870630157e-07
62544684.63173841,1.7778037394444222,0.01939649185549636,6.759573889514314e-07,-5.093011187749796e-07
64265154.87230317,1.7353197253279389,0.020657912322979338,1.6333264463153085e-06,-2.4874630857041335e-06
64266112.184303485,1.7352964059948055,0.02065867209483192,1.2994449729575308e-06,-2.164617011569253e-06
64267075.544303805,1.7352730866942117,0.020659432101323778,1.128993557975022e-06,-1.8249484246384007e-06
