Seconds since J2000,RA ECLIPJ2000 [rad],DEC ECLIPJ2000 [rad],O-C RA ECLIPJ2000 [rad],O-C DEC ECLIPJ2000 [rad]
208218119.1350944,-2.454366569168126,0.014627845198833289,-2.7080337106077934e-06,-2.142467534719389e-07
208218780.95909423,-2.454349374911447,0.014625406718820469,2.533388477221621e-06,-5.043050701897256e-07
208219447.103094,-2.4543383075150604,0.014623478662893465,1.557121742656875e-06,-2.761444407792246e-07
208220111.51909482,-2.4543267237713153,0.01462223404355113,1.115106280646927e-06,6.235962222260472e-07
