Seconds since J2000,RA ECLIPJ2000 [rad],DEC ECLIPJ2000 [rad],O-C RA ECLIPJ2000 [rad],O-C DEC ECLIPJ2000 [rad]
-9511251.30552352,0.5519293429704817,-0.017779257446436676,4.899057699514486e-07,-1.1736753307740877e-06
-9080479.913572734,0.5454848328309234,-0.017268324168074757,-7.119344868078414e-07,-1.1231876682199493e-07
