Seconds since J2000,RA ECLIPJ2000 [rad],DEC ECLIPJ2000 [rad],O-C RA ECLIPJ2000 [rad],O-C DEC ECLIPJ2000 [rad]
28319827.638932694,1.1394470555195182,-0.03908791020574299,7.13862275292243e-07,1.0248674372423383e-06
28320258.774932805,1.1394330791014737,-0.0390878775816401,2.2418761957965216e-08,8.750560150025399e-07
28321371.60693209,1.1393989435025749,-0.03908720076318031,1.593250040787808e-07,1.0954012431285687e-06
