Seconds since J2000,RA ECLIPJ2000 [rad],DEC ECLIPJ2000 [rad],O-C RA ECLIPJ2000 [rad],O-C DEC ECLIPJ2000 [rad]
30718064.407634914,1.0721582396621934,-0.0364985365830646,-1.5184218469244115e-06,2.7845369822906973e-06
30719521.11163539,1.072120449272253,-0.036493777531200165,-4.756822387541604e-06,4.820394084593949e-06
30720969.17563686,1.0720934738873942,-0.03649815791682869,2.66800543902157e-06,-2.261643271599112e-06
30722418.103637338,1.0720595433792481,-0.03649864120282964,3.2050469225275435e-06,-5.4395211044333536e-06
