Seconds since J2000,RA ECLIPJ2000 [rad],DEC ECLIPJ2000 [rad],O-C RA ECLIPJ2000 [rad],O-C DEC ECLIPJ2000 [rad]
370558849.76636267,0.6236299968758827,-0.006376489018812385,-1.2464781135035352e-06,1.419659613973584e-06
370560385.95836264,0.6235983673786558,-0.006374624781020691,-1.02046344196971e-06,1.342174583804541e-06
370561923.0143626,0.6235660695488476,-0.006372525461326786,-1.4302333604110373e-06,1.524489704626819e-06
374680443.3987439,0.520490948150071,-0.0019775757880344637,-7.733264868470258e-07,1.7295536620829874e-06
374682974.05474347,0.52043274105841,-0.00197433691737318,-1.1544726474799205e-06,1.872176285629308e-06
374686776.5187443,0.5203454301493143,-0.001969477257546776,-1.2358180159210974e-06,2.0163221302990815e-06
