Seconds since J2000,RA ECLIPJ2000 [rad],DEC ECLIPJ2000 [rad],O-C RA ECLIPJ2000 [rad],O-C DEC ECLIPJ2000 [rad]
548151209.3452305,-2.922286328466537,0.017230793968855886,-1.6384119425616461e-06,9.819777542566244e-07
548153075.58523,-2.9223092949207485,0.01723109106239245,-2.4831905056643677e-06,6.240242655317085e-07
548154808.7692297,-2.92232950157651,0.017230448817222823,-2.1783796051444426e-06,-6.398274327891473e-07
548156363.9692292,-2.9223469329546776,0.01723255801529232,-1.2413095662466844e-06,8.968695830342821e-07
548157875.1052299,-2.9223653234729445,0.017233209326204625,-1.8248700874856638e-06,9.754904068751125e-07
