Seconds since J2000,RA ECLIPJ2000 [rad],DEC ECLIPJ2000 [rad],O-C RA ECLIPJ2000 [rad],O-C DEC ECLIPJ2000 [rad]
543447990.7856237,-2.8245681158914544,0.014093751927843625,-1.9814704419474083e-06,-1.043084266570335e-06
543449050.0496236,-2.824590263164611,0.014095916072887177,7.850282512933404e-08,5.597846853781091e-07
543450111.0416228,-2.8246144735569803,0.014096445565839767,1.3976885826494367e-07,5.298636912461074e-07
543451172.0336227,-2.824638757733365,0.014097154334704494,1.4863028230394093e-07,6.803596280871571e-07
