Seconds since J2000,RA ECLIPJ2000 [rad],DEC ECLIPJ2000 [rad],O-C RA ECLIPJ2000 [rad],O-C DEC ECLIPJ2000 [rad]
197243024.3536603,-2.3554501375630865,0.02222258506982068,1.5746016108764138e-06,4.992668719699944e-07
197244517.34566027,-2.355478454143946,0.022221570738027652,1.5593033104721599e-06,8.987365708208739e-07
197245844.4496603,-2.355502847171789,0.022219722958120223,2.3290406576670364e-06,2.857237766142051e-07
197587025.95365855,-2.362084468433592,0.021939430153904083,1.9494058105529177e-06,2.3560853589128794e-06
197588518.08165753,-2.362115339270017,0.021937072490531246,1.962402979227562e-06,1.5329307527962854e-06
197590009.3456575,-2.3621464942753234,0.021935641621937833,1.6826037776418445e-06,1.6104301203620497e-06
