Seconds since J2000,RA ECLIPJ2000 [rad],DEC ECLIPJ2000 [rad],O-C RA ECLIPJ2000 [rad],O-C DEC ECLIPJ2000 [rad]
-285105615.96841913,2.3514011415365252,0.015729310615387966,3.6607514037889644e-06,-2.7725991482638324e-06
-253818166.16849893,2.8432072706813925,0.02406494556464087,0.00010409808553957234,5.224922127309087e-05
-249424053.11109474,2.803257437072522,0.02346084783590768,4.114501224172784e-06,3.6440308849826353e-06
