Seconds since J2000,RA ECLIPJ2000 [rad],DEC ECLIPJ2000 [rad],O-C RA ECLIPJ2000 [rad],O-C DEC ECLIPJ2000 [rad]
90635951.19076912,2.3736925152086767,-0.0005935790538932444,4.0689797664583693e-07,2.301551197503998e-06
90636854.93477032,2.373705393122025,-0.0005926103425499005,2.522524101600254e-06,2.610719783550366e-06
90637753.49477051,2.373717026397447,-0.0005899983515821707,3.4620081401648406e-06,4.575883937614012e-06
95968919.48036292,2.341720192833711,0.0070053614406896106,-3.175392415677436e-07,2.9855685431392706e-06
95975068.56836489,2.341583608718284,0.00701719941790869,2.1027834629094855e-07,3.2596948553818145e-06
95980827.12836674,2.3414537209888393,0.007028536597266173,-7.126007091073916e-07,4.3178376114188025e-06
