Seconds since J2000,RA ECLIPJ2000 [rad],DEC ECLIPJ2000 [rad],O-C RA ECLIPJ2000 [rad],O-C DEC ECLIPJ2000 [rad]
304794653.41465956,-0.7237596330132189,-0.006087916355035447,-8.765086968454128e-07,1.6377352457771013e-06
304795289.31866044,-0.723775270373259,-0.0060884356359841105,5.961308684465649e-07,9.148122987381185e-07
304795924.35866034,-0.7237938719593375,-0.006089010012030705,-9.172849497751656e-07,1.31058418405966e-07
304796549.0306592,-0.7238112255363894,-0.006092539808498046,-1.4610957391747448e-06,-3.6103538977793823e-06
