Seconds since J2000,RA ECLIPJ2000 [rad],DEC ECLIPJ2000 [rad],O-C RA ECLIPJ2000 [rad],O-C DEC ECLIPJ2000 [rad]
-281947487.60739,2.2899729671502556,0.02220668221212462,-1.3463274006753068e-07,1.057515467313419e-07
-280986376.599102,2.2650385072921164,0.023687384129619522,4.437715528382569e-09,4.005508156552928e-06
-274781737.718403,2.1994138367043385,0.02626870862259676,-5.703553265234973e-07,7.329579922790708e-07
-252465423.832051,2.845146290110526,0.02411711442337578,3.408601628507313e-06,1.8200986669214547e-08
-248760046.646927,2.7873664587879072,0.02306938713627384,4.69647471623702e-06,1.4165027216912762e-06
-245305246.742369,2.7004840660620686,0.01958471108261563,5.680265888763358e-06,6.242239070437111e-06
-245235601.430368,2.699080905595624,0.0194964570309087,7.10105648416004e-06,3.2079220629449567e-06
-245214124.118337,2.698639208883107,0.019466055354490173,6.222200114258669e-06,4.661713720242183e-06
