Seconds since J2000,RA ECLIPJ2000 [rad],DEC ECLIPJ2000 [rad],O-C RA ECLIPJ2000 [rad],O-C DEC ECLIPJ2000 [rad]
-1316748792.6703591,-2.680003691385676,0.018040198508324716,7.727904359100535e-06,3.522658567949033e-06
-1316744185.8223584,-2.68013019466549,0.018048235487567104,9.456996599155332e-06,8.22355417766027e-06
-1247464925.6249294,-1.6277858731720616,0.0029617991603101347,6.500947036247595e-06,6.187626819744059e-07
-1247461035.8968723,-1.6278835483788832,0.0029622494066390316,9.544410009665327e-06,-1.4434140576079224e-06
-1141963046.2837796,0.19540318673124904,-0.033527406085283575,7.773108292336017e-06,-1.672580049884298e-06
-1141959056.3317273,0.19530217657923638,-0.03353080733321323,8.381483950520296e-06,-1.0829224856845343e-06
-1137220800.6810281,0.15693874422636794,-0.034245757834435044,4.1227167773549844e-06,8.351044231899585e-07
-1137216901.4489763,0.15697300879578138,-0.0342414683371266,-5.73977285142635e-06,2.182188044486111e-06
