Seconds since J2000,RA ECLIPJ2000 [rad],DEC ECLIPJ2000 [rad],O-C RA ECLIPJ2000 [rad],O-C DEC ECLIPJ2000 [rad]
-183096600.1984368,-2.399762590186122,0.02191617744571032,-7.387755416310426e-07,-4.241146425460612e-06
-183011939.43042728,-2.400463888206244,0.02186175867242168,4.017150176949258e-07,-8.949072138667719e-06
