Seconds since J2000,RA ECLIPJ2000 [rad],DEC ECLIPJ2000 [rad],O-C RA ECLIPJ2000 [rad],O-C DEC ECLIPJ2000 [rad]
443462515.8564714,1.8420749677452588,0.011337078845620546,-9.911043017396537e-07,1.637363872541986e-07
443463174.2244716,1.842057038331261,0.01133498602777979,-2.637724061615998e-06,-1.5153276120907777e-06
443463835.18447185,1.842040099745615,0.011335937620718451,-3.219937983578447e-06,-1.406469876553268e-07
443464494.41647303,1.8420271454992754,0.011337354336346852,1.4807254178350604e-07,1.7058557342155417e-06
