Seconds since J2000,RA ECLIPJ2000 [rad],DEC ECLIPJ2000 [rad],O-C RA ECLIPJ2000 [rad],O-C DEC ECLIPJ2000 [rad]
408230595.1512769,1.2461696540477663,-0.03006847439129229,-1.9017010459698724e-06,7.962947673120779e-08
408231502.3512771,1.2461419789696442,-0.030069587140881038,-2.2823917209535693e-06,-1.4948274441595188e-06
408231959.4072763,1.2461296893658735,-0.03006888690667805,-8.296549343089765e-07,-1.0223781920747077e-06
443550121.1365,1.8399642246748356,0.011274173766339126,9.031105885348722e-08,4.665328508200728e-07
443550607.56850016,1.8399521598662618,0.011273752317206235,-5.084224841134244e-08,3.689472909997049e-07
443551092.27249926,1.8399407591285815,0.011273407848404629,4.3391619763966105e-07,3.5145387083067303e-07
443551577.84049946,1.8399286943259296,0.01127298651814406,2.796612912359109e-07,2.619813060291548e-07
