Seconds since J2000,RA ECLIPJ2000 [rad],DEC ECLIPJ2000 [rad],O-C RA ECLIPJ2000 [rad],O-C DEC ECLIPJ2000 [rad]
-1448773310.59114,1.388065348445141,-0.018166445011115757,2.993414005558748e-08,4.287728472156249e-06
-1448686679.0391164,1.3875849877339304,-0.018016895765041643,2.7320394964114314e-06,3.287358126467105e-06
-1448597053.7270901,1.3871580356867237,-0.017868329315690237,1.5304530719184584e-05,-3.4983364129680117e-06
-1448514019.007068,1.3867950916771545,-0.017715773999016627,3.875246817441891e-06,3.931297092040625e-06
