Seconds since J2000,RA ECLIPJ2000 [rad],DEC ECLIPJ2000 [rad],O-C RA ECLIPJ2000 [rad],O-C DEC ECLIPJ2000 [rad]
509927682.4573673,2.9726502262319046,0.0285710074308816,-1.5133768447306295e-06,6.840834558922981e-07
509929297.2733686,2.972606162134465,0.028569014046115487,-1.4661821383654683e-06,2.5688953501565304e-07
509930911.2253689,2.9725623818975677,0.028568197218597182,-1.2195231935407946e-06,9.861339993720575e-07
