Seconds since J2000,RA ECLIPJ2000 [rad],DEC ECLIPJ2000 [rad],O-C RA ECLIPJ2000 [rad],O-C DEC ECLIPJ2000 [rad]
238883018.78335494,-1.9184272821263413,0.021587768117462727,-4.230881831546185e-06,3.03719894252652e-06
239047304.92730585,-1.9198832223118392,0.02151529287948141,-3.918373082001381e-06,2.816447719170001e-06
239050757.4713048,-1.9199139333298452,0.021513718215594606,-3.903135880056752e-06,3.131234264035221e-06
239054238.52730274,-1.9199446443608679,0.02151214317086986,-3.7661597731553087e-06,3.268379555280282e-06
