Seconds since J2000,RA ECLIPJ2000 [rad],DEC ECLIPJ2000 [rad],O-C RA ECLIPJ2000 [rad],O-C DEC ECLIPJ2000 [rad]
-246879542.0065327,2.737850883567246,0.0214502650364926,3.605804375084176e-07,4.542391349383196e-06
-246621002.10249448,2.731160080434237,0.021168166309159218,1.655328896177366e-07,2.493467964801571e-06
-244200031.7663507,2.681356583805737,0.01814558336207977,1.570444666754156e-06,-2.345568004998022e-06
-214209840.81439826,-2.9278187883496654,0.03926787455104736,4.176428300084467e-06,-1.6484023562107764e-07
-214122150.86239195,-2.9301698811324584,0.0393816776562777,5.251223435642771e-06,6.043645682241028e-07
-213779491.05436796,-2.939518914999505,0.03979093616526957,6.5586608046785955e-06,1.1520705330211878e-06
