Seconds since J2000,RA ECLIPJ2000 [rad],DEC ECLIPJ2000 [rad],O-C RA ECLIPJ2000 [rad],O-C DEC ECLIPJ2000 [rad]
59183259.79878526,1.8760840860792196,0.00914323233782308,-6.336111939564404e-07,6.389962736476351e-07
59185226.2627847,1.8760659508157542,0.009142327026203984,-4.854024073797092e-07,3.1147315204295423e-07
59187198.77478614,1.8760463604195619,0.009142209418280084,-1.7683414184066493e-06,8.258965880584418e-07
59530236.15086517,1.872585357048238,0.00908119633800667,1.470808422165959e-06,1.930285636253179e-06
59531285.04686541,1.872572541091164,0.00908100517709255,1.17158319867805e-06,2.11762195413516e-06
59532289.01486565,1.8725605142305308,0.009079938440669521,1.11221429488495e-06,1.4260488583987818e-06
