Seconds since J2000,RA ECLIPJ2000 [rad],DEC ECLIPJ2000 [rad],O-C RA ECLIPJ2000 [rad],O-C DEC ECLIPJ2000 [rad]
63414905.43202218,1.785632083555625,0.00733424883309775,-6.24829291862028e-07,7.400674770901769e-06
63415792.76002347,1.785606942529545,0.007330457317619646,-2.4861464154035673e-07,4.338199582046634e-06
63416712.92002278,1.7855814434476058,0.007330528023375836,7.004841982016785e-07,5.1794155532013456e-06
