Seconds since J2000,RA ECLIPJ2000 [rad],DEC ECLIPJ2000 [rad],O-C RA ECLIPJ2000 [rad],O-C DEC ECLIPJ2000 [rad]
28839127.063070744,1.124106609912986,-0.026801631191602494,3.6278431416736368e-06,2.5591802815909392e-06
28840607.959070154,1.1240649197157835,-0.026800806887867904,6.1383494489586354e-06,6.360984700047589e-07
28842089.719071563,1.1240207094767731,-0.026798528609715714,6.151079310789953e-06,1.9798145539304257e-07
