Seconds since J2000,RA ECLIPJ2000 [rad],DEC ECLIPJ2000 [rad],O-C RA ECLIPJ2000 [rad],O-C DEC ECLIPJ2000 [rad]
364423805.2236071,0.6330920886282191,-0.017400035425618045,-1.5247005725749219e-06,1.7272189387941561e-06
364424079.1116071,0.6330989172315696,-0.017399844943099395,-1.0001948093085744e-06,1.635228815279055e-06
364428020.6796058,0.6331895072335693,-0.017396460352120283,-9.224899704118883e-07,9.62526698674443e-07
