Seconds since J2000,RA ECLIPJ2000 [rad],DEC ECLIPJ2000 [rad],O-C RA ECLIPJ2000 [rad],O-C DEC ECLIPJ2000 [rad]
-211324800.5264295,-3.005930219909918,0.04102121268759018,-1.9903719827851774e-07,1.1027248638662002e-06
