Seconds since J2000,RA ECLIPJ2000 [rad],DEC ECLIPJ2000 [rad],O-C RA ECLIPJ2000 [rad],O-C DEC ECLIPJ2000 [rad]
206063042.2077475,-2.4987560169559524,0.01003267765436988,3.190713200762474e-06,3.3887470664000635e-06
207190059.359394,-2.486836221233173,0.008541747235203024,-1.6379127907306668e-06,1.423423715408642e-06
207190665.88739282,-2.486827291806675,0.00853968547728116,-1.3582176947579683e-06,9.167312857091825e-08
