Seconds since J2000,RA ECLIPJ2000 [rad],DEC ECLIPJ2000 [rad],O-C RA ECLIPJ2000 [rad],O-C DEC ECLIPJ2000 [rad]
99071616.92123052,2.27017885367117,0.013100296302902435,2.3684405605628456e-06,5.244717937551158e-08
99072912.05723079,2.270144912445175,0.01310890833708174,-4.742344665409348e-06,6.284178073315272e-06
99074204.60123107,2.2701198194348122,0.013106406252586689,-3.035988164867831e-06,1.435762491064363e-06
99075499.73723136,2.2700984804826887,0.013113516110801849,2.4946873482534215e-06,6.223167753161701e-06
