Seconds since J2000,RA ECLIPJ2000 [rad],DEC ECLIPJ2000 [rad],O-C RA ECLIPJ2000 [rad],O-C DEC ECLIPJ2000 [rad]
370379841.06237,0.6606966153993178,-0.013950519242349739,-2.2066826710354093e-07,-4.447309498271934e-06
370380946.982371,0.6606774381414554,-0.013947564420670163,-1.5655854936902358e-06,-2.0761649599815996e-06
370382045.1263699,0.6606586175136089,-0.01394575561711193,-2.6468974235749343e-06,-8.425947624710745e-07
370383145.86237085,0.6606435455046126,-0.013948298705515661,9.073652118551934e-08,-3.956208149902968e-06
370384246.5983708,0.6606225592480526,-0.013946263352530207,-3.0614258604844125e-06,-2.483619468050813e-06
370812718.88635653,0.6534038596598799,-0.013831136837702518,-7.994642791109285e-07,1.93061532018958e-06
370813842.0863555,0.6533840487012065,-0.013829979641902104,3.012275465730241e-07,2.5475178431523526e-06
370814963.5583565,0.6533599455380446,-0.013830425358824519,-2.8977008456054776e-06,1.5702985515092527e-06
370816086.7583555,0.6533371412981629,-0.013829266302405474,-4.745155353202968e-06,2.206771699009638e-06
