Seconds since J2000,RA ECLIPJ2000 [rad],DEC ECLIPJ2000 [rad],O-C RA ECLIPJ2000 [rad],O-C DEC ECLIPJ2000 [rad]
89848627.73461552,2.3619409902352295,-0.0012116629990615395,2.246032394292996e-06,-1.5169141774167266e-06
89850065.43061677,2.3619631094143596,-0.0012099187369308203,-1.4220055666314124e-07,-7.845065872977026e-07
89851502.26261702,2.3619940452350052,-0.0012130666243950741,6.3586130023551846e-06,-4.914545568777398e-06
89852964.15061727,2.362014928889633,-0.0012025710671387752,2.4341139495120956e-06,4.6112054228936075e-06
95289427.5441423,2.3556244760834106,0.005726092865212641,1.6632533572646935e-08,3.878942566371869e-06
95290731.32014173,2.355598319537116,0.005728207400233635,-6.364276252668333e-07,3.8492589318466636e-06
95291968.56814216,2.3555744004684698,0.005732530243236804,-3.6013508797339e-07,6.152963163945889e-06
95293216.18414257,2.3555519040000683,0.005732218501126103,1.529095256636026e-06,3.818517315186398e-06
95294460.34414297,2.3555259351283553,0.005731348342462354,-1.3954656763459639e-07,9.424393978482715e-07
