Seconds since J2000,RA ECLIPJ2000 [rad],DEC ECLIPJ2000 [rad],O-C RA ECLIPJ2000 [rad],O-C DEC ECLIPJ2000 [rad]
130470104.40920271,2.8786052365094488,0.026120010022082286,-1.115991335343125e-06,1.4206926325158187e-06
130471028.02520293,2.8785789637510684,0.026121072969340117,-2.4818309096730218e-06,3.3002058263259526e-06
130471936.08920413,2.8785515483402175,0.026121130362014636,-5.428989560574138e-06,4.155884171744978e-06
167180094.9695856,-2.911118326568306,0.028711149896616713,-4.7247244561177126e-07,1.771712576089518e-06
167181037.5935865,-2.9111397804525625,0.02871158880675912,-3.758761430994184e-07,1.0917718996153458e-06
167182125.36958638,-2.91116399455413,0.02871297006960202,2.557570502048634e-07,1.170376471928275e-06
