Seconds since J2000,RA ECLIPJ2000 [rad],DEC ECLIPJ2000 [rad],O-C RA ECLIPJ2000 [rad],O-C DEC ECLIPJ2000 [rad]
577403120.8016027,-2.2867278423218274,0.02122160308632665,-2.2127018839412926e-07,4.3535595490099e-07
577403563.1696036,-2.286739119414914,0.021220431528558275,-3.073406786846533e-07,-2.565270013805965e-07
577404450.4976026,-2.2867613974673393,0.021219677754159977,-1.412226993124932e-07,-5.64014519810474e-08
