Seconds since J2000,RA ECLIPJ2000 [rad],DEC ECLIPJ2000 [rad],O-C RA ECLIPJ2000 [rad],O-C DEC ECLIPJ2000 [rad]
99068516.02522886,2.270240706160491,0.01310202651974463,-4.5953510463547786e-07,7.357319583406116e-06
99070356.34522924,2.2702026280862375,0.013104946735135075,-5.627783616901638e-07,6.760180146231018e-06
99072190.61722964,2.2701648218733492,0.013109454095540748,-4.3844265551484796e-07,7.822792289044478e-06
