Seconds since J2000,RA ECLIPJ2000 [rad],DEC ECLIPJ2000 [rad],O-C RA ECLIPJ2000 [rad],O-C DEC ECLIPJ2000 [rad]
405457022.9586059,1.3225781185815748,-0.030120815126031316,-3.162460442407422e-07,9.053188429510028e-07
405458420.9106061,1.322545280776783,-0.030121260876623552,-1.3952861035448905e-06,9.124715295953656e-07
405459817.9986053,1.3225137942384053,-0.030121848351129122,-1.084590801836427e-06,7.99343401091529e-07
