Seconds since J2000,RA ECLIPJ2000 [rad],DEC ECLIPJ2000 [rad],O-C RA ECLIPJ2000 [rad],O-C DEC ECLIPJ2000 [rad]
408609129.1033918,1.2350837084050672,-0.0298252774031361,-8.700503142389238e-07,-1.0799381527752672e-06
408611849.83939266,1.2350048893230618,-0.02982247775963414,-2.924720041708184e-07,-8.628200698843069e-07
408613209.7753941,1.2349658513188098,-0.02982088463590882,4.5608131626906356e-07,-5.578375646998757e-07
408695483.3114199,1.2325895565745202,-0.029759497834285394,-3.7703988131632116e-07,-2.4719795495287133e-08
408696843.24741936,1.2325500457658,-0.029756330656830195,-4.925773446906589e-07,1.8055997182443717e-06
408698203.18341976,1.232510663976369,-0.029757098721740472,-4.1083706880939985e-07,-2.9903390906874106e-07
