Seconds since J2000,RA ECLIPJ2000 [rad],DEC ECLIPJ2000 [rad],O-C RA ECLIPJ2000 [rad],O-C DEC ECLIPJ2000 [rad]
581247271.9368516,-2.3864778945691465,0.016170817758936376,-1.4293445538271499e-07,2.473416775977677e-07
581259900.160848,-2.386756624144728,0.01614827775419754,4.67704784234968e-07,-7.26022041305785e-07
581334307.8408258,-2.3883399226701436,0.01603603973629148,-9.853139237847586e-08,2.3008350220204976e-07
581335464.7368265,-2.3883640261453336,0.01603302712356891,9.024582579009177e-07,-7.452409480634969e-07
581336060.8968264,-2.388377257878144,0.016032928267160722,6.121478470788588e-07,2.0218267525115574e-07
581336663.9688251,-2.388390198414392,0.016031904482958964,7.656158138580338e-07,2.3403552504297487e-07
