Seconds since J2000,RA ECLIPJ2000 [rad],DEC ECLIPJ2000 [rad],O-C RA ECLIPJ2000 [rad],O-C DEC ECLIPJ2000 [rad]
574265314.721561,-2.234673976316527,0.02333150528314948,-7.46629864600834e-07,-1.0423461763164887e-06
574270408.0015616,-2.2347093425223465,0.023329153722626794,-4.5635614043249006e-07,-5.17386103061207e-07
574272072.9295619,-2.2347212725918495,0.02332799794172411,-6.323413010989043e-07,-7.765250703770099e-07
574955346.5936273,-2.2408725663808036,0.02301957482276229,3.175069145378018e-07,-8.59929469076981e-07
574961754.8816278,-2.2409493207673847,0.02301562798097281,-3.415413658558464e-07,-5.574315282454168e-07
574967400.2576282,-2.2410161604977272,0.02301232125769578,1.8417020219985147e-07,-4.6294916259195795e-07
