Seconds since J2000,RA ECLIPJ2000 [rad],DEC ECLIPJ2000 [rad],O-C RA ECLIPJ2000 [rad],O-C DEC ECLIPJ2000 [rad]
64219716.248289235,1.7633555555856106,0.006733047754757669,1.2711381844887626e-06,2.33284635884224e-06
64220254.52028941,1.7633395079793934,0.006732685497297105,-1.155487125981125e-07,2.3081983180316124e-06
64220914.61628962,1.7633201740719477,0.006731563461380188,-1.4599054838360104e-06,1.6041843193060137e-06
64221474.4882898,1.763308078080094,0.0067320166568474405,1.7110277084064762e-06,2.4155345863764374e-06
