Seconds since J2000,RA ECLIPJ2000 [rad],DEC ECLIPJ2000 [rad],O-C RA ECLIPJ2000 [rad],O-C DEC ECLIPJ2000 [rad]
579067430.1773692,-2.3310914784698022,0.019315132367973827,-4.97826024847825e-07,4.667849584048811e-07
579069186.6893688,-2.3311405760092607,0.019313195009709322,-2.6424266463820345e-07,1.0806743266089658e-06
579070943.2013675,-2.331190068769524,0.019310128051208242,-4.3464982812935204e-07,5.267388565322051e-07
