Seconds since J2000,RA ECLIPJ2000 [rad],DEC ECLIPJ2000 [rad],O-C RA ECLIPJ2000 [rad],O-C DEC ECLIPJ2000 [rad]
-111146039.81670529,-1.3028402482676726,-0.01157641711752516,-1.3400482150593973e-06,1.4048641700133147e-07
-111145724.81970538,-1.3028476753155203,-0.011576997593430767,-1.301887767812815e-06,-9.89460941999698e-10
-111058735.81373362,-1.3048639954133,-0.011692557986535134,-1.013199103061524e-06,-1.3998622673191963e-07
-111058283.81173378,-1.304875140886041,-0.011693247622637504,-1.339764399421739e-06,-2.195453446159068e-07
-111058000.81773387,-1.3048824005590007,-0.011693542488776196,-1.823821583757379e-06,-1.3463060966924234e-07
-41937117.82240459,-0.06214493601081241,-0.04178429292522738,-5.489205227166005e-07,-1.2279711263107895e-07
-41936831.82040464,-0.06215263478371311,-0.04178412896152185,-2.2724550833436163e-07,1.8145989032214427e-07
-41936545.81940469,-0.062160986502201344,-0.041784169135275585,-5.571562196743374e-07,2.807779646771258e-07
