Seconds since J2000,RA ECLIPJ2000 [rad],DEC ECLIPJ2000 [rad],O-C RA ECLIPJ2000 [rad],O-C DEC ECLIPJ2000 [rad]
229921329.12163147,-1.7292664339548247,0.012955816404781,-2.805577271391968e-06,9.692772878263506e-07
229922301.98563042,-1.729268578360464,0.012957614236515275,1.899253589288108e-06,1.135948386205704e-06
232084785.98534262,-1.7605222272476753,0.016877575935034392,-6.911295735712031e-07,-2.7480978803361145e-06
232085336.3533425,-1.7605336906033027,0.016877131718414616,-4.849626278335961e-08,-4.115478031065101e-06
233458510.56103364,-1.7943182375069335,0.01905551447785623,-8.037892240686517e-07,-3.3642628807090125e-07
233459239.77703345,-1.7943373461410972,0.019056614746964396,2.3271114990564001e-07,-1.7992135982122792e-07
