Seconds since J2000,RA ECLIPJ2000 [rad],DEC ECLIPJ2000 [rad],O-C RA ECLIPJ2000 [rad],O-C DEC ECLIPJ2000 [rad]
303987384.5188322,-0.7015309441499336,-0.006268903219945338,6.4869907923093e-07,1.5370107700968597e-06
303988512.03883296,-0.7015609443463958,-0.0062701882081639985,3.268873384421056e-06,-1.0543545820012462e-07
303989642.15083265,-0.7015962727843137,-0.006269705845817483,6.627271607051455e-07,-2.841947619076912e-09
