Seconds since J2000,RA ECLIPJ2000 [rad],DEC ECLIPJ2000 [rad],O-C RA ECLIPJ2000 [rad],O-C DEC ECLIPJ2000 [rad]
168629302.9053879,-2.939700212189507,0.03039266519739977,-6.273595549721733e-07,-1.0775371790741617e-06
168630048.5373878,-2.939713275185854,0.03039555629264338,-9.528222411070431e-07,1.2951887419579422e-06
168630794.16938865,-2.9397257703694217,0.03039710824098806,-7.154510219820054e-07,2.32674424470794e-06
168631539.80138853,-2.9397386571386663,0.030395861492386163,-8.758057772340067e-07,5.570987488059953e-07
