Seconds since J2000,RA ECLIPJ2000 [rad],DEC ECLIPJ2000 [rad],O-C RA ECLIPJ2000 [rad],O-C DEC ECLIPJ2000 [rad]
227074363.58555475,-1.7419478600382685,0.008150152542292479,-5.912024718668363e-07,2.1675361892257994e-06
227074851.74555582,-1.7419410223677936,0.008148711186467704,-1.0737883606726228e-06,8.880196039444399e-08
