Seconds since J2000,RA ECLIPJ2000 [rad],DEC ECLIPJ2000 [rad],O-C RA ECLIPJ2000 [rad],O-C DEC ECLIPJ2000 [rad]
374753914.50275975,0.5644252538805777,-0.01346097311524201,5.582127838854589e-07,-1.8810697462300768e-06
374755030.790759,0.5644011752186509,-0.013460438431362992,-1.9027718578534802e-07,-1.516063046408389e-06
374756146.21476024,0.5643786014448097,-0.013459937044891169,5.310779382927677e-07,-1.1698127178501327e-06
374757261.63876045,0.5643553583492207,-0.013459191126640522,5.624330267073319e-07,-5.635863996687057e-07
