Seconds since J2000,RA ECLIPJ2000 [rad],DEC ECLIPJ2000 [rad],O-C RA ECLIPJ2000 [rad],O-C DEC ECLIPJ2000 [rad]
208562737.63100034,-2.460976923028876,0.0069404862568479666,-1.2272860079320935e-06,-2.126901749053764e-07
209342056.12680858,-2.4413387926693217,0.00613916199474168,-1.3294095313476362e-06,-1.2724562959438163e-06
209342785.3428074,-2.441318614393183,0.006138690691601097,-9.004438688009486e-07,-1.0456031919328992e-06
210029770.7506626,-2.421321458844445,0.005496322834494005,-4.565217168739366e-07,-5.520614717625938e-08
211237664.35046187,-2.380810360549053,0.00450649212931708,-1.1589126316380316e-06,-2.0659565669930297e-07
211238150.78246182,-2.38079339820804,0.0045062224186378985,-1.622976897763806e-06,-1.223641221204455e-07
