Seconds since J2000,RA ECLIPJ2000 [rad],DEC ECLIPJ2000 [rad],O-C RA ECLIPJ2000 [rad],O-C DEC ECLIPJ2000 [rad]
130068945.75310715,2.888999429197424,0.02635728032719954,1.2873323789186486e-06,2.9001762370632622e-06
130069513.40110728,2.888987466656592,0.02635592650368431,3.819184237308093e-06,1.907397771026831e-06
130070086.23310842,2.8889701946434743,0.026356019803286657,1.1810731264105812e-06,2.3687308854832e-06
165494145.8496478,-2.871504753430761,0.025923146673463023,-1.1420221106561712e-06,-5.103031082628884e-07
165495657.8496468,-2.8715412878197926,0.025927885477412115,-1.453628259096007e-06,1.696529363236221e-06
165496551.22564685,-2.871562901104799,0.025928860877193566,-1.6528324184861276e-06,1.1770778470532317e-06
165497478.29764783,-2.871584997063414,0.025929109923802443,-1.520065513016533e-06,-1.2512020412802638e-07
