Seconds since J2000,RA ECLIPJ2000 [rad],DEC ECLIPJ2000 [rad],O-C RA ECLIPJ2000 [rad],O-C DEC ECLIPJ2000 [rad]
203445954.2405857,-2.491435018810853,0.013975288836152098,1.0553535423341032e-07,1.2024129677802586e-06
203447759.13658616,-2.4914557002830606,0.01397227904239026,2.06393314039488e-06,1.383684028325935e-06
203449574.4005856,-2.4914803997028674,0.013967887550079895,1.0504244585263223e-07,1.6656650476780388e-07
204051308.06439665,-2.4974772170195565,0.013016241995983007,1.2618877054393352e-06,2.6302746764482465e-07
204053155.29639703,-2.4974942344700346,0.013013439875254133,-2.1309409747871655e-07,6.282740041257256e-07
204055029.31239647,-2.497509596267473,0.013010183857293332,1.378225258363841e-07,5.425220303868772e-07
