Seconds since J2000,RA ECLIPJ2000 [rad],DEC ECLIPJ2000 [rad],O-C RA ECLIPJ2000 [rad],O-C DEC ECLIPJ2000 [rad]
268167345.79209045,-1.2648178376605694,-0.013016839109085205,-2.2252430273983492e-06,-3.0093391354020504e-06
