Seconds since J2000,RA ECLIPJ2000 [rad],DEC ECLIPJ2000 [rad],O-C RA ECLIPJ2000 [rad],O-C DEC ECLIPJ2000 [rad]
96940770.872666,2.3192947237474635,0.008919101870735458,7.081078626569592e-06,6.309896153956079e-06
96941698.80866729,2.3192721728859924,0.008919507707725436,7.359584496047233e-06,5.0915049515463245e-06
96942642.29666659,2.3192482689508394,0.00892204130648654,6.651841387039781e-06,5.981834309876782e-06
