Seconds since J2000,RA ECLIPJ2000 [rad],DEC ECLIPJ2000 [rad],O-C RA ECLIPJ2000 [rad],O-C DEC ECLIPJ2000 [rad]
412851106.4487548,1.1584593404983627,-0.02403931849258095,-6.958711546989349e-07,-1.531345022419417e-07
412851483.1527549,1.1584613612507428,-0.02403966627002519,2.6643828530126257e-06,-1.1761870203422231e-06
412935388.7847803,1.158232433501517,-0.023891042975299242,1.2915835023719069e-06,-2.553799141429003e-07
412935762.0327804,1.1582296570031323,-0.023891056806403143,-4.025326956202946e-07,-9.504265402575374e-07
412936397.0727796,1.15822913313867,-0.02388604705861304,9.113147643180497e-07,2.904634370179404e-06
412936773.77678066,1.158226371605673,-0.023889999092126357,-7.626150460016135e-07,-1.7297566807239484e-06
