Seconds since J2000,RA ECLIPJ2000 [rad],DEC ECLIPJ2000 [rad],O-C RA ECLIPJ2000 [rad],O-C DEC ECLIPJ2000 [rad]
122600296.470858,2.902225850663181,0.02573384959148018,1.6752581908363595e-06,1.5465076085366403e-06
122601409.30285926,2.9022503533258446,0.025735250224587346,1.1433840327867983e-06,2.6868726883504113e-06
122602529.04685952,2.9022756109243373,0.025734864529010623,1.2416393331271536e-06,2.053379534058819e-06
