Seconds since J2000,RA ECLIPJ2000 [rad],DEC ECLIPJ2000 [rad],O-C RA ECLIPJ2000 [rad],O-C DEC ECLIPJ2000 [rad]
543189853.5056044,-2.8189203906037843,0.013888829813730347,3.373004853202133e-07,1.733337872617327e-06
543190288.0976043,-2.8189288485494486,0.013888503076639488,1.4285647673695223e-06,1.1448054108211675e-06
543190722.6896043,-2.8189405327432193,0.013888424469936296,-7.081524855401256e-07,8.024743324026168e-07
543191156.4176035,-2.8189481381069244,0.013887923549424204,1.2130258162379448e-06,3.6350477024271743e-08
545857306.6255916,-2.881546082010248,0.015869619821397077,1.6005477254665834e-07,1.2134212895170693e-06
545857768.8655925,-2.8815560808692915,0.01586911655641547,8.83205622415062e-07,5.034983893530132e-07
545858230.2415925,-2.8815681649518625,0.01586984323339125,-5.006014847097617e-07,1.0225622686411973e-06
