Seconds since J2000,RA ECLIPJ2000 [rad],DEC ECLIPJ2000 [rad],O-C RA ECLIPJ2000 [rad],O-C DEC ECLIPJ2000 [rad]
615417015.7504514,-1.7875213412585182,0.004178799663513816,-1.1653979385961577e-06,7.820801439300737e-07
615417294.8224503,-1.7875255313154836,0.004180357354064883,3.5061737579944463e-07,2.0542565169192825e-06
615417732.5248512,-1.7875347091013978,0.004177555569895456,1.2099046453606377e-07,-1.198427564582695e-06
615418608.2752498,-1.7875552551026415,0.004180999286148219,-2.527742080316031e-06,1.3317555266189468e-06
