Seconds since J2000,RA ECLIPJ2000 [rad],DEC ECLIPJ2000 [rad],O-C RA ECLIPJ2000 [rad],O-C DEC ECLIPJ2000 [rad]
508608293.11308,3.00534578704177,0.0293059298196592,-6.711261568703719e-07,-2.400584497679048e-07
508610707.99307966,3.0052923498615374,0.029303522159457807,3.516794442326443e-07,-1.2152932073461464e-06
