Seconds since J2000,RA ECLIPJ2000 [rad],DEC ECLIPJ2000 [rad],O-C RA ECLIPJ2000 [rad],O-C DEC ECLIPJ2000 [rad]
97963479.89696188,2.294709549387086,0.01095609257611738,-9.975571066966893e-07,3.3980593914031965e-07
