Seconds since J2000,RA ECLIPJ2000 [rad],DEC ECLIPJ2000 [rad],O-C RA ECLIPJ2000 [rad],O-C DEC ECLIPJ2000 [rad]
616018599.9422548,-1.798610048890344,0.004810480810709025,2.385711559416137e-07,-4.4086151705126364e-07
616018916.5118546,-1.7986160188429035,0.004809410304199481,-1.3290123801468212e-07,-1.8222399561272987e-06
616019521.5710535,-1.7986264245878159,0.004812290405238106,1.6054907003848484e-07,4.584269779226921e-07
616020578.156653,-1.7986453802758036,0.004812873492980366,-1.1742590366736749e-07,-2.1982997485715805e-08
