Seconds since J2000,RA ECLIPJ2000 [rad],DEC ECLIPJ2000 [rad],O-C RA ECLIPJ2000 [rad],O-C DEC ECLIPJ2000 [rad]
577211364.641619,-2.282049486686944,0.021402663423084646,2.3615211430794147e-07,-2.4239723856664397e-06
577212121.505618,-2.2820671713586993,0.02140625454867146,1.1026698767402365e-06,1.897080425142944e-06
577212871.4576188,-2.28208864077719,0.0214052566358696,-1.9961349559949326e-06,1.613478341638136e-06
577213632.6416188,-2.282105422618458,0.02140305803246134,-1.446126516313484e-07,1.307465458087742e-07
