Seconds since J2000,RA ECLIPJ2000 [rad],DEC ECLIPJ2000 [rad],O-C RA ECLIPJ2000 [rad],O-C DEC ECLIPJ2000 [rad]
403744728.75039923,1.3508080837156409,-0.028877223866703355,-8.23282752193677e-07,7.09932313769368e-08
403746179.4063993,1.3507938107163684,-0.028876863629108827,6.025913754648116e-07,1.738481084170157e-06
403747624.8783985,1.3507779611781756,-0.02887879057855196,3.9312648003608786e-07,1.1470897147251857e-06
