Seconds since J2000,RA ECLIPJ2000 [rad],DEC ECLIPJ2000 [rad],O-C RA ECLIPJ2000 [rad],O-C DEC ECLIPJ2000 [rad]
581543171.2007667,-2.3926537859869397,0.015711865563876073,-2.9353464858772327e-07,-2.0082357863465683e-08
581544128.5127653,-2.3926736103418733,0.015709972314641264,-3.076659420564454e-07,-2.324048928407929e-07
581545084.960765,-2.392693426136371,0.015708285043933224,-3.3107737174020713e-07,-2.5002030530282826e-07
581546040.5447658,-2.3927131078814816,0.01570664003387537,-2.4106722573691286e-07,-2.3750109909292938e-07
