Seconds since J2000,RA ECLIPJ2000 [rad],DEC ECLIPJ2000 [rad],O-C RA ECLIPJ2000 [rad],O-C DEC ECLIPJ2000 [rad]
337537496.39047873,0.03652823805350559,-0.043856422265765256,6.296860158155893e-07,2.1312976371951065e-07
337540297.4784784,0.036454268988167615,-0.04385874131548502,-3.977488968048837e-07,3.017736351224043e-07
337543249.766478,0.036377050357890746,-0.043861238459322445,-4.755575931589262e-07,2.2598950976532306e-07
337545973.9584777,0.03630633097392603,-0.043863379142685295,1.649067411374494e-07,2.3821744126600874e-07
337812801.3504445,0.029376296073695313,-0.04411782581831122,7.91660270678396e-07,-4.060280742387845e-07
337813515.01444435,0.029356992439800268,-0.04411844804762549,6.314233272249059e-07,-5.764989178813629e-07
337814232.99844426,0.029337881841658066,-0.044118625462729044,7.722383574132463e-07,-2.9655948452500525e-07
337814947.5264452,0.029319245800194665,-0.04411953682935065,1.2860202969651457e-06,-7.494357262480267e-07
