Seconds since J2000,RA ECLIPJ2000 [rad],DEC ECLIPJ2000 [rad],O-C RA ECLIPJ2000 [rad],O-C DEC ECLIPJ2000 [rad]
405421204.9745997,1.3233687930994131,-0.030104891562546515,-1.722270661641545e-07,5.416299371958921e-07
405422106.12659985,1.3233460915473911,-0.03010641089036193,-2.650929400882518e-06,-6.457616406121969e-07
405423216.36660004,1.32332426805398,-0.030106072194581657,4.685161794082404e-07,1.1276620499531265e-07
405424099.3745992,1.3233049953310367,-0.030107463256810196,1.0536268582050923e-06,-9.352311870040875e-07
