Seconds since J2000,RA ECLIPJ2000 [rad],DEC ECLIPJ2000 [rad],O-C RA ECLIPJ2000 [rad],O-C DEC ECLIPJ2000 [rad]
-7873936.745649707,0.5992863127901185,-0.011996159361351861,2.388955567700357e-06,4.074541027614814e-06
-7872866.249650732,0.5992606269026027,-0.011996256620991285,-1.2560156987806437e-06,4.5653856210591676e-06
-7871800.073649756,0.5992408004841725,-0.011998960148916181,8.761910289534214e-07,2.4599951082074356e-06
-7870735.62564978,0.5992181172098424,-0.011999099443147376,1.1848557657234693e-07,2.931578700005738e-06
