Seconds since J2000,RA ECLIPJ2000 [rad],DEC ECLIPJ2000 [rad],O-C RA ECLIPJ2000 [rad],O-C DEC ECLIPJ2000 [rad]
542179301.8254902,-2.7994024082261664,0.013085893851249848,-1.002553062789957e-06,-1.364133100105816e-06
542180897.6334904,-2.7994282562444193,0.013090016620556063,9.23528064245005e-07,1.860402057714608e-06
542182492.5774915,-2.799455313917841,0.013089457762414153,1.6569325000936885e-06,3.9715837423827394e-07
545542978.2416174,-2.8743065157466607,0.01565357148976584,-8.606811081612875e-07,-1.4809368565106562e-06
545544428.8976183,-2.8743421978943933,0.015654438238804903,-1.8230820573172934e-06,-1.290958685683935e-06
545545879.5536182,-2.8743726408452095,0.015655915704024467,2.439121427944002e-06,-5.0351583403066e-07
