Seconds since J2000,RA ECLIPJ2000 [rad],DEC ECLIPJ2000 [rad],O-C RA ECLIPJ2000 [rad],O-C DEC ECLIPJ2000 [rad]
337346621.51050305,0.0413577515286335,-0.04364871803653346,-1.0225107837449898e-06,4.3767342507161633e-07
337347715.33450294,0.04133136810756823,-0.043651035508145385,5.573548417167618e-07,-8.832608073480741e-07
337348808.29450375,0.041304420905359844,-0.04365099549338421,1.5734026161395853e-06,1.4278523378236097e-07
