Seconds since J2000,RA ECLIPJ2000 [rad],DEC ECLIPJ2000 [rad],O-C RA ECLIPJ2000 [rad],O-C DEC ECLIPJ2000 [rad]
405460084.1106064,1.3225062604256108,-0.030122030699304074,-2.6244078024095785e-06,8.163660828522379e-07
405461614.25460666,1.3224700441951218,-0.030122119984339005,-3.957236896168226e-06,1.2770656386794366e-06
405463143.5346059,1.3224392839818142,-0.03012229543374124,1.950546570927969e-07,1.6826366873064214e-06
