Seconds since J2000,RA ECLIPJ2000 [rad],DEC ECLIPJ2000 [rad],O-C RA ECLIPJ2000 [rad],O-C DEC ECLIPJ2000 [rad]
615664425.0879709,-1.7922795439328751,0.004437310036422106,-1.60329658438485e-08,-1.864953549464074e-07
615664734.3999707,-1.7922856059915673,0.004437220749724328,-1.0560983110252664e-07,-5.833394034222145e-07
615665867.9679704,-1.7923079865074911,0.004438502023107656,-6.01225256913196e-07,-4.431383262932728e-07
615666198.8799692,-1.7923134259993045,0.004438958856664052,3.465649440759222e-07,-3.2357175556996243e-07
