Seconds since J2000,RA ECLIPJ2000 [rad],DEC ECLIPJ2000 [rad],O-C RA ECLIPJ2000 [rad],O-C DEC ECLIPJ2000 [rad]
544650480.0656576,-2.852917064840659,0.015014659365291273,7.459941739895726e-07,8.567142739009104e-07
544650810.1136584,-2.852924864185818,0.015014573152415885,1.1289488561772032e-06,5.992879335524337e-07
544651134.9776585,-2.8529335177920103,0.015014657430444911,5.289209190628696e-07,5.144503506197134e-07
544651462.4336574,-2.8529421714007848,0.015014741699432224,-7.1603407647558015e-09,4.276191807785906e-07
