Seconds since J2000,RA ECLIPJ2000 [rad],DEC ECLIPJ2000 [rad],O-C RA ECLIPJ2000 [rad],O-C DEC ECLIPJ2000 [rad]
441908874.51196516,1.8814472305913805,0.012232712386155064,-2.3587326192231473e-06,7.445271811064996e-07
441910408.11196464,1.881408151566879,0.012231909220693386,-1.8475361294179038e-06,3.8134510315507297e-07
441912025.5199652,1.8813663532241442,0.012231233650467804,-1.8085616908525282e-06,2.130161609933262e-07
442600567.8561944,1.863715309802747,0.011892733398993438,1.3877937967698983e-06,1.4393910011678557e-06
442602104.04819596,1.8636723348753472,0.011891236248734968,-1.3747769418426259e-06,6.707661424822792e-07
