Seconds since J2000,RA ECLIPJ2000 [rad],DEC ECLIPJ2000 [rad],O-C RA ECLIPJ2000 [rad],O-C DEC ECLIPJ2000 [rad]
-79009635.05588667,-0.7104479325670819,0.0012889153071291319,-1.1580918879428026e-06,2.574294083876154e-06
-79007624.52788833,-0.7104731363659834,0.001286479293103076,1.6546324984600957e-06,2.43835838603006e-07
-79005608.81588899,-0.7105031635875536,0.0012851174555756596,-2.3263615567259421e-07,-1.061375828812416e-06
