Seconds since J2000,RA ECLIPJ2000 [rad],DEC ECLIPJ2000 [rad],O-C RA ECLIPJ2000 [rad],O-C DEC ECLIPJ2000 [rad]
-324523291.945584,1.7443572350606238,0.00632564311684304,-1.44822774661435e-07,5.730784436016809e-07
-321495263.977571,1.7815340540066,0.005988176136735262,-4.603448600981608e-06,-3.946401363736848e-06
-320388543.049403,1.7782652266505174,0.0057058733146630285,1.1548284754692162e-05,-4.234616274374076e-06
-317706108.168773,1.7330063662346873,0.004538993928778844,7.331312423808356e-08,-1.6803027168901807e-06
-315387629.696001,1.6677542169864468,0.0029701663822511042,-1.279347207283621e-06,-1.7783117823972315e-06
-315293362.11196,1.6650420289085401,0.0029113982704587816,8.282310410168137e-06,1.0829852654942271e-05
-306666894.9424,1.6362315969029542,-0.0029337815011515225,2.73413420570634e-07,3.551371369547602e-06
-306580222.782379,1.638446991710767,-0.0029709225599817966,-1.6460750977831395e-06,3.125708600699908e-06
