Seconds since J2000,RA ECLIPJ2000 [rad],DEC ECLIPJ2000 [rad],O-C RA ECLIPJ2000 [rad],O-C DEC ECLIPJ2000 [rad]
375789896.29501396,0.546122031681667,-0.01346528635933864,-2.204738919542315e-06,5.531381120133308e-06
375791553.4470144,0.5460984207295303,-0.013471553334498827,-6.413805568872277e-07,-1.0604328912044297e-06
375792781.19101477,0.5460773327533982,-0.013468932262983376,-3.094499214317814e-06,1.3394070747223957e-06
