Seconds since J2000,RA ECLIPJ2000 [rad],DEC ECLIPJ2000 [rad],O-C RA ECLIPJ2000 [rad],O-C DEC ECLIPJ2000 [rad]
545588446.241614,-2.875361704640595,0.015687999527271988,1.4269517389919883e-07,-6.87592575401158e-07
545589821.7296149,-2.875394714471501,0.0156899784066755,-2.1371062119968087e-07,6.508510210570528e-07
545591213.6336137,-2.8754280190679307,0.015690783332671716,-4.3620040113268033e-07,8.185291399190331e-07
