Seconds since J2000,RA ECLIPJ2000 [rad],DEC ECLIPJ2000 [rad],O-C RA ECLIPJ2000 [rad],O-C DEC ECLIPJ2000 [rad]
410692763.60006875,1.1831302352958146,-0.027532858902214588,4.074079937854691e-07,-1.0204789620132937e-06
410693829.7760691,1.1831087796342483,-0.027532818801498066,8.902937631560803e-08,-2.5264531609177354e-06
410694897.68006843,1.1830872705086881,-0.027528840667878925,-2.658455255932779e-07,-8.209662356178926e-08
410695963.8560698,1.1830691101106177,-0.02752982561055051,2.6735111069431383e-06,-2.5834385373214863e-06
