Seconds since J2000,RA ECLIPJ2000 [rad],DEC ECLIPJ2000 [rad],O-C RA ECLIPJ2000 [rad],O-C DEC ECLIPJ2000 [rad]
59181011.670784764,1.8761074130755016,0.00914579483265251,1.0355332711320386e-06,2.742541770317866e-06
59182898.646785185,1.8760892149292738,0.00914537006345816,3.8530780499534956e-07,2.7676398140965425e-06
59184982.61478464,1.8760711425622731,0.009143983994734567,1.701584555258151e-06,1.9426133600342066e-06
61506494.455406226,1.8367772126313358,0.0084355438487411,1.4989628822625889e-06,1.0149272595457587e-06
61512570.96740912,1.8366287369348502,0.008432231218020152,1.8540532595867631e-06,1.103335662038657e-06
