Seconds since J2000,RA ECLIPJ2000 [rad],DEC ECLIPJ2000 [rad],O-C RA ECLIPJ2000 [rad],O-C DEC ECLIPJ2000 [rad]
365736540.9032138,0.6591488772856893,-0.01637566279321526,-5.623663124065814e-08,2.0667173248022086e-06
365820202.88719016,0.6604722391815615,-0.016314268068789085,-6.034976862689945e-08,2.0382600829579878e-06
365823887.84719014,0.6605280416273358,-0.016310753129059368,1.6458894358528653e-08,1.963455273496645e-06
365827483.81518817,0.6605821906455606,-0.016307698298989946,1.9334000345150315e-07,1.5242872780443784e-06
