Seconds since J2000,RA ECLIPJ2000 [rad],DEC ECLIPJ2000 [rad],O-C RA ECLIPJ2000 [rad],O-C DEC ECLIPJ2000 [rad]
104523524.31352814,2.2549766016253536,0.020489035051299034,-7.987579078161389e-07,2.2427888665341178e-07
104525095.92952797,2.255001212323421,0.02049029345825199,-7.416207066235359e-07,5.381477132318513e-07
104526693.46552777,2.2550259520665237,0.020491084728675783,-1.0305028648183168e-06,3.8720983164611256e-07
104701284.53750777,2.257938661481027,0.020631288150339874,1.0907751679667399e-07,1.5935945616406266e-06
104702894.16950658,2.2579655229709408,0.020632187161251727,-2.0240784692759917e-07,1.6105610062509823e-06
104704494.29750639,2.257993047105771,0.02063326992065442,2.0881800599781286e-07,1.8173731164659868e-06
