Seconds since J2000,RA ECLIPJ2000 [rad],DEC ECLIPJ2000 [rad],O-C RA ECLIPJ2000 [rad],O-C DEC ECLIPJ2000 [rad]
682251774.110939,-0.533832423744244,-0.019862018070543757,-4.545914114029159e-07,1.4222472173482104e-06
682252869.6629378,-0.5338635417373355,-0.01985811946787611,-3.96232360255766e-08,3.963340971715329e-06
682253964.3509376,-0.5338943692025128,-0.019859507673498217,6.505288607794313e-07,1.2051886681789525e-06
682255059.9029372,-0.5339260144622346,-0.019859036197294875,5.538488910827866e-07,2.932256725450555e-07
