Seconds since J2000,RA ECLIPJ2000 [rad],DEC ECLIPJ2000 [rad],O-C RA ECLIPJ2000 [rad],O-C DEC ECLIPJ2000 [rad]
-40372108.01761111,-0.1075777781227361,-0.04224118921435636,2.6654538753112522e-06,-1.1511215225259996e-06
