Seconds since J2000,RA ECLIPJ2000 [rad],DEC ECLIPJ2000 [rad],O-C RA ECLIPJ2000 [rad],O-C DEC ECLIPJ2000 [rad]
439333567.1639538,1.9348609250397812,0.012557279703736341,4.0128949985174245e-07,1.3551740997777562e-07
439335190.1879552,1.9348365056064616,0.012558249708199293,-7.655210931822864e-07,9.051607805458245e-07
439335710.1431544,1.934829426120766,0.012556120993851802,-3.8872173369064456e-07,-1.277664232005385e-06
439336571.2055556,1.9348185262991842,0.012559336016206794,1.0648922963429897e-06,1.8583213183299974e-06
439336931.1479547,1.93481253917738,0.01255673903214785,2.4342400850585477e-07,-7.678436225472957e-07
