Seconds since J2000,RA ECLIPJ2000 [rad],DEC ECLIPJ2000 [rad],O-C RA ECLIPJ2000 [rad],O-C DEC ECLIPJ2000 [rad]
446483394.2252851,1.7909250103302354,0.00868225855360862,-2.256779100484607e-06,2.2529330816669496e-06
446484729.10528535,1.7909178355441162,0.008680115841637763,1.1396841614885744e-06,1.5362415278930702e-06
446485982.76928663,1.7909060074124767,0.008677531036589203,-7.932597070325897e-07,3.136757522718969e-07
446487274.4492869,1.7908968841685518,0.008674716273313215,2.396123643944037e-07,-1.075646558896387e-06
446488242.9932861,1.7908909471572994,0.008673665236155375,1.8885666206447382e-06,-1.0442113483281196e-06
446823089.64935344,1.7888388130195605,0.008350565395785903,-5.080265372825465e-07,-1.7016721588821587e-06
446824395.1533527,1.7888349147621108,0.008349224588650011,2.7044869124193127e-06,-1.7457557633330373e-06
446832676.5933543,1.7887874540442465,0.008340375627106955,-1.5824942112274698e-07,-1.7694760785832292e-06
446833967.40935457,1.7887827546297985,0.008340420390207869,1.9526317049933795e-06,-2.676911782361485e-07
