Seconds since J2000,RA ECLIPJ2000 [rad],DEC ECLIPJ2000 [rad],O-C RA ECLIPJ2000 [rad],O-C DEC ECLIPJ2000 [rad]
66247519.92890345,1.717031402505687,0.005060777665962419,1.3914412120286102e-06,-3.6114102330226175e-06
66248812.4729038,1.717006616104485,0.005061637433102787,-2.3313116370715647e-07,-1.4842573973737616e-06
66250133.52890517,1.7169827404935005,0.0050586688370525485,-4.811232323653769e-07,-3.1341044829163653e-06
66331900.76092659,1.715590689744432,0.004990898539221169,5.753223305982047e-06,-1.5099618263713852e-06
66334376.12092727,1.7155418449457815,0.004991723036234124,-5.5103331897399244e-08,1.6995971793771006e-06
66335611.6409286,1.7155199953835936,0.004988410765246628,-4.777857918192296e-07,-3.8967229072737336e-07
66337055.384929,1.7154928801219815,0.004983797277784298,-2.609370231665409e-06,-3.54889459254059e-06
