Seconds since J2000,RA ECLIPJ2000 [rad],DEC ECLIPJ2000 [rad],O-C RA ECLIPJ2000 [rad],O-C DEC ECLIPJ2000 [rad]
192500939.61694404,-2.3419779996681305,0.024242796752131156,-8.477739981138654e-07,-1.8655235230931322e-06
192501558.24094322,-2.3419683095772807,0.024244690649577107,9.005321621735618e-07,2.4573344945683084e-07
192502180.3209434,-2.3419626284195965,0.024242851384957513,-1.399038899840832e-06,-1.3777453651345195e-06
192502797.21694353,-2.341954537005317,0.024242747296832852,-1.2170487058149604e-06,-1.2707999282809967e-06
196380313.44162855,-2.3417153065740397,0.022830430640654143,3.447630572139815e-07,-1.374545371534558e-06
196380837.02562755,-2.3417233948519653,0.022830535244993653,-5.099558388899084e-07,-8.565519666013655e-07
196381359.7456286,-2.3417313437669858,0.022830175468455467,-1.2345106146227636e-06,-8.063427334552287e-07
196381876.41762865,-2.3417386207356548,0.022830017240394896,-1.3684153206128258e-06,-5.621186868302874e-07
