Seconds since J2000,RA ECLIPJ2000 [rad],DEC ECLIPJ2000 [rad],O-C RA ECLIPJ2000 [rad],O-C DEC ECLIPJ2000 [rad]
18841467.70314954,1.172143704241919,-0.025342935906545364,-1.7841909731863836e-06,7.155042371781439e-07
18843551.671148963,1.1722002452861486,-0.025344491458336525,-1.1353964370908187e-06,6.825463118934061e-07
18844732.75914864,1.1722319653243531,-0.025345351867637932,-1.0213393064617549e-06,6.90822347704928e-07
