Seconds since J2000,RA ECLIPJ2000 [rad],DEC ECLIPJ2000 [rad],O-C RA ECLIPJ2000 [rad],O-C DEC ECLIPJ2000 [rad]
306174440.67843926,-0.7556406519328058,-0.005968611342313025,1.3225462833776902e-06,1.1574700530805546e-06
306175456.74243814,-0.7556626139973249,-0.005966245026779451,-4.531077011371565e-07,3.3493755473542122e-06
306176479.71843904,-0.7556813920363106,-0.0059653937866340715,1.0835662570540805e-06,4.0123316723591346e-06
306177499.2384379,-0.7557009006890922,-0.005966853992650501,1.8086894958413424e-06,2.3528588864001054e-06
306178517.0304388,-0.7557224243218984,-0.005963101261483768,4.6902636519075003e-07,5.896199303727194e-06
