Seconds since J2000,RA ECLIPJ2000 [rad],DEC ECLIPJ2000 [rad],O-C RA ECLIPJ2000 [rad],O-C DEC ECLIPJ2000 [rad]
129768619.35303168,2.8963879410645617,0.02650489101505519,2.5624790942480047e-06,1.5989783251138534e-06
129770775.89703225,2.8963349677191217,0.026504123134949657,2.36209610404714e-06,2.3029590490199203e-06
129772725.94503275,2.8962879715855445,0.026502193022142448,3.02788749761973e-06,1.6919780664731432e-06
170099987.28907645,-2.9579064337831564,0.03137833361789465,-9.51688532424555e-07,6.706606222525724e-07
170101784.409076,-2.9579209418828336,0.03137901391103758,-4.436164533494491e-07,8.929225029305488e-07
170103727.54507554,-2.95793707683612,0.03137794872230651,-4.3169209673621367e-07,-7.005783981550717e-07
