Seconds since J2000,RA ECLIPJ2000 [rad],DEC ECLIPJ2000 [rad],O-C RA ECLIPJ2000 [rad],O-C DEC ECLIPJ2000 [rad]
64253278.32830027,1.7624379224731541,0.006707467401041898,4.573613685554534e-07,8.019965831536011e-07
64253752.66430042,1.7624252416251245,0.006706903737057014,6.85909352426961e-07,7.165404689044377e-07
