Seconds since J2000,RA ECLIPJ2000 [rad],DEC ECLIPJ2000 [rad],O-C RA ECLIPJ2000 [rad],O-C DEC ECLIPJ2000 [rad]
436635333.0065513,1.9439230182235214,0.011406662952656995,-3.336165574907568e-07,-5.246263919105737e-07
436636215.15055245,1.9439291475426883,0.011406654360557702,-2.520108244308261e-07,-1.1209310975621861e-06
436637098.15855265,1.9439352008287567,0.011407124598534959,-2.3571366147834283e-07,-1.2256745543261227e-06
436637982.03055274,1.9439411780782432,0.01140807366603587,-2.866517663235868e-07,-8.388495586347799e-07
443442981.6804663,1.8425465776673944,0.011350686830441187,-2.2752618056287588e-07,-6.396971052591294e-07
443443887.1524655,1.8425244388191881,0.011350050755925947,1.6711927663948245e-07,-6.237774005518615e-07
443444784.84846586,1.8425024125893084,0.011348451819680671,4.854889872341062e-07,-1.56104566808625e-06
443445692.9124661,1.8424788893601038,0.011348142435608125,-4.3283623019085837e-07,-1.1857432786616107e-06
