Seconds since J2000,RA ECLIPJ2000 [rad],DEC ECLIPJ2000 [rad],O-C RA ECLIPJ2000 [rad],O-C DEC ECLIPJ2000 [rad]
310956878.5346038,-0.759909362001018,-0.007172714070771051,8.870469688782023e-07,3.528555389716026e-08
333430952.77542573,0.0954504699183991,-0.03645666445389038,1.6508542371174162e-06,1.5611186459235649e-06
333431321.70342463,0.09545189827191476,-0.036458863878530465,3.058796920779594e-06,1.142478513044276e-07
335244005.79892063,0.08335309827866888,-0.04030508605534449,1.0736440656244906e-06,-8.486647877503639e-09
335244726.3749195,0.08334410841680798,-0.04030754454285074,2.2572498437900546e-06,-1.2296718546189744e-06
341793709.8624944,-0.06300523607818694,-0.0434214522206019,7.84541967502328e-07,8.612006631159019e-07
341793956.1024955,-0.06300981375980164,-0.04342105442764023,-2.170676513535419e-07,9.33280547163462e-07
341794575.5904946,-0.0630169698609194,-0.04342112493590484,1.6227053274142644e-06,4.195488628039312e-08
