Seconds since J2000,RA ECLIPJ2000 [rad],DEC ECLIPJ2000 [rad],O-C RA ECLIPJ2000 [rad],O-C DEC ECLIPJ2000 [rad]
550492300.2886101,-2.9300161249551597,0.01835664580059466,-1.960114723864592e-06,2.1486043718203784e-06
550494108.6406095,-2.930008031014967,0.01835428002008961,-2.276920458399445e-06,-7.371427298979993e-07
550496202.1126089,-2.9299943001346356,0.01835535255522936,1.5973532483393171e-06,-3.146539251305813e-07
550498304.2246073,-2.929984477888377,0.018356350388606103,1.3745502522866104e-06,-2.7983012861748646e-08
