Seconds since J2000,RA ECLIPJ2000 [rad],DEC ECLIPJ2000 [rad],O-C RA ECLIPJ2000 [rad],O-C DEC ECLIPJ2000 [rad]
339013415.75034946,-0.0027842966712684266,-0.04479097929759619,-1.990631749665059e-06,-5.344732997986101e-07
339014010.1823494,-0.0027986243843819265,-0.04479110923063587,-9.593608184862296e-08,-6.859515883916867e-07
339014603.7503504,-0.0028162004341241616,-0.044791416282220387,-1.4722883777793135e-06,-1.0160519675617152e-06
339015193.86234933,-0.0028303349280894767,-0.04479110148167827,4.987759044347041e-07,-7.253959718039882e-07
