Seconds since J2000,RA ECLIPJ2000 [rad],DEC ECLIPJ2000 [rad],O-C RA ECLIPJ2000 [rad],O-C DEC ECLIPJ2000 [rad]
439243538.191128,1.9360697995115261,0.012540951690520304,3.1576045822490073e-07,-2.7941149624392814e-07
439245652.3991296,1.9360404347850024,0.012541778193742074,-1.996427687611657e-07,1.1352009093162918e-07
439247891.0231293,1.9360096679182137,0.012542877467118787,-3.1547856527147644e-07,8.428245621330127e-07
439931252.8153312,1.9254656864549642,0.01261571761726778,-2.395284752765292e-07,-3.0236857382834326e-07
439932800.23933166,1.9254371543110789,0.012615812720782129,-6.793685987105391e-07,-3.3892725840103943e-07
439934415.91933113,1.9254078858833306,0.012616287070001264,-5.484616405482257e-07,4.486692171089268e-08
