Seconds since J2000,RA ECLIPJ2000 [rad],DEC ECLIPJ2000 [rad],O-C RA ECLIPJ2000 [rad],O-C DEC ECLIPJ2000 [rad]
508700494.8731033,2.9994304521340736,0.016717985988684445,1.3291428357931068e-07,-1.457569255430835e-07
508700905.27310336,2.9994218726546524,0.016719576805517763,9.185067249006806e-07,9.325419685762837e-07
508701326.9051035,2.9994114850200932,0.016719863133077335,1.5828054333866248e-07,6.947587729080884e-07
508958857.6571649,2.993431210231564,0.01708586047922444,7.575390514880098e-07,1.5677169365943544e-06
508959287.92916596,2.9934206330376596,0.017086596058118693,6.414789992525982e-07,1.7223438088034837e-06
508959716.47316504,2.993411104913829,0.017086726763526135,1.5387456850923797e-06,1.2770173027434883e-06
508960132.05716616,2.993399669952133,0.017087621745432175,2.19721158156716e-07,1.6158048118004864e-06
508960554.55316526,2.9933900492275933,0.01708612988888322,8.889169897940974e-07,-4.3910813865913334e-07
508960976.18516535,2.993380521110989,0.017086260612395116,1.6352876435199448e-06,-8.679421197692327e-07
