Seconds since J2000,RA ECLIPJ2000 [rad],DEC ECLIPJ2000 [rad],O-C RA ECLIPJ2000 [rad],O-C DEC ECLIPJ2000 [rad]
684866539.5600352,-0.6492338866916191,-0.030428808151331095,-2.623726225170486e-07,2.2601391513193958e-07
684866989.3584353,-0.6492426270129639,-0.030428332337739977,6.17634582367188e-08,6.167030070225454e-07
684867440.7120351,-0.6492518459207574,-0.030429230065701456,-6.175892508508696e-08,-3.695519179940099e-07
684867891.5472361,-0.6492607457596135,-0.030429212133946622,1.2263466908635223e-07,-4.4306679720246267e-07
