Seconds since J2000,RA ECLIPJ2000 [rad],DEC ECLIPJ2000 [rad],O-C RA ECLIPJ2000 [rad],O-C DEC ECLIPJ2000 [rad]
510033787.7053876,2.964934727682339,0.01885896598117256,8.224185816807505e-07,-6.703548792487413e-07
510035162.32938683,2.9648937908201587,0.018862559061446033,-4.108572104755126e-08,7.275759015996919e-07
510036536.9533871,2.964853807040564,0.018863923321877717,6.169458988125598e-08,-9.305129886755248e-08
510983995.03353477,2.936787278956413,0.020686676026721498,1.0735279993845381e-06,7.67057164032664e-07
510984071.0655348,2.9367830931822545,0.020685422802249238,-7.752620669876364e-07,-6.21092364688075e-07
510985445.68953496,2.9367431536086177,0.020690565548279943,1.535260247820247e-06,2.0860445152093288e-06
510985521.72153497,2.9367411556262524,0.02068971587794084,1.8740123048921475e-06,1.1018316028003905e-06
510986896.34553516,2.9366972201671464,0.02069315943951606,1.7991398415517779e-07,2.114880874603403e-06
510986973.2415352,2.936691512610105,0.020691785939612916,-3.1650788909765026e-06,6.054923415536873e-07
