Seconds since J2000,RA ECLIPJ2000 [rad],DEC ECLIPJ2000 [rad],O-C RA ECLIPJ2000 [rad],O-C DEC ECLIPJ2000 [rad]
28840289.143070064,1.1664428532686826,-0.010033104337273337,-2.064693583214705e-06,6.047763811793672e-08
28841331.991071355,1.1664144948427877,-0.010033695716338407,-3.220331918685204e-06,7.112045833160274e-07
