Seconds since J2000,RA ECLIPJ2000 [rad],DEC ECLIPJ2000 [rad],O-C RA ECLIPJ2000 [rad],O-C DEC ECLIPJ2000 [rad]
-1522818015.553651,0.18708748638111983,-0.03171850098120472,-1.9650296276263468e-07,-2.1325002169184093e-06
-1522816665.985651,0.1870564458040383,-0.031711604620943225,-1.561856630860614e-06,1.3309163816796477e-06
-1522729305.2176542,0.1851774906462767,-0.03150882776574935,8.2354032707177e-07,-3.645898500673206e-07
-1522650824.6416547,0.18348034843462194,-0.03132424982577865,-2.9964466477516716e-07,-1.7418416968922878e-06
-1522648919.5216558,0.1834372768618986,-0.03131590641572093,-1.1435482927812934e-06,1.6049444897317522e-06
-1522647525.0256548,0.1834074881558943,-0.0313153323623893,3.3610426192209886e-08,-1.4988130791343535e-06
