Seconds since J2000,RA ECLIPJ2000 [rad],DEC ECLIPJ2000 [rad],O-C RA ECLIPJ2000 [rad],O-C DEC ECLIPJ2000 [rad]
98124549.36900555,2.3170197932184826,0.015974497250240135,7.642620825087931e-07,1.281529006212645e-07
98126659.2570051,2.31697322994659,0.01597083449376851,2.6812975018053464e-06,5.518539582458071e-07
98128758.77700664,2.3169257278401036,0.015967905863136015,3.486160953247719e-06,1.7656038956460895e-06
