Seconds since J2000,RA ECLIPJ2000 [rad],DEC ECLIPJ2000 [rad],O-C RA ECLIPJ2000 [rad],O-C DEC ECLIPJ2000 [rad]
543448046.0816226,-2.8054053586008907,0.03131893900978692,1.421270208190606e-07,5.153503241164814e-07
543449105.3456236,-2.8054298625421805,0.03131712205862983,-2.7074173214458597e-07,6.664828594918348e-07
543450166.3376237,-2.8054536534481898,0.03131528143214323,9.228273256667308e-08,8.013362541234303e-07
543451227.3296238,-2.805478029232316,0.03131315005528594,-1.0944162420756243e-07,6.480585861695642e-07
