Seconds since J2000,RA ECLIPJ2000 [rad],DEC ECLIPJ2000 [rad],O-C RA ECLIPJ2000 [rad],O-C DEC ECLIPJ2000 [rad]
-281926877.751365,2.2700039503793428,0.015271753646178745,1.1145289344760556e-06,5.01653776654315e-07
-281083046.967132,2.249635314206777,0.013857664711037852,1.407021521959706e-06,1.557832440012008e-06
-280911479.031099,2.24543855624197,0.013553110746820573,2.2152446463863384e-06,2.460014576754002e-06
-274947614.486392,2.1728212113847527,0.006136596180509874,3.447633649678039e-07,2.244016183200817e-06
-245317362.614371,2.723353931606579,0.027374486561397297,7.573183422593388e-07,1.4920174514800044e-06
-245222049.590376,2.721200110987601,0.02754853700823224,-1.2111037719364504e-06,2.755431287589094e-06
