Seconds since J2000,RA ECLIPJ2000 [rad],DEC ECLIPJ2000 [rad],O-C RA ECLIPJ2000 [rad],O-C DEC ECLIPJ2000 [rad]
303673100.1989081,-0.6878038410316891,-0.027359544181658358,-2.895300466043693e-07,4.58306839741171e-06
303674149.9589069,-0.6878332347638664,-0.02736139239877842,-1.6162590051882475e-06,4.124034369910878e-06
303675208.3589076,-0.6878627835477843,-0.02736370019016249,-2.8592005918426366e-06,3.1980656123829776e-06
