Seconds since J2000,RA ECLIPJ2000 [rad],DEC ECLIPJ2000 [rad],O-C RA ECLIPJ2000 [rad],O-C DEC ECLIPJ2000 [rad]
412851483.1527549,1.1683439251913978,-0.01406119661658854,1.0633592739672793e-06,-3.173853486566555e-06
412932743.21677953,1.1681542548880524,-0.014142248070624015,-2.403992541255562e-06,-8.703339363490964e-07
412933115.60077864,1.1681540933407821,-0.014143204148508217,-1.6141144363324145e-06,-1.4885026447999244e-06
412935388.7847803,1.1681480545572975,-0.014142183979535167,-1.8608865295366428e-06,1.634513515296615e-06
412935762.0327804,1.1681485887636491,-0.014147191072912046,-3.7966664567790076e-07,-3.020499564220999e-06
412936397.0727796,1.1681441342507397,-0.014144963483229706,-3.2265305613954354e-06,-1.893500260093106e-07
412936773.77678066,1.1681480793358552,-0.014146121642514968,1.6698240403734133e-06,-9.867548289837352e-07
