Seconds since J2000,RA ECLIPJ2000 [rad],DEC ECLIPJ2000 [rad],O-C RA ECLIPJ2000 [rad],O-C DEC ECLIPJ2000 [rad]
62542658.551738754,1.7655728374071058,-0.008609057767406404,-2.9107741612577342e-06,-2.564942682815527e-06
62543540.69573804,1.7655466400645576,-0.008610274888419304,-3.8398505397552185e-07,-5.241011787830707e-06
62544446.167738326,1.7655149474447842,-0.008602220945814625,-2.5746319083364e-06,1.3306038836487233e-06
