Seconds since J2000,RA ECLIPJ2000 [rad],DEC ECLIPJ2000 [rad],O-C RA ECLIPJ2000 [rad],O-C DEC ECLIPJ2000 [rad]
-1522906883.1376495,0.188985600242494,-0.03192107099207889,-2.325752030407635e-06,-2.464240606819823e-06
-1522895187.1696486,0.1887272952910462,-0.031891191337689154,-4.877431703270707e-06,-1.7488848502861254e-06
-1522464626.5936577,0.1794118288053575,-0.030851023638323965,4.792666404074275e-06,7.08891578789575e-06
