Seconds since J2000,RA ECLIPJ2000 [rad],DEC ECLIPJ2000 [rad],O-C RA ECLIPJ2000 [rad],O-C DEC ECLIPJ2000 [rad]
367992419.846667,0.710321962161545,-0.02736766689775272,-8.931350961027817e-07,-5.856237415037546e-07
367992678.18266594,0.710321510823312,-0.02736904959261826,-3.1421262658426485e-07,-1.2465370145472998e-06
372221418.1823867,0.6268549437053563,-0.036344181431248575,-2.164832586526444e-07,8.721258877783522e-07
372221546.91838676,0.6268504249039907,-0.03634414936499445,-6.753872752174317e-07,9.540321244880245e-07
