Seconds since J2000,RA ECLIPJ2000 [rad],DEC ECLIPJ2000 [rad],O-C RA ECLIPJ2000 [rad],O-C DEC ECLIPJ2000 [rad]
339788218.9823418,-0.05312317619845114,-0.019698592871325,-7.192094453600806e-07,2.8392744596816843e-06
339789503.7503409,-0.05315553125922684,-0.019698315875379655,-4.908354815369442e-07,3.0629768423516557e-06
339790727.17434186,-0.053187219397632976,-0.019698327765130606,-1.1568454414204177e-06,2.9995897454573872e-06
339791893.5743409,-0.053216609903009256,-0.019696693091834114,-9.81576945287277e-07,4.586826742394162e-06
