Seconds since J2000,RA ECLIPJ2000 [rad],DEC ECLIPJ2000 [rad],O-C RA ECLIPJ2000 [rad],O-C DEC ECLIPJ2000 [rad]
369782931.1104102,0.6902026487577163,-0.032400023201867065,-9.705434952378411e-07,1.6922257484314196e-06
369784469.89441,0.6901730990658486,-0.03240351147504068,-9.698533985913471e-07,1.6791446209446503e-06
369786006.9504109,0.6901428760897905,-0.03240677643984287,-1.6454290092671187e-06,1.9064312678923612e-06
374767217.5107627,0.551471206600276,-0.03472500635403956,-1.5990060119319693e-06,1.0740530230410328e-06
374769530.43876314,0.5514129045909347,-0.03471965211911554,-1.4125309266699304e-06,1.7232851499127122e-06
374773154.05476296,0.5513215068665144,-0.03471301399858619,-8.792644742294797e-07,9.175306981829001e-07
