Seconds since J2000,RA ECLIPJ2000 [rad],DEC ECLIPJ2000 [rad],O-C RA ECLIPJ2000 [rad],O-C DEC ECLIPJ2000 [rad]
128635530.00871776,2.943656665168634,0.015085394624360138,2.0350103673294484e-06,4.89617635994824e-06
128636591.00071807,2.9436370643958956,0.015087063179108334,1.7299318053609625e-06,5.3935497653472e-06
128637639.89671938,2.9436167040022467,0.015090516084006737,4.687337442632611e-07,7.698660969217286e-06
