Seconds since J2000,RA ECLIPJ2000 [rad],DEC ECLIPJ2000 [rad],O-C RA ECLIPJ2000 [rad],O-C DEC ECLIPJ2000 [rad]
-42611123.40927471,-0.06060523898401716,-0.01973145895919809,4.40636637850933e-07,5.870337779045887e-06
-42608978.96127416,-0.06065075055691449,-0.019728659670590693,-2.951160084085913e-07,5.84114945088518e-06
-42606832.78527561,-0.060697032912004435,-0.0197276399838479,-1.6995274937994798e-06,4.006847528281038e-06
