Seconds since J2000,RA ECLIPJ2000 [rad],DEC ECLIPJ2000 [rad],O-C RA ECLIPJ2000 [rad],O-C DEC ECLIPJ2000 [rad]
104523300.53752917,2.2574623688636035,0.007254417104888266,-2.6214622028675194e-07,1.5551043912476886e-06
104524873.01752798,2.2574768397326532,0.007253878322175695,-5.592628897765906e-07,1.6223392625700286e-06
104526465.3695278,2.257492105003472,0.007253055608360437,-3.158636752154109e-07,1.428804362280274e-06
104701059.03350781,2.2593126275323168,0.007227665509123423,-2.415988231696531e-06,9.08842652433059e-07
104702669.52950661,2.259329892432201,0.007227403561458,-2.2858408956771825e-06,1.17572611856194e-06
104704265.33750741,2.2593474154793225,0.0072262070718122585,-1.8390736764573035e-06,5.023940300953253e-07
