Seconds since J2000,RA ECLIPJ2000 [rad],DEC ECLIPJ2000 [rad],O-C RA ECLIPJ2000 [rad],O-C DEC ECLIPJ2000 [rad]
615663450.4959701,-1.8245132946691758,0.0021678274185506705,5.2822184626322155e-08,-3.922085286892085e-07
615664464.7455708,-1.824531325769334,0.0021658669274339007,-5.149274244775626e-07,-4.1085618498548984e-07
615664773.2799706,-1.8245366683146673,0.0021652860149977762,-5.458827103677066e-07,-4.044798086397239e-07
615665353.8879695,-1.8245466331743452,0.0021637147993266393,-5.16719101062435e-07,-8.748960963521693e-07
615668634.4959694,-1.8246027822049182,0.002158096233184878,-2.596914385755156e-07,-3.8270782763130326e-07
