Seconds since J2000,RA ECLIPJ2000 [rad],DEC ECLIPJ2000 [rad],O-C RA ECLIPJ2000 [rad],O-C DEC ECLIPJ2000 [rad]
206054726.20774922,-2.4735507459734625,0.02535414110344864,-5.818103230303961e-07,-7.798797556045345e-07
206055211.77574906,-2.473548109284225,0.025352985308216457,1.052258093992009e-06,-1.0423773525898572e-06
206837784.09550133,-2.4690220067989164,0.023861050783118457,2.7185894468928495e-07,-3.011305147980481e-07
206838514.17550114,-2.4690144142378694,0.023858493064024527,1.5931355723530771e-06,-1.2828183563358408e-06
207186524.73539406,-2.4654081071702922,0.02310515964068566,3.1456423661424537e-06,3.3743788600132385e-08
