Seconds since J2000,RA ECLIPJ2000 [rad],DEC ECLIPJ2000 [rad],O-C RA ECLIPJ2000 [rad],O-C DEC ECLIPJ2000 [rad]
579903128.1291981,-2.305403261984703,0.02009576397815843,1.5917924374164727e-06,-8.837909480398365e-07
579903741.5691969,-2.3054215313433186,0.02009856283972365,1.5627190919076384e-07,8.16805286501382e-07
579904220.2251978,-2.305436844332114,0.020098682871583656,-2.0253331443065292e-06,7.583223225401947e-08
