Seconds since J2000,RA ECLIPJ2000 [rad],DEC ECLIPJ2000 [rad],O-C RA ECLIPJ2000 [rad],O-C DEC ECLIPJ2000 [rad]
-246879542.0065327,2.76576588288695,0.023793167718860427,-4.390734442250022e-06,3.2266574682207616e-06
-246700262.0065067,2.7603543694862354,0.02426019570328967,-3.0603253668992636e-06,5.982748691051726e-06
-246621002.10249448,2.7580030441004424,0.024465327806248376,1.1098821448563e-06,7.069453144485649e-06
-244200031.7663507,2.7023522154465516,0.029001453048477826,-2.6419534524535493e-06,8.189758195324692e-07
