Seconds since J2000,RA ECLIPJ2000 [rad],DEC ECLIPJ2000 [rad],O-C RA ECLIPJ2000 [rad],O-C DEC ECLIPJ2000 [rad]
300664560.6157952,-0.6120290481144194,-0.02002782139878451,-9.433538662451113e-07,5.670173167070247e-07
302208001.57531404,-0.6488120551136571,-0.02443708305971704,-5.364293378384843e-07,1.0469847956350031e-06
302209530.85531354,-0.6488534293417875,-0.024440663568155104,-9.76090210769165e-07,1.0832563375230697e-06
302211060.1353121,-0.6488936625546761,-0.024443101256150946,-2.377696221023129e-07,2.221199852558281e-06
