Seconds since J2000,RA ECLIPJ2000 [rad],DEC ECLIPJ2000 [rad],O-C RA ECLIPJ2000 [rad],O-C DEC ECLIPJ2000 [rad]
100278678.4894571,2.273460578206989,0.011826757470263011,1.1210748058765319e-06,2.5647582539371078e-06
100280785.7854574,2.273425108040525,0.0118228239938842,1.4148101135091906e-06,2.58689003925644e-06
100282903.44945674,2.273390302499267,0.011819077861718869,2.58655605156477e-06,2.8881739055856143e-06
