Seconds since J2000,RA ECLIPJ2000 [rad],DEC ECLIPJ2000 [rad],O-C RA ECLIPJ2000 [rad],O-C DEC ECLIPJ2000 [rad]
579570098.4652702,-2.29645074267273,0.01946994306984463,1.870589715569082e-06,-2.985527562844592e-07
579571087.745269,-2.29647946142617,0.019471312638756733,2.8058193235480644e-07,-7.163642996022013e-07
579571956.9292697,-2.2965033517304185,0.019471037061860395,2.1042678044480567e-07,-2.5768484564828165e-06
579571996.6732687,-2.29650629931404,0.01947372401123956,-1.6483413229906319e-06,3.7301409596540713e-08
579572868.4492686,-2.2965260230260487,0.019476656626196923,2.501892486517221e-06,1.3657772465341944e-06
579572947.0732696,-2.2965315230094814,0.019478109488252324,-8.458217730655804e-07,2.6732754261106495e-06
579573859.4572693,-2.2965531277474347,0.019479999850086954,2.513741735654662e-06,2.8683804142830283e-06
