Seconds since J2000,RA ECLIPJ2000 [rad],DEC ECLIPJ2000 [rad],O-C RA ECLIPJ2000 [rad],O-C DEC ECLIPJ2000 [rad]
408619271.599395,1.2320604427547703,-0.008022811447860973,-1.3128928928463068e-06,-6.490468889962936e-07
408620281.61539537,1.2320392089111967,-0.008023190762167462,7.474500249848859e-07,5.7962466428959636e-08
408621290.7673956,1.2320156911395683,-0.008025201045434197,5.114592767085924e-07,-8.532705006482344e-07
