Seconds since J2000,RA ECLIPJ2000 [rad],DEC ECLIPJ2000 [rad],O-C RA ECLIPJ2000 [rad],O-C DEC ECLIPJ2000 [rad]
304589467.2387009,-0.710639427561532,-0.028366379515792562,-1.4799720446934117e-06,1.980334843786763e-06
304590625.8627017,-0.710666916123811,-0.02836953136609988,-1.4063168080058475e-06,-3.5883125937621885e-07
304591785.3507005,-0.7106932850298975,-0.028371522061117444,-1.641522862083633e-07,-1.5616259388569198e-06
304678560.32668275,-0.7127022436848472,-0.02843027168104324,5.238292311027237e-07,-9.693377221557664e-07
304679122.7906827,-0.7127144088401198,-0.02842931272180975,1.5618602982048202e-06,3.1687049702189274e-07
304679540.1026826,-0.7127250454823728,-0.028430391220457936,7.241748465336428e-07,-5.225640109032814e-07
