Seconds since J2000,RA ECLIPJ2000 [rad],DEC ECLIPJ2000 [rad],O-C RA ECLIPJ2000 [rad],O-C DEC ECLIPJ2000 [rad]
681105495.8072523,-0.5484840724262999,-0.024536577819387197,9.386836720137737e-07,-7.929277371053478e-07
681106717.503252,-0.548520500625698,-0.024539062010226934,-7.32218611632085e-07,1.6556054493674366e-07
681107939.1992506,-0.5485547690402062,-0.02454183260950936,-2.233891812641886e-07,8.146538296310846e-07
684551016.3504759,-0.6427411150116105,-0.030394025482198397,3.083128979897154e-07,-6.233326189930555e-08
684552238.0464767,-0.6427686509165409,-0.030394152666560807,-1.7328424273266307e-07,-6.884546337876385e-08
684553459.7424765,-0.6427966884858417,-0.030393590904797024,-1.15174215931102e-06,5.888513458680855e-07
717906080.2223415,0.05653743163695804,-0.021002226480666245,-1.495869649328907e-07,1.3102416545826556e-07
717907607.5151424,0.056502294690514855,-0.020999174868777996,-6.492913528152733e-07,9.114611286900609e-07
717909134.8079414,0.056468107689343135,-0.020997590729185306,-1.7492450610917532e-07,2.158444902533585e-07
