Seconds since J2000,RA ECLIPJ2000 [rad],DEC ECLIPJ2000 [rad],O-C RA ECLIPJ2000 [rad],O-C DEC ECLIPJ2000 [rad]
-324352856.713606,1.7393385873598013,-0.006866079632562916,1.020514878602441e-06,2.5884213731286465e-06
-320547203.689402,1.767144199303328,-0.01200085203766488,1.1543007643055603e-06,-6.805763673513668e-06
-315299539.711967,1.639935317459016,-0.0065714559154937055,-8.792874059970757e-07,2.964651304872279e-06
-311495803.038825,1.58032660299303,0.004227809043588961,1.4223650206535154e-06,-5.83980484106586e-06
-311408857.854818,1.580318169739656,0.004419805242104621,5.22053897444863e-07,-1.5470969624209116e-06
-306662060.862404,1.6603136710668283,0.006848976461692298,2.7823456960618387e-07,3.198458624116378e-06
-306574129.854374,1.6629622081804418,0.006777898242354939,3.7654749680537947e-06,5.441244603075768e-06
