Seconds since J2000,RA ECLIPJ2000 [rad],DEC ECLIPJ2000 [rad],O-C RA ECLIPJ2000 [rad],O-C DEC ECLIPJ2000 [rad]
232090177.34534258,-1.8001798728929754,0.013691649752589304,5.990283604706548e-07,1.1185544969219419e-06
233460233.3770342,-1.8303351550937037,0.010372769490321251,-4.77935625298187e-07,-1.6033114212197358e-06
233460962.59303302,-1.8303539716119344,0.010371172640209106,-2.043424190301124e-06,-1.3284736309210343e-06
