Seconds since J2000,RA ECLIPJ2000 [rad],DEC ECLIPJ2000 [rad],O-C RA ECLIPJ2000 [rad],O-C DEC ECLIPJ2000 [rad]
542179620.6414902,-2.7792035223198797,0.032735764811529185,1.429444242972977e-07,-1.6116514123185044e-06
542181216.4494915,-2.779234087112563,0.03273807460635135,1.3465025316961032e-07,1.9761811603652424e-06
542182811.3934907,-2.779263870179597,0.032736517135379124,9.19374770091963e-07,1.6929789497591163e-06
