Seconds since J2000,RA ECLIPJ2000 [rad],DEC ECLIPJ2000 [rad],O-C RA ECLIPJ2000 [rad],O-C DEC ECLIPJ2000 [rad]
-246862880.63053012,2.765259111530246,0.02382246295958267,-4.4675613168898565e-06,-6.804504395600819e-07
-246861118.93452984,2.7652159948100103,0.023829594532212204,6.920132359145015e-06,2.2401217682800623e-06
-246857772.66253033,2.765100270888812,0.02383453790354565,-5.358786132614313e-06,-7.694788690323917e-07
164154641.72156844,-2.867545644980758,0.03028357879567154,1.6911926281615308e-06,1.93375904742471e-06
164159350.52156895,-2.867640150131057,0.030274730158073124,1.0889686477000282e-06,1.3212372714649367e-06
164161525.2095692,-2.867682567212801,0.030272841721376606,1.8827641183882804e-06,3.1458446593662925e-06
