Seconds since J2000,RA ECLIPJ2000 [rad],DEC ECLIPJ2000 [rad],O-C RA ECLIPJ2000 [rad],O-C DEC ECLIPJ2000 [rad]
203445852.28858572,-2.4515407818508166,0.027067853839815647,9.864159671302275e-07,3.944533412784945e-07
203447656.3205862,-2.451575829039033,0.027070014711773616,8.335666916714501e-07,1.967450855455688e-06
203449466.40058562,-2.4516116094390226,0.02706988858437871,4.0018827363041964e-08,1.2213192352554525e-06
204051409.15239662,-2.4615997324597125,0.027203984266226996,-4.224229206428731e-07,3.5799368819020017e-07
204053257.248396,-2.4616261833626707,0.02720484659075392,5.443233650481716e-07,1.598493695822295e-06
204055131.26439542,-2.4616544968391825,0.027204574170305834,-2.1528786753322038e-08,1.6712562703469214e-06
