Seconds since J2000,RA ECLIPJ2000 [rad],DEC ECLIPJ2000 [rad],O-C RA ECLIPJ2000 [rad],O-C DEC ECLIPJ2000 [rad]
506616214.1045032,3.0308712397788193,0.01477765976128139,1.3141477239742017e-07,-1.1600291207961022e-06
506618625.528503,3.030852064665283,0.014779950882404235,-1.032874565431996e-06,4.361968457423232e-07
