Seconds since J2000,RA ECLIPJ2000 [rad],DEC ECLIPJ2000 [rad],O-C RA ECLIPJ2000 [rad],O-C DEC ECLIPJ2000 [rad]
232012089.02535757,-1.7986064189785043,0.013861906261423786,-9.48007934375994e-07,8.615361051025894e-07
232013169.88935637,-1.7986290960310418,0.013858237319614601,-1.3580801532242504e-06,-4.1027978587432345e-07
232014489.2173561,-1.7986532092481826,0.013855402537805856,1.6750964466627494e-06,-3.456588913586939e-07
