Seconds since J2000,RA ECLIPJ2000 [rad],DEC ECLIPJ2000 [rad],O-C RA ECLIPJ2000 [rad],O-C DEC ECLIPJ2000 [rad]
99068712.15322989,2.2963818703357344,0.014142889067566916,2.426900127971976e-06,3.773833136266891e-07
99070554.20122929,2.296342792975817,0.014138660408277333,2.687302624426735e-06,-2.8555774061328476e-07
99072395.38523069,2.296304245175917,0.014135089932297255,3.543107791603717e-06,-2.3318170164383922e-07
100194119.67344283,2.2748683687881015,0.011980321766095524,3.9472771495852044e-07,1.5811373444852422e-06
100206683.96144582,2.274650890521097,0.011955317460253084,1.1049358508152807e-06,1.3761640735351216e-06
100206980.31344487,2.2746473047051023,0.01195531473572939,2.644359379466721e-06,1.979928638347686e-06
100207591.16144496,2.2746337502581433,0.011952503974997527,-3.5239752316229556e-07,4.212224878306914e-07
100207896.15344602,2.2746326912794808,0.011953716726095192,3.856539855462415e-06,2.260031530093229e-06
100208796.44144516,2.274615682484465,0.011950436692588483,2.3835141882422306e-06,8.312022723878237e-07
