Seconds since J2000,RA ECLIPJ2000 [rad],DEC ECLIPJ2000 [rad],O-C RA ECLIPJ2000 [rad],O-C DEC ECLIPJ2000 [rad]
509927682.4573673,2.9679450471977713,0.01866588981847081,-1.0372026038041327e-06,1.1334011748576067e-07
509929297.2733686,2.967899536189777,0.018669101706306118,-1.8938954582381484e-07,7.868252087928074e-07
509930911.2253689,2.9678528833807567,0.018671298154887873,-5.692757873987375e-07,4.2374430796535134e-07
