Seconds since J2000,RA ECLIPJ2000 [rad],DEC ECLIPJ2000 [rad],O-C RA ECLIPJ2000 [rad],O-C DEC ECLIPJ2000 [rad]
100711119.12951645,2.26681045790456,0.011058822477431385,1.4194645396869987e-06,1.7077853830052558e-07
100712907.60951667,2.266784689168567,0.011056162963770549,2.053354974052013e-06,6.804181430560691e-07
100714742.7455169,2.266757317064023,0.01105154635841075,1.7961917748721135e-06,-6.322556415274544e-07
