Seconds since J2000,RA ECLIPJ2000 [rad],DEC ECLIPJ2000 [rad],O-C RA ECLIPJ2000 [rad],O-C DEC ECLIPJ2000 [rad]
510452601.3374575,2.9527157875869747,0.01964309030083866,1.157989441225027e-06,1.053013137353176e-06
510456091.033458,2.952612540175023,0.019647017996389588,3.143987239884183e-06,-8.230596294338255e-07
510458020.3454583,2.952554398578081,0.01965226361231058,3.0520166114378355e-06,1.1739887767897583e-06
