Seconds since J2000,RA ECLIPJ2000 [rad],DEC ECLIPJ2000 [rad],O-C RA ECLIPJ2000 [rad],O-C DEC ECLIPJ2000 [rad]
415494692.4333897,1.186854883680122,-0.015424212355044502,-4.1296041031202435e-07,-1.8897671218588014e-06
415496876.62539005,1.186888861466183,-0.015422820851032306,-8.908798407869511e-07,-5.182492726091975e-07
415499376.17738944,1.1869296298871275,-0.015422033622090032,3.113479694061283e-07,3.294031112478085e-07
439879771.3753147,1.9052433837760467,-0.008157419505857983,-9.062673895776641e-07,-1.117415808389588e-07
439881145.9993151,1.905209162803642,-0.008156886795835363,-1.04928913913227e-06,1.3035841418297667e-07
439882519.75931555,1.9051756113499185,-0.008156258674101623,-5.127176481156681e-07,4.998776829256285e-07
