Seconds since J2000,RA ECLIPJ2000 [rad],DEC ECLIPJ2000 [rad],O-C RA ECLIPJ2000 [rad],O-C DEC ECLIPJ2000 [rad]
59615350.518885516,1.8418406515876518,-0.010386944431739263,-3.718917369610608e-07,1.260974513696625e-06
59617316.98288599,1.8418061978003362,-0.010388486045458932,-9.619976728547641e-07,6.27630432193868e-07
59619279.99088546,1.8417723584764794,-0.010389468126721849,-1.0497294915534638e-06,5.972641667541939e-07
