Seconds since J2000,RA ECLIPJ2000 [rad],DEC ECLIPJ2000 [rad],O-C RA ECLIPJ2000 [rad],O-C DEC ECLIPJ2000 [rad]
135192662.74561095,2.772696007058188,0.028136373540162473,2.93557009722889e-06,-3.158729609438471e-07
135194411.48161185,2.7726666663486617,0.028143818592343363,5.078268681124598e-07,5.2627878564873165e-06
135196164.53761074,2.7726434517416116,0.028143809110338255,4.2013388434902765e-06,3.386727699335873e-06
135197912.40961164,2.7726132798095664,0.028145683658414185,7.739720739863287e-07,3.398264820427682e-06
163540660.85749194,-2.856165858573652,0.03115692941912608,-2.2886074235728415e-07,2.7888171361262204e-06
163542341.33749118,-2.856195322916432,0.031154165369421127,4.629451986204458e-07,2.4643876103784546e-06
163544022.68149242,-2.856216901675238,0.0311494209567818,9.09740613241894e-06,1.6545062081138595e-07
163545705.75349167,-2.8562555521292774,0.031151771840487077,7.203546705802921e-07,4.963501299373729e-06
