Seconds since J2000,RA ECLIPJ2000 [rad],DEC ECLIPJ2000 [rad],O-C RA ECLIPJ2000 [rad],O-C DEC ECLIPJ2000 [rad]
507945108.312901,3.014543920054495,0.015801848083088373,3.150550051955747e-07,-1.9491563230458753e-07
507946129.5609013,3.014525366589421,0.015802729587553622,1.1344230532728261e-07,-1.5589582531491675e-07
507947150.8089006,3.0145072039652994,0.015803620988120708,3.1924304710884144e-07,-1.0032150955102681e-07
507948178.1049019,3.014488688861272,0.015804413467542727,2.9477193930205203e-07,-1.4326842408610152e-07
