Seconds since J2000,RA ECLIPJ2000 [rad],DEC ECLIPJ2000 [rad],O-C RA ECLIPJ2000 [rad],O-C DEC ECLIPJ2000 [rad]
509924937.52936774,2.9680255951509866,0.01866184216811204,6.50352266706733e-07,4.488881114352028e-07
509925342.7453679,2.9680143603755074,0.01866231074531342,1.070271263170497e-06,2.875310456222635e-07
509925746.2333679,2.968002934918127,0.018663225084726107,1.24748491314719e-06,5.739472257876299e-07
509926150.585368,2.9679915094654405,0.018664139433515775,1.4470504425823094e-06,8.582706835513765e-07
