Seconds since J2000,RA ECLIPJ2000 [rad],DEC ECLIPJ2000 [rad],O-C RA ECLIPJ2000 [rad],O-C DEC ECLIPJ2000 [rad]
341795546.72649574,-0.09582600909684079,-0.021281810790085273,6.612763648466968e-07,4.662369329638816e-07
341796004.64649475,-0.09583373963020854,-0.021283224764479077,6.211077020895628e-07,-4.914067722704141e-07
