Seconds since J2000,RA ECLIPJ2000 [rad],DEC ECLIPJ2000 [rad],O-C RA ECLIPJ2000 [rad],O-C DEC ECLIPJ2000 [rad]
-1315543552.414459,-2.6984876413677656,0.035235324981121814,2.855522026390389e-06,9.958472927465434e-07
-1315537688.4464588,-2.6986282547918576,0.035236534994793324,7.728097710213433e-06,1.150218898939015e-06
