Seconds since J2000,RA ECLIPJ2000 [rad],DEC ECLIPJ2000 [rad],O-C RA ECLIPJ2000 [rad],O-C DEC ECLIPJ2000 [rad]
129941463.41707548,2.9145835963762776,0.01714899095863841,3.995374184384559e-06,1.1173303464569184e-06
129941570.55307652,2.914576188867008,0.017151647415616363,-5.402605642856884e-07,3.598409569868094e-06
129942552.05707575,2.914550140059987,0.017150101161814365,-2.8697335485716735e-07,4.4299578816006657e-07
129942658.32907678,2.914543965587928,0.01715170005412174,-3.614516414174318e-06,1.8673609976510575e-06
129943643.28907703,2.914520680355706,0.017152902546371147,-5.230449988680164e-07,1.449083520850547e-06
129943751.28907606,2.9145171609074185,0.017151939795517945,-1.151406507027275e-06,3.082368271282998e-07
129944829.56107633,2.9144890334350197,0.017155304959346928,-4.272030968976992e-07,1.8906295609182056e-06
129945913.8810766,2.914460050934844,0.017158834834544896,-4.218496210128819e-07,3.618167494341684e-06
129946995.60907687,2.9144322023088565,0.017159685908240265,6.198439441718051e-07,2.660242404941421e-06
