Seconds since J2000,RA ECLIPJ2000 [rad],DEC ECLIPJ2000 [rad],O-C RA ECLIPJ2000 [rad],O-C DEC ECLIPJ2000 [rad]
204833411.232149,-2.4703137691536763,0.026877270033990666,-8.608815926791635e-08,-1.1981884316669689e-07
204833810.22734886,-2.4703185506106133,0.026877244535979623,-1.5517367266681958e-06,1.903619809631718e-07
