Seconds since J2000,RA ECLIPJ2000 [rad],DEC ECLIPJ2000 [rad],O-C RA ECLIPJ2000 [rad],O-C DEC ECLIPJ2000 [rad]
59180951.190783754,1.8483031638114638,-0.010202899834829901,3.1851194839394026e-06,1.2726177057997834e-07
59182774.230785154,1.8482793134235405,-0.01020230321122459,4.150647919143324e-06,1.8451997692292554e-06
59184922.13478563,1.848248206397823,-0.010203540845654318,2.289802940813601e-06,1.991388728934257e-06
