Seconds since J2000,RA ECLIPJ2000 [rad],DEC ECLIPJ2000 [rad],O-C RA ECLIPJ2000 [rad],O-C DEC ECLIPJ2000 [rad]
-277952152.8864778,2.1845024994116624,0.00847104258533263,-7.4212713787602524e-06,3.5910257995281497e-06
-277949185.0464765,2.1844573678494954,0.008463538779970966,-9.73033242646082e-06,5.76419975303194e-07
