Seconds since J2000,RA ECLIPJ2000 [rad],DEC ECLIPJ2000 [rad],O-C RA ECLIPJ2000 [rad],O-C DEC ECLIPJ2000 [rad]
197588086.08165753,-2.301674208163004,0.016497073246325208,-3.139199860058284e-07,8.059315803575495e-07
197589577.34565848,-2.3017013071454624,0.016500371230931288,2.4464690451253546e-07,1.8659680494081954e-06
197591069.47365844,-2.3017298818858674,0.016501226114638702,-6.447782521235013e-07,4.5252713468807437e-07
197848696.99365038,-2.3065812722247623,0.016941184617054718,4.4366874130119527e-07,1.180752355313397e-06
197850100.1296513,-2.3066101315602676,0.016942926569485272,-4.748378312768864e-08,6.331642544814275e-07
197851396.99365026,-2.306636172778304,0.016944979212246733,1.2881481570303777e-07,5.443215796291367e-07
