Seconds since J2000,RA ECLIPJ2000 [rad],DEC ECLIPJ2000 [rad],O-C RA ECLIPJ2000 [rad],O-C DEC ECLIPJ2000 [rad]
28923676.37509314,1.1643246817913437,-0.010137600879414689,-1.130696821727284e-06,-1.2159634605983516e-07
28924634.551093407,1.1643027552226664,-0.010136808346184061,2.0543945900008964e-06,1.7905185574935978e-06
