Seconds since J2000,RA ECLIPJ2000 [rad],DEC ECLIPJ2000 [rad],O-C RA ECLIPJ2000 [rad],O-C DEC ECLIPJ2000 [rad]
28844451.895071212,1.1663445827686725,-0.010039520021365593,5.885732814236988e-06,1.4390398691069284e-06
28844792.311071306,1.1663355493907048,-0.010039952025257265,5.7061877283270945e-06,1.416201064136438e-06
28845140.5030714,1.1663265972360033,-0.010039906036069145,5.808755531244714e-06,1.882946571375027e-06
