Seconds since J2000,RA ECLIPJ2000 [rad],DEC ECLIPJ2000 [rad],O-C RA ECLIPJ2000 [rad],O-C DEC ECLIPJ2000 [rad]
125628698.55174334,2.959500998560871,0.01335485204496144,2.9408405324282683e-06,1.2134349988025123e-06
125631394.23174523,2.9595193740038934,0.01335426109857702,2.8572195294174207e-06,1.2581874728259668e-06
125634088.18374613,2.959537082945138,0.013353385686764706,2.3032432898695276e-06,1.093122394612428e-06
