Seconds since J2000,RA ECLIPJ2000 [rad],DEC ECLIPJ2000 [rad],O-C RA ECLIPJ2000 [rad],O-C DEC ECLIPJ2000 [rad]
129768619.35303168,2.9190493605428887,0.01683358497978125,4.873407362104842e-07,2.532659464909298e-06
129770775.89703225,2.918993751578993,0.01683688466471313,6.455462329135742e-07,2.4513382865971878e-06
129772725.94503275,2.9189440392078247,0.01684110244080844,1.3080003733456635e-06,3.59527837972759e-06
168114512.6974706,-2.947604962190671,0.021912518332837378,1.8559000918294544e-06,-3.5380735772735927e-07
168116472.2494713,-2.9476391225811,0.021907493510495223,4.3395492976827654e-07,-7.656813230463855e-07
168118274.55347103,-2.947669461953526,0.021904617918322093,1.6077003106573784e-07,5.79368726209839e-07
