Seconds since J2000,RA ECLIPJ2000 [rad],DEC ECLIPJ2000 [rad],O-C RA ECLIPJ2000 [rad],O-C DEC ECLIPJ2000 [rad]
66665940.44101589,1.6617665022663441,0.0015384507391879734,8.760389775819277e-06,2.1672450674554457e-07
66667232.985017225,1.6617508993324839,0.00154462850510791,8.390307006722608e-06,2.752949113966636e-06
66668467.64101755,1.6617341347293093,0.0015463938962887293,6.185532273939032e-06,1.0655045452458243e-06
66670939.545018196,1.661701767429441,0.0015543375059695495,2.9729603807648886e-06,2.1733602809546546e-06
