Seconds since J2000,RA ECLIPJ2000 [rad],DEC ECLIPJ2000 [rad],O-C RA ECLIPJ2000 [rad],O-C DEC ECLIPJ2000 [rad]
616018599.9422548,-1.8300625026419968,0.0015428399942321925,1.821002468815891e-06,-6.177933950190194e-07
616018916.5118546,-1.830068511429666,0.0015421725379323905,6.372871381721268e-07,-7.347752867645392e-07
616019521.5710535,-1.8300765231439367,0.0015412825726781412,1.8459111570390263e-06,-5.778760041783536e-07
616020578.156653,-1.830095324192327,0.0015401695813528165,-8.618258031667381e-07,1.2051795626288712e-07
