Seconds since J2000,RA ECLIPJ2000 [rad],DEC ECLIPJ2000 [rad],O-C RA ECLIPJ2000 [rad],O-C DEC ECLIPJ2000 [rad]
28673628.72702563,1.134409637762142,-0.007213690421631434,1.8006855240226827e-06,-3.649086749089349e-06
28674895.351025976,1.1343696967757382,-0.007212798608265039,1.4934104157759975e-06,-3.405338444087587e-06
28676208.63102533,1.134328999441688,-0.007212260797282301,1.852907354882305e-06,-3.508768401029594e-06
