Seconds since J2000,RA ECLIPJ2000 [rad],DEC ECLIPJ2000 [rad],O-C RA ECLIPJ2000 [rad],O-C DEC ECLIPJ2000 [rad]
125541760.27971552,2.9792105113188185,0.011583310182549149,1.7764006892129203e-06,1.3977024695896456e-06
125544449.04771541,2.9792274683854054,0.011584242414131925,1.9689901895603157e-06,1.4145839042425945e-06
125547527.47971644,2.9792468071901896,0.011585139730568565,2.3522222027949624e-06,1.361930002712064e-06
125628125.71974415,2.9797571319280007,0.011625936211447984,1.1790704474989866e-06,1.4918775735443812e-06
125630817.94374505,2.979772374075951,0.011627189420752896,1.40164453554803e-06,1.8227180609096255e-06
125633511.89574593,2.979787807103503,0.01162799698277872,1.9998587590386308e-06,1.7872342598073548e-06
