Seconds since J2000,RA ECLIPJ2000 [rad],DEC ECLIPJ2000 [rad],O-C RA ECLIPJ2000 [rad],O-C DEC ECLIPJ2000 [rad]
-1316488993.054373,-2.6817866926976137,0.02898394578276482,1.1246112738394487e-05,-3.386648709181178e-06
-1316482859.5183733,-2.6819568781721697,0.02898071737114248,8.841565037887023e-06,2.223514902408019e-06
-1109492701.2202785,0.8896724292877506,-0.027443022147435544,-1.3833451089073634e-06,3.111390599833813e-06
-1109488741.5082195,0.8895555725630512,-0.02743607146771179,-8.029068616632884e-07,5.98609181976309e-06
-1099213149.4072504,0.8508709029266812,-0.01164635557401482,-2.6846230108956703e-06,1.032002963809002e-05
-1099208530.4631793,0.8510179403279443,-0.011642352319271422,-3.0237293990875713e-07,8.386981456930467e-06
