Seconds since J2000,RA ECLIPJ2000 [rad],DEC ECLIPJ2000 [rad],O-C RA ECLIPJ2000 [rad],O-C DEC ECLIPJ2000 [rad]
97964127.03296305,2.2876851487185714,0.020778734426731307,-5.717093491952596e-07,-5.614649726017051e-07
