Seconds since J2000,RA ECLIPJ2000 [rad],DEC ECLIPJ2000 [rad],O-C RA ECLIPJ2000 [rad],O-C DEC ECLIPJ2000 [rad]
28839127.063070744,1.1293347436520487,-0.007123705460226778,-2.3831525148843014e-06,2.424154513683968e-06
28840607.959070154,1.12928993265688,-0.0071228226286387175,-1.0045863385599318e-06,2.394292135784494e-06
28842089.719071563,1.1292452977330312,-0.007120985523931785,5.742194997271355e-07,3.35340478543715e-06
28843579.255070973,1.1291967006949106,-0.007121866690082229,-1.5798874317685119e-06,1.62662681908992e-06
