Seconds since J2000,RA ECLIPJ2000 [rad],DEC ECLIPJ2000 [rad],O-C RA ECLIPJ2000 [rad],O-C DEC ECLIPJ2000 [rad]
52147223.99873078,1.7323557176255997,-0.00824932455512913,-9.99686655678289e-07,-7.490685653612633e-07
52148254.99873057,1.7323965180563194,-0.008247800931002365,-2.5210181942014742e-08,1.010525873361423e-06
52579695.9986476,1.748769692568739,-0.008408784054281141,-6.81387073875328e-07,-1.878566210925664e-06
52580370.99864748,1.7487922364911437,-0.008405892839454795,-3.04766738379314e-06,1.175844988501873e-06
52663991.99863241,1.7518861111283934,-0.008436304016002871,2.707668408818975e-06,1.968572535926416e-06
52664446.99863233,1.7519021125801202,-0.008436760966499375,2.04957173322029e-06,1.61598197345042e-06
52751538.99861701,1.7550866437358648,-0.008472230763883105,1.6826539479541935e-06,-1.7771433209034376e-06
