Seconds since J2000,RA ECLIPJ2000 [rad],DEC ECLIPJ2000 [rad],O-C RA ECLIPJ2000 [rad],O-C DEC ECLIPJ2000 [rad]
443439090.22446406,1.840989205328212,-0.005471199947046079,2.9611242635674273e-07,6.816377235542917e-07
443442757.9044652,1.8408951961262758,-0.005466923274253504,-7.164252662228421e-07,6.586532783244003e-07
443443656.46446645,1.840871958826747,-0.00546521292019756,-1.144824087084828e-06,1.3529971522813558e-06
443444561.93646675,1.840849501480651,-0.005464388403083805,-6.126097675807074e-07,1.1686256012038293e-06
443445461.36046606,1.840825929007056,-0.005465644479433646,-1.3463558032889011e-06,-1.0748430079258325e-06
