Seconds since J2000,RA ECLIPJ2000 [rad],DEC ECLIPJ2000 [rad],O-C RA ECLIPJ2000 [rad],O-C DEC ECLIPJ2000 [rad]
165960664.37764886,-2.8710529692758673,0.029598159047234156,-1.4179218288390416e-07,4.191695178561161e-07
165961993.20964885,-2.871086233795188,0.029596913715516926,-6.320995629138793e-07,5.529953860938797e-07
165963373.01764783,-2.8711199813330928,0.029594941963080514,-3.663690457678115e-07,-7.294543059865877e-10
