Seconds since J2000,RA ECLIPJ2000 [rad],DEC ECLIPJ2000 [rad],O-C RA ECLIPJ2000 [rad],O-C DEC ECLIPJ2000 [rad]
201049447.20122585,-2.4236834086974377,0.017687968559911397,-3.6069002318228627e-07,-1.439968582369472e-06
201049994.11322674,-2.423696157218467,0.017688414393710872,1.3190600602897007e-06,-1.1620768964430706e-06
