Seconds since J2000,RA ECLIPJ2000 [rad],DEC ECLIPJ2000 [rad],O-C RA ECLIPJ2000 [rad],O-C DEC ECLIPJ2000 [rad]
542179620.6414902,-2.7431136853805,0.023144239878252416,-1.1320972954642627e-06,6.263258489520862e-07
542181216.4494915,-2.7431358006015736,0.023143264601708183,4.965530591150014e-07,5.219326306184213e-07
542182811.3934907,-2.7431604634203146,0.02314284068023461,-3.976817839479452e-07,9.62228581334601e-07
542184639.617492,-2.7431874467265005,0.023140449345482903,-1.0462317145965017e-07,-4.522543396133505e-07
542186341.6974921,-2.7432131381731364,0.02314065944158404,-3.863879332044462e-07,6.48252963406093e-07
542188043.7774924,-2.743238291479661,0.023139518160272883,-1.2970499918552036e-07,3.735906967741731e-07
545713998.401605,-2.818063356433512,0.020989138049934346,1.9058120894754893e-06,-6.799029445697657e-08
545714991.1376039,-2.818087712073502,0.02098753884485872,1.3656861312938418e-06,-5.546853075640013e-07
545715983.8736048,-2.818112134364635,0.020988008145009802,7.600598301849004e-07,1.023287006702428e-06
