Seconds since J2000,RA ECLIPJ2000 [rad],DEC ECLIPJ2000 [rad],O-C RA ECLIPJ2000 [rad],O-C DEC ECLIPJ2000 [rad]
204830523.57134992,-2.4867319103174856,0.018972172555814015,-8.082766336237057e-07,1.374624082894904e-07
204830962.48334876,-2.486733415617091,0.018972631106519065,-1.8902949028287708e-07,5.615299223694914e-07
204831386.88014966,-2.4867352702803904,0.018971484114536696,6.773278826699425e-09,-6.211403132394544e-07
204831790.54094952,-2.4867371749782423,0.018971139867952343,4.8696929599856276e-08,-1.001490688660317e-06
