Seconds since J2000,RA ECLIPJ2000 [rad],DEC ECLIPJ2000 [rad],O-C RA ECLIPJ2000 [rad],O-C DEC ECLIPJ2000 [rad]
129941675.96107553,2.9367336952787726,0.014014890031254716,-2.106447906768949e-06,-6.541918395400192e-07
129942766.32907681,2.9367077214578043,0.014014913488672663,-1.5562538426827643e-06,-9.76171798961964e-07
129943857.56107609,2.9366821269936696,0.014014044642070353,-6.252368809356312e-07,-2.1969244431343377e-06
