Seconds since J2000,RA ECLIPJ2000 [rad],DEC ECLIPJ2000 [rad],O-C RA ECLIPJ2000 [rad],O-C DEC ECLIPJ2000 [rad]
132748667.67357305,2.860583500927407,0.015268797740291183,1.8513644017836839e-06,2.587297457577742e-06
132750590.93757424,2.860528770484612,0.015270649325824982,1.5843387046743374e-07,4.1329064659270665e-06
132752521.11357342,2.860475639912054,0.015270542119567293,2.3366008017333684e-07,3.729731775143144e-06
