Seconds since J2000,RA ECLIPJ2000 [rad],DEC ECLIPJ2000 [rad],O-C RA ECLIPJ2000 [rad],O-C DEC ECLIPJ2000 [rad]
412845642.5127532,1.127093749113572,-0.008434541322843308,-1.493883364567239e-06,1.8929547209341202e-06
412846017.48875433,1.127093660680277,-0.008435018003463898,-9.439341188688388e-07,1.4398408446775202e-06
412846391.6007534,1.1270928143978751,-0.008435847184122231,-1.1538039508263154e-06,6.359645120905533e-07
412846767.4407536,1.127093483813685,-0.008435971364705074,1.5431742950156035e-07,5.39036580050542e-07
412932363.05677843,1.1270217663256563,-0.008449293069348811,-1.3151498257091276e-06,1.9056063532869871e-06
412934375.31278,1.1270227513820552,-0.008451448180873134,1.629350302012611e-06,-8.983722639237246e-08
412935010.35278016,1.1270200737031357,-0.008450951383574873,-4.369487471844735e-07,4.687921395570699e-07
