Seconds since J2000,RA ECLIPJ2000 [rad],DEC ECLIPJ2000 [rad],O-C RA ECLIPJ2000 [rad],O-C DEC ECLIPJ2000 [rad]
122168947.06275986,2.9181804696747866,0.010291681501622973,1.548518129723675e-06,2.8864362549112232e-06
122169826.61476105,2.9182087224781244,0.01029363557008436,5.330619356591626e-06,4.686934673616555e-06
122170707.03076026,2.9182279321848963,0.0102928155463507,6.548066799894059e-08,3.721867920138469e-06
122171589.17476144,2.9182526632929813,0.010293805778688088,2.924983606433784e-07,4.575103174071435e-06
123895862.74320304,2.958510519883829,0.010864267024157328,3.7819867597654877e-06,9.655476741811733e-06
123896761.3032043,2.9585230850524242,0.010853288006120688,3.5740280113216727e-07,-1.5485164884133235e-06
123897670.23120356,2.9585447968061818,0.010857807917045152,5.913204102370173e-06,2.7515294922439426e-06
123898557.55920482,2.9585521298458346,0.010860936747988315,-2.509519543725247e-06,5.672637988830137e-06
