Seconds since J2000,RA ECLIPJ2000 [rad],DEC ECLIPJ2000 [rad],O-C RA ECLIPJ2000 [rad],O-C DEC ECLIPJ2000 [rad]
-285105615.96841913,2.296622141365343,0.01844485753095086,-4.038867403632906e-06,7.152925089168316e-06
-278210748.9505114,2.1556506150061323,0.02309898734434853,-4.346540246835673e-06,3.8940925124207604e-05
-278207987.606511,2.1558403235677766,0.022975707756251615,0.00021616190106676925,-8.31085039782603e-05
-277952152.8864778,2.1531553873993254,0.022969868980426623,3.253238977318773e-06,4.694327933364023e-06
-277949185.0464765,2.1531181362458023,0.02296789304066449,-6.452467101514259e-06,4.209710896985186e-06
-253818166.16849893,2.903970381184593,0.014334398278159017,-3.870769482716696e-08,2.7925065199455035e-08
-251316951.83167407,2.902131149176022,0.01480004965534112,-3.9837735350545245e-06,7.734448142417832e-06
-249424053.11109474,2.870111929350669,0.01504012318200174,1.7813649235698392e-06,-2.0787319338303606e-06
