Seconds since J2000,RA ECLIPJ2000 [rad],DEC ECLIPJ2000 [rad],O-C RA ECLIPJ2000 [rad],O-C DEC ECLIPJ2000 [rad]
100710708.7295164,2.234399432851235,0.01932513746217473,4.080843214460117e-07,6.1891498876441575e-06
100712493.75351663,2.23437787857236,0.01932335945769871,5.864371930286438e-07,5.917570847793763e-06
100714344.44151685,2.2343556615015845,0.019321403442889032,9.21077843774043e-07,5.580849087097328e-06
