Seconds since J2000,RA ECLIPJ2000 [rad],DEC ECLIPJ2000 [rad],O-C RA ECLIPJ2000 [rad],O-C DEC ECLIPJ2000 [rad]
129090919.35285087,2.955214595610914,0.013547947690141072,2.7650940421786174e-06,3.446195771928881e-06
129091812.72885011,2.9551971738901908,0.013546315016241742,3.0965108339664482e-06,1.5195327129156194e-06
129092776.08885139,2.955176611330828,0.013546505229599971,1.664009822821555e-06,1.387918029151225e-06
166067848.76164636,-2.8736413105810006,0.029508020626462496,2.6294242641000665e-06,3.789269965373543e-07
166068752.50564635,-2.873662372236526,0.029507648829598648,3.7001882979836864e-06,8.746174129208029e-07
166069644.15364635,-2.8736843996047825,0.029505824097710402,3.479547518114856e-06,-1.0806311202121721e-07
167180094.9695856,-2.8998212517728326,0.028388353838476394,5.54084019288581e-06,-2.488089464219162e-06
167181037.5935865,-2.899843662174072,0.028387361071296302,4.84702029046602e-06,-2.1918760791383995e-06
167182125.36958638,-2.8998705450680737,0.028387645996353388,3.0018746568494237e-06,-4.31176178834064e-07
