Seconds since J2000,RA ECLIPJ2000 [rad],DEC ECLIPJ2000 [rad],O-C RA ECLIPJ2000 [rad],O-C DEC ECLIPJ2000 [rad]
679672344.4477005,-0.5345140869106354,-0.029503637682776477,-5.17339765471192e-07,-9.73646360483832e-07
679672959.6157002,-0.5345255650537016,-0.029503988430431075,-1.242022387160091e-07,-7.174422178152229e-07
679673573.9197,-0.5345363803233626,-0.029504588126460028,9.202358582927062e-07,-7.157546267552717e-07
