Seconds since J2000,RA ECLIPJ2000 [rad],DEC ECLIPJ2000 [rad],O-C RA ECLIPJ2000 [rad],O-C DEC ECLIPJ2000 [rad]
337512338.438481,0.017158204650932155,-0.023084075159260385,3.7773217339762133e-07,-2.1086564574307465e-07
337513403.75048083,0.017129181328700335,-0.02308153586849862,-1.5889984157357873e-06,1.5941796817908749e-06
337514469.0624817,0.017104250621391513,-0.02308235561146616,5.616418248359512e-07,3.0213109729337884e-08
337515534.37448055,0.017075123070600176,-0.023081884783750877,-1.4626576116984202e-06,-2.519524920190086e-07
