Seconds since J2000,RA ECLIPJ2000 [rad],DEC ECLIPJ2000 [rad],O-C RA ECLIPJ2000 [rad],O-C DEC ECLIPJ2000 [rad]
581543171.2007667,-2.3820745232345675,0.022800358928919996,2.3697663076305275e-07,1.193852909101012e-07
581544128.5127653,-2.382094535082004,0.022800458640074777,1.6705405325723177e-07,2.6974799553422524e-07
581545084.960765,-2.38211427313827,0.02280038978562675,3.534304786612097e-07,2.42152323678968e-07
581546040.5447658,-2.3821344193940766,0.02280044730617849,1.1131762489569041e-07,3.3068136253214253e-07
