Seconds since J2000,RA ECLIPJ2000 [rad],DEC ECLIPJ2000 [rad],O-C RA ECLIPJ2000 [rad],O-C DEC ECLIPJ2000 [rad]
197847841.6336514,-2.3398882914291734,0.015599737120421462,-6.345641341276576e-07,9.702363723083224e-07
197849447.80965033,-2.339924488706156,0.01560102341056793,1.1064270699634449e-07,1.289178681610978e-06
197850744.67365128,-2.339954486176201,0.01560113277636701,-6.222581339088151e-08,5.924823243356331e-07
