Seconds since J2000,RA ECLIPJ2000 [rad],DEC ECLIPJ2000 [rad],O-C RA ECLIPJ2000 [rad],O-C DEC ECLIPJ2000 [rad]
204051308.06439665,-2.481082838328008,0.0188071457008185,-3.346405756943227e-07,1.202950485851978e-06
204053155.29639703,-2.4811013673445164,0.018804418774015036,6.723625722848681e-07,-1.7055840131618982e-06
204055029.31239647,-2.481121460286047,0.018806280812574214,3.459741879652256e-07,-6.885595446246007e-08
