Seconds since J2000,RA ECLIPJ2000 [rad],DEC ECLIPJ2000 [rad],O-C RA ECLIPJ2000 [rad],O-C DEC ECLIPJ2000 [rad]
511143268.24955314,2.9542849967308777,0.02047907950343949,2.7520981187301174e-06,2.787978464723062e-06
511145194.10555434,2.9542264734959303,0.020477829465912707,-1.1561356756395469e-06,5.726014558130044e-07
512865641.01765084,2.909293008397636,0.021502950976819812,-1.4810997295278128e-06,1.6590202746580296e-06
512867645.49765086,2.9092485471751,0.021504154878754733,1.7339036340047187e-06,2.4557314307060985e-06
512869655.16165084,2.909195907804254,0.02150242755082839,-3.2267151999221255e-06,2.9529505725725547e-07
512871681.24165183,2.909152967184292,0.021503748330813175,1.7596047019452499e-06,1.1442114287475713e-06
513983175.7696163,2.8864085276476508,0.02190385960017354,2.7851533626055414e-06,1.896358756518779e-06
513985230.3616152,2.8863701706033216,0.021901930505209936,1.1180644237107629e-06,-1.0089907776650309e-07
513985524.1216151,2.8863653233033966,0.021900418087710143,1.5083619557820782e-06,-1.6237780474728791e-06
