Seconds since J2000,RA ECLIPJ2000 [rad],DEC ECLIPJ2000 [rad],O-C RA ECLIPJ2000 [rad],O-C DEC ECLIPJ2000 [rad]
229925302.65763122,-1.7211710314863229,0.012284852979667436,-1.5772119712487154e-06,7.061524315496448e-07
229930313.85762993,-1.721197002160163,0.012280259926770048,3.9520639549817105e-06,2.752981599178639e-07
232086612.48134327,-1.749781834454635,0.010435233299231428,-2.1867104171846563e-07,-2.7055638223468653e-06
232087343.42534313,-1.749795982584142,0.010435118545296086,6.120785671637208e-07,-2.1039748209425446e-06
233466426.52903262,-1.781521491398235,0.009015690854910895,-6.274614747781015e-07,-6.939340035268249e-07
233467400.25703233,-1.781546447102878,0.009015383364271611,-2.9751401342537065e-07,5.6703069527958005e-08
