Seconds since J2000,RA ECLIPJ2000 [rad],DEC ECLIPJ2000 [rad],O-C RA ECLIPJ2000 [rad],O-C DEC ECLIPJ2000 [rad]
544651793.3456575,-2.7927861594365626,0.02185279227198275,7.520965628060594e-08,1.285009995605213e-06
544652161.4096575,-2.7927954694611135,0.021852674211165945,-2.983861255856368e-07,1.5154452530190266e-06
544652531.2016574,-2.7928035625909806,0.02185148049103514,5.865348500222467e-07,6.709369305725466e-07
544652898.4016584,-2.7928122032476406,0.021851634261361944,8.605207444389862e-07,1.1705015499109683e-06
