Seconds since J2000,RA ECLIPJ2000 [rad],DEC ECLIPJ2000 [rad],O-C RA ECLIPJ2000 [rad],O-C DEC ECLIPJ2000 [rad]
61007008.279254936,1.841279321099722,-0.010724562495267103,2.8036579338142076e-06,-4.7800888000101155e-06
61007924.1192562,1.8412592186909233,-0.0107210244416784,1.0708706579265481e-06,-1.115339182749045e-06
61008871.06325648,1.8412423525864863,-0.010721993312105665,3.177526101127981e-06,-1.9420968067115213e-06
63414905.43202218,1.7829571392600398,-0.010078248989149899,4.0077190677223484e-08,2.3067409119365e-06
63415792.76002347,1.7829335993015196,-0.010079415172981773,5.646583600693589e-07,8.391758625249379e-07
63416712.92002278,1.782907873608655,-0.01007883252644542,-2.2012334777166132e-07,1.123661464491263e-06
