Seconds since J2000,RA ECLIPJ2000 [rad],DEC ECLIPJ2000 [rad],O-C RA ECLIPJ2000 [rad],O-C DEC ECLIPJ2000 [rad]
410692125.9680675,1.1488617647629318,-0.008024969596148925,1.6247592138363132e-07,-5.224895022991338e-07
410693192.1440679,1.1488410088651646,-0.008025234730649847,-2.0294482583338436e-07,-6.081983761983129e-07
410694259.1840692,1.148822260924983,-0.00802585512050135,1.4385725402021876e-06,-1.0331488743339778e-06
410695326.2240696,1.1488001663041345,-0.008025882971276717,-2.871922522018622e-07,-8.495286127965795e-07
