Seconds since J2000,RA ECLIPJ2000 [rad],DEC ECLIPJ2000 [rad],O-C RA ECLIPJ2000 [rad],O-C DEC ECLIPJ2000 [rad]
310955421.83060455,-0.7672340677778776,-0.02660435188883139,9.541727712392145e-07,-8.10560548368533e-07
310956028.35860366,-0.7672251062004772,-0.026603613465060974,-4.325990679010516e-07,-5.57189005448433e-07
335245902.27891916,0.06174310900419479,-0.02390471575533206,-2.2373993183166796e-06,-5.837254320115171e-07
335246630.630919,0.06173576498079193,-0.023901539829072477,1.5260454889337582e-07,2.253084129516525e-06
341796688.9344949,-0.0827322631468698,-0.02039917545815704,1.541738038207674e-07,1.1247825125945687e-06
341796993.9264959,-0.0827365591890793,-0.02039995895975084,4.4645707450441385e-07,8.570995662163239e-08
