Seconds since J2000,RA ECLIPJ2000 [rad],DEC ECLIPJ2000 [rad],O-C RA ECLIPJ2000 [rad],O-C DEC ECLIPJ2000 [rad]
63453403.54403485,1.7819388895433046,-0.010061551618836146,-5.753339427538862e-06,5.782982729024208e-06
63454065.36803607,1.7819271780043051,-0.010066505565422065,3.193826365599506e-07,4.962141309326068e-07
