Seconds since J2000,RA ECLIPJ2000 [rad],DEC ECLIPJ2000 [rad],O-C RA ECLIPJ2000 [rad],O-C DEC ECLIPJ2000 [rad]
579052179.713371,-2.3200055203003114,0.021792613031597335,1.10601670533228e-06,1.08950604386579e-06
579053095.5533719,-2.320032561778216,0.021792766925580073,-2.9656007427547593e-07,7.288624933564358e-07
579053972.5133706,-2.320055834687256,0.021792510065810785,9.6822280148956e-07,-3.36634117838186e-08
579054933.2813705,-2.3200830127636394,0.021793128744627643,6.560289809165454e-07,1.6103917820781133e-08
581037432.2569106,-2.371207114475925,0.02270117992870387,-1.8554707725826347e-07,2.4211809740055934e-06
581038119.1369092,-2.3712205944467337,0.022699551580468425,2.259559225059604e-06,6.490671400245784e-07
581038802.5609092,-2.371238435828088,0.022700127512484097,2.4834809986273854e-07,1.0738164941959116e-06
581039526.592909,-2.3712528740252137,0.0226992178146791,2.5639464587001726e-06,-4.956762663516079e-09
