Seconds since J2000,RA ECLIPJ2000 [rad],DEC ECLIPJ2000 [rad],O-C RA ECLIPJ2000 [rad],O-C DEC ECLIPJ2000 [rad]
96940816.66466603,2.31346797400873,0.020826674151523176,-3.7653483531130405e-07,2.549229564000749e-06
96941751.5126673,2.3134428547735633,0.020826337107898035,-1.386762861876889e-06,2.341363464646723e-06
96942688.08866759,2.3134206612668566,0.020825852761407335,5.572748809079542e-07,1.9952318634809674e-06
97967633.144964,2.2875924251821402,0.020786942966335074,-4.456744779446353e-06,8.823554814661044e-06
97968556.76096424,2.2875674933328676,0.02078634981227709,-5.933673964175767e-06,8.542010774909015e-06
97969464.8249635,2.2875453459367705,0.020786050971067675,-5.019189220689668e-06,8.564354236798716e-06
