Seconds since J2000,RA ECLIPJ2000 [rad],DEC ECLIPJ2000 [rad],O-C RA ECLIPJ2000 [rad],O-C DEC ECLIPJ2000 [rad]
100281509.81745753,2.240029060282715,0.019642868811498893,8.403871727402645e-07,-2.833814488633485e-06
100282644.2494567,2.2400140015952705,0.019643311794680013,2.9365040972173517e-06,-1.4339868878165962e-06
100283783.86545686,2.239990765341719,0.019645056580543906,-3.0711220788681715e-06,1.2921005645080696e-06
100284932.12145706,2.2399731824546354,0.01964431401331604,-3.3039582953975355e-06,1.557589631523415e-06
100286074.32945822,2.239953046311909,0.019639866588298527,-6.195142683740329e-06,-1.8690285626954406e-06
