Seconds since J2000,RA ECLIPJ2000 [rad],DEC ECLIPJ2000 [rad],O-C RA ECLIPJ2000 [rad],O-C DEC ECLIPJ2000 [rad]
170100090.96907642,-2.9464873792647635,0.024345328194144904,2.782944990009639e-07,-1.5548617317631686e-07
170101889.81707495,-2.9465015984700624,0.02434350634643875,4.908607365017303e-07,1.0729566377286337e-06
170104076.60107443,-2.946519639606315,0.02433953551578891,-1.153786839402926e-07,7.671869483895366e-07
