Seconds since J2000,RA ECLIPJ2000 [rad],DEC ECLIPJ2000 [rad],O-C RA ECLIPJ2000 [rad],O-C DEC ECLIPJ2000 [rad]
303673100.1989081,-0.7014705459433362,-0.027736026116316342,1.451320801981737e-06,2.601473686331124e-06
303675208.3589076,-0.7015351026010798,-0.027735435148174316,-3.034334067453237e-06,4.477489880326535e-06
306176502.182438,-0.7626232211989002,-0.02861779420653983,-2.8790462038852382e-06,5.481597711673447e-06
306178539.4944378,-0.7626637751683998,-0.02861717577022785,-4.267500519405942e-06,5.656143183568885e-06
