Seconds since J2000,RA ECLIPJ2000 [rad],DEC ECLIPJ2000 [rad],O-C RA ECLIPJ2000 [rad],O-C DEC ECLIPJ2000 [rad]
132662326.42556544,2.86293338168791,0.015239470535919333,-4.609970845059763e-07,2.088517877521165e-06
132663117.84956452,2.8629122231349284,0.015239566733648117,3.868369349291356e-07,2.069507676220883e-06
132663910.13756561,2.8628902117455106,0.015239832240787801,4.0183370231261506e-07,2.221648170500079e-06
132664702.42556567,2.8628675343780356,0.015239819696429457,-2.543906449936628e-07,2.097179894466894e-06
132745885.59357378,2.8606573090242366,0.015268078456074636,-2.97282546135591e-07,1.9060694134657302e-06
132746745.27357286,2.860633781038097,0.015268241310078506,-7.645277211310031e-08,1.9387171677764936e-06
132747604.95357394,2.8606102530753352,0.015268404229042683,1.4406970461067203e-07,1.9756642203848374e-06
132748465.49757403,2.860586725135954,0.015268567212972501,3.8657804068975565e-07,2.0161516006318714e-06
