Seconds since J2000,RA ECLIPJ2000 [rad],DEC ECLIPJ2000 [rad],O-C RA ECLIPJ2000 [rad],O-C DEC ECLIPJ2000 [rad]
579067430.1773692,-2.3204212692740835,0.02180203326255264,-1.7400849561255427e-07,1.1336106105451493e-06
579069186.6893688,-2.320469569818983,0.021802515073831658,6.475169476161113e-07,7.283938154578617e-07
579070943.2013675,-2.3205193507603257,0.021803067108443527,-1.8315987837524972e-08,3.5559757520509105e-07
