Seconds since J2000,RA ECLIPJ2000 [rad],DEC ECLIPJ2000 [rad],O-C RA ECLIPJ2000 [rad],O-C DEC ECLIPJ2000 [rad]
100193920.9534438,2.2413311792373833,0.01971043650547227,9.641642475521905e-07,1.0649099395042272e-06
100206483.51344478,2.2411361460334516,0.01970024279478487,2.406066465177048e-06,1.6029102506281978e-06
100207386.39344494,2.2411208040653703,0.019699096659312066,1.0973046395967856e-06,1.3032657595786479e-06
