Seconds since J2000,RA ECLIPJ2000 [rad],DEC ECLIPJ2000 [rad],O-C RA ECLIPJ2000 [rad],O-C DEC ECLIPJ2000 [rad]
227071930.56155446,-1.7351314141688439,0.014065293737939152,-7.160473936007605e-07,-3.0484895445024446e-06
227072480.06555453,-1.7351232912537025,0.014064894383736419,-8.940016138492268e-07,-3.0593591864927494e-06
