Seconds since J2000,RA ECLIPJ2000 [rad],DEC ECLIPJ2000 [rad],O-C RA ECLIPJ2000 [rad],O-C DEC ECLIPJ2000 [rad]
206059193.08774775,-2.4864606602096515,0.01916345396663632,2.531738470423761e-06,-2.5263094181084134e-06
206059921.43974853,-2.4864571075646427,0.019166206395014523,2.9193024619900143e-06,2.1180211971436047e-07
206839691.80750075,-2.480502497199079,0.019245509256003438,5.773771238892778e-07,1.0560678039873983e-06
206840420.15949953,-2.4804966632248644,0.01924595908122101,-9.621975838314256e-07,1.4695302163469925e-06
207188306.3033935,-2.4764215824330957,0.019270602930955127,5.143037538068995e-07,1.511738190844436e-07
207188915.42339435,-2.4764142524663,0.019271042597854834,1.080444236301048e-07,5.371155504772795e-07
207697553.08724284,-2.4689288390785222,0.01929947141957195,1.8605046285813387e-06,-3.5446968832050785e-07
207698039.5192437,-2.468921357041712,0.019299437147207797,1.5442040148805347e-06,-3.7226433927811664e-07
