Seconds since J2000,RA ECLIPJ2000 [rad],DEC ECLIPJ2000 [rad],O-C RA ECLIPJ2000 [rad],O-C DEC ECLIPJ2000 [rad]
-246879542.0065327,2.801629327363025,0.015007681280375215,-1.933528992470457e-06,1.3218116317013917e-06
-246700262.0065067,2.796537655208422,0.01498248533169439,-1.2588574671568153e-06,-5.566113919167753e-07
-246621002.10249448,2.7943054681426402,0.014974639933728037,-1.04422296409723e-06,8.054300171117523e-07
-214209840.81439826,-2.9136808197553035,0.037043183554929256,3.0211168176030867e-06,-1.2407512310283475e-06
-214122150.86239195,-2.91567095855155,0.03704504745452944,4.176795840304948e-06,2.0640279081718393e-06
-213779491.05436796,-2.9236282805400804,0.03700953270057941,7.272415800674281e-06,1.286095858171743e-06
