Seconds since J2000,RA ECLIPJ2000 [rad],DEC ECLIPJ2000 [rad],O-C RA ECLIPJ2000 [rad],O-C DEC ECLIPJ2000 [rad]
478246195.08933616,2.335123356869766,0.01508026151636695,1.391682215690082e-06,3.949798570841018e-06
478246833.5853373,2.335109271583819,0.015076521714431199,8.581690704723144e-07,8.142720894308703e-07
478247466.8973364,2.3350946621800457,0.015072117613230856,-3.0687172047905165e-07,-2.984646769782842e-06
