Seconds since J2000,RA ECLIPJ2000 [rad],DEC ECLIPJ2000 [rad],O-C RA ECLIPJ2000 [rad],O-C DEC ECLIPJ2000 [rad]
407010990.8949413,1.249887832475025,-0.007273522730184601,-1.6533686837405526e-06,1.1383131499169419e-06
407012521.0389416,1.2498402018321308,-0.007272899567125448,-1.6720562709959808e-06,1.775651294619665e-06
407014049.454943,1.2497931092632708,-0.007273327477125292,-1.173015611533046e-06,1.3971483505560017e-06
441221052.7517362,1.898167064662453,-0.00774443281538481,-9.156946285671097e-07,8.262182684968047e-07
441222588.07973576,1.8981286477565782,-0.007742918663065012,-1.0220748620781706e-06,8.254155753010389e-07
441224123.4077372,1.8980902976976193,-0.007741884107858616,-9.864929249037147e-07,3.85090967640854e-07
442599689.1681941,1.8625444729419491,-0.006397591463671836,-2.630893756627728e-06,-1.683137433016943e-06
442601224.4961956,1.8625053835112377,-0.006394635970484077,-6.128419101081306e-07,-5.095170363530674e-07
442602760.6881951,1.8624635584943388,-0.0063915314572608635,-1.2441683343578092e-06,8.524910340250436e-07
