Seconds since J2000,RA ECLIPJ2000 [rad],DEC ECLIPJ2000 [rad],O-C RA ECLIPJ2000 [rad],O-C DEC ECLIPJ2000 [rad]
-40372885.617611036,-0.10450887392551991,-0.023955409344698135,-7.444689105046143e-07,4.0263266715828694e-07
