Seconds since J2000,RA ECLIPJ2000 [rad],DEC ECLIPJ2000 [rad],O-C RA ECLIPJ2000 [rad],O-C DEC ECLIPJ2000 [rad]
95968919.48036292,2.3370828684802105,0.020581632193243663,1.5505975810015116e-06,2.9576208583938224e-06
95975068.56836489,2.336937642513102,0.020583277865369072,1.0229502227510068e-06,2.4268462003387836e-06
95980827.12836674,2.336800171147651,0.020583223216976122,-3.8859056328277575e-07,9.130654659919579e-07
