Seconds since J2000,RA ECLIPJ2000 [rad],DEC ECLIPJ2000 [rad],O-C RA ECLIPJ2000 [rad],O-C DEC ECLIPJ2000 [rad]
65872918.04079941,1.7257066706588375,-0.00849824134234734,2.5730934984924403e-06,-5.759264375631776e-06
