Seconds since J2000,RA ECLIPJ2000 [rad],DEC ECLIPJ2000 [rad],O-C RA ECLIPJ2000 [rad],O-C DEC ECLIPJ2000 [rad]
59181071.28678377,1.8656619236581846,-0.010602328230536159,7.061759492721364e-07,1.9867956441519535e-06
59183026.518785216,1.8656490098265552,-0.010602482313282358,1.8287783738468733e-06,2.340210412853788e-06
59185043.09478566,1.8656337171399182,-0.010605377778843798,1.0182439971195834e-06,2.919659819120013e-08
