Seconds since J2000,RA ECLIPJ2000 [rad],DEC ECLIPJ2000 [rad],O-C RA ECLIPJ2000 [rad],O-C DEC ECLIPJ2000 [rad]
405977391.1507047,1.2800027363448916,-0.007147292142417417,-1.0770862464148934e-06,3.0463907738304333e-06
405978670.7347039,1.2799684417890975,-0.00714988086025786,2.6993267265851273e-07,4.0966686915260703e-07
