Seconds since J2000,RA ECLIPJ2000 [rad],DEC ECLIPJ2000 [rad],O-C RA ECLIPJ2000 [rad],O-C DEC ECLIPJ2000 [rad]
375808138.7910189,0.5167510104353722,-0.03671302965358058,5.402668787235498e-06,3.5437023689979807e-06
375809251.6230202,0.5167334877993981,-0.03671682922795151,5.098235387190897e-06,-2.0095206715448066e-06
375810367.0470205,0.5167089468560949,-0.036706615414805535,-2.1749634850909416e-06,6.449228668811702e-06
375811508.3910208,0.5166910995643733,-0.036707187487413175,-2.3479344547494563e-06,4.085943936547876e-06
375812645.4150201,0.5166777816654402,-0.036712041859641074,1.9423082679992376e-06,-2.5463395733268945e-06
