Seconds since J2000,RA ECLIPJ2000 [rad],DEC ECLIPJ2000 [rad],O-C RA ECLIPJ2000 [rad],O-C DEC ECLIPJ2000 [rad]
373308933.25450176,0.5707648871011798,-0.03883169391730482,-1.299657283126976e-06,4.877798837829572e-07
373309529.4145018,0.5707509522013406,-0.03883232716227681,4.991267936738097e-07,-4.710837018320757e-07
373310122.9825029,0.5707351625111562,-0.038831774203109286,3.82764981710082e-07,-2.425620955689989e-07
373310723.46250296,0.5707186995275044,-0.03883097776076809,-2.168397765789365e-07,2.2572062614856225e-07
