Seconds since J2000,RA ECLIPJ2000 [rad],DEC ECLIPJ2000 [rad],O-C RA ECLIPJ2000 [rad],O-C DEC ECLIPJ2000 [rad]
165756063.99364892,-2.8661168345966836,0.029758737327938663,7.401615522706351e-06,2.930093754363594e-07
165757197.5616489,-2.8661487567694075,0.029758067596387775,3.2113122481192136e-06,6.974643163050465e-07
165758348.4096489,-2.8661781114903273,0.029756889948797022,2.014880633005589e-06,6.078353409766368e-07
165759506.16964892,-2.8662057545758106,0.029755373674629767,2.699298402131234e-06,1.8202198759018073e-07
