Seconds since J2000,RA ECLIPJ2000 [rad],DEC ECLIPJ2000 [rad],O-C RA ECLIPJ2000 [rad],O-C DEC ECLIPJ2000 [rad]
232318049.56929636,-1.7545276384048345,0.010201905077720933,4.177955917672449e-06,-5.175539203507856e-07
232319710.17729604,-1.754561966678359,0.010201142741309422,5.874624085633329e-06,4.3037207960762436e-07
