Seconds since J2000,RA ECLIPJ2000 [rad],DEC ECLIPJ2000 [rad],O-C RA ECLIPJ2000 [rad],O-C DEC ECLIPJ2000 [rad]
66666159.897015944,1.7136291573062306,-0.00784292474577346,2.4553031354734856e-06,-2.1199937239469585e-06
66667427.38501628,1.7136109331409803,-0.007841616962225089,8.104187794177875e-07,-1.974645100559849e-06
66668662.9050176,1.7135919800316746,-0.00783938240406159,-1.966965611277516e-06,-8.481707888478157e-07
66669898.42501792,1.7135765230202933,-0.007839361383450141,-1.2394454116382292e-06,-1.9100265326501414e-06
66671134.80901825,1.71355762948009,-0.007838094346439419,-3.934045211817505e-06,-1.701105136388964e-06
