Seconds since J2000,RA ECLIPJ2000 [rad],DEC ECLIPJ2000 [rad],O-C RA ECLIPJ2000 [rad],O-C DEC ECLIPJ2000 [rad]
100176245.24143995,2.241591532276129,0.019723796299126614,-2.6358705746964972e-06,3.651622963382617e-06
