Seconds since J2000,RA ECLIPJ2000 [rad],DEC ECLIPJ2000 [rad],O-C RA ECLIPJ2000 [rad],O-C DEC ECLIPJ2000 [rad]
415777334.48143655,1.157900525589373,-0.0088764336645813,1.0659513149935407e-06,1.6342166093107069e-06
415779218.86543685,1.1579402712530058,-0.008877911082636735,1.3847874549277606e-06,4.613905441718663e-07
