Seconds since J2000,RA ECLIPJ2000 [rad],DEC ECLIPJ2000 [rad],O-C RA ECLIPJ2000 [rad],O-C DEC ECLIPJ2000 [rad]
612393353.0569769,-1.7005093630142039,0.0012623460507236303,-7.576088474348097e-07,1.8292839846353534e-06
612394046.8489778,-1.70052663852748,0.0012599209781516663,-2.99567493922126e-07,6.166485347954692e-09
612394717.3129765,-1.7005427688325772,0.0012609590059809968,7.040176699391054e-07,1.6180879028855968e-06
612395382.5929765,-1.7005627417478075,0.0012588680103593649,-2.2716992460480867e-06,8.900658656179998e-08
