Seconds since J2000,RA ECLIPJ2000 [rad],DEC ECLIPJ2000 [rad],O-C RA ECLIPJ2000 [rad],O-C DEC ECLIPJ2000 [rad]
268170108.86408854,-1.2774024370404726,-0.003535311289630526,2.490493131723781e-06,2.700953584623602e-06
