Seconds since J2000,RA ECLIPJ2000 [rad],DEC ECLIPJ2000 [rad],O-C RA ECLIPJ2000 [rad],O-C DEC ECLIPJ2000 [rad]
577403120.8016027,-2.276480544820853,0.020464591549283803,5.829030857995576e-08,4.6800368157240424e-07
577403563.1696036,-2.2764915338805034,0.020465045955111106,8.8853579605086e-08,5.569337916296047e-07
577404450.4976026,-2.276517542345644,0.0204648289512538,-3.818910298658551e-06,-4.0146249334974127e-07
