Seconds since J2000,RA ECLIPJ2000 [rad],DEC ECLIPJ2000 [rad],O-C RA ECLIPJ2000 [rad],O-C DEC ECLIPJ2000 [rad]
235161118.46454582,-1.8263306431705206,0.007080686925285131,-5.6166432393922605e-08,2.609887398476521e-06
235161972.96054655,-1.8263564257076448,0.007074943550738795,-2.8186994300849477e-06,-2.08438190518051e-06
