Seconds since J2000,RA ECLIPJ2000 [rad],DEC ECLIPJ2000 [rad],O-C RA ECLIPJ2000 [rad],O-C DEC ECLIPJ2000 [rad]
-324348203.209618,1.735173312401328,-0.0040473129976694,-1.4897674351921353e-06,4.644839500872293e-06
-322790855.305637,1.768510165283459,-0.0047043144967318495,1.2367357848930283e-07,-3.423585535551263e-06
-321757086.217582,1.7811903906167403,-0.005167336355326886,1.982459597371644e-06,-3.510074928891188e-07
-320457704.521421,1.785196668216918,-0.005775035656295941,1.1540152680122873e-06,-1.5809621473576035e-06
-320383543.945397,1.7850172940231792,-0.005804719701738095,-3.246021582636871e-07,2.8818179187740933e-06
-315306434.431963,1.6900957003914168,-0.007463963129017248,-5.065889812305713e-06,2.1486376772907392e-06
-311591644.830863,1.6225604025851805,-0.0070107116677239414,3.481090068868653e-06,-1.4383787821994898e-06
-311493178.206834,1.6219493463024834,-0.006978889361112857,-5.423553111061352e-06,1.6744527247467e-06
-311406117.24683,1.6214802888048898,-0.006950853293798455,-8.37084925353615e-06,3.0940517648609875e-06
