Seconds since J2000,RA ECLIPJ2000 [rad],DEC ECLIPJ2000 [rad],O-C RA ECLIPJ2000 [rad],O-C DEC ECLIPJ2000 [rad]
406829338.3508965,1.2554069104920178,-0.007247785114117934,-2.492707071866107e-07,1.5163039484107285e-06
406830808.8788978,1.2553620341751892,-0.007247148283835437,-2.7787738265949713e-07,2.014415855232897e-06
406832205.9668981,1.255317028877986,-0.007247471648251939,-2.595816957828845e-06,1.5707026540150507e-06
