Seconds since J2000,RA ECLIPJ2000 [rad],DEC ECLIPJ2000 [rad],O-C RA ECLIPJ2000 [rad],O-C DEC ECLIPJ2000 [rad]
-211598825.03840438,-2.9752027808821113,0.03566156120497098,-1.6660028346215938e-05,-1.3731289002644198e-06
