Seconds since J2000,RA ECLIPJ2000 [rad],DEC ECLIPJ2000 [rad],O-C RA ECLIPJ2000 [rad],O-C DEC ECLIPJ2000 [rad]
-281950434.711421,2.231970890644184,0.022339553874746964,1.522925220154292e-06,1.9840777844108703e-06
-274785812.34241,2.163265770952505,0.021026799027204626,4.293189281412424e-06,-1.3722129064003274e-06
-274695793.04641,2.1646227727326606,0.020960907110391707,2.8546314072563916e-06,-1.9309582672405456e-08
-252470317.528059,2.9090069114002777,0.014583675591620212,-1.2393901109852834e-06,1.2254262635701119e-06
-252386210.584058,2.908858492235258,0.014600443882618675,3.8184823258902156e-07,1.7493427054270788e-06
-248586343.766892,2.8494478721039256,0.01508148942360012,2.2055009112342816e-06,-4.3502064915254546e-07
-245301789.014353,2.7594592726363394,0.014737628166357146,-8.976268355276318e-07,2.011529439009674e-06
-245218806.134342,2.757479424401537,0.014721581181942518,-6.220858645988869e-07,1.7784574268438214e-06
-245134821.87835,2.755508546984151,0.014705509400920806,7.168977131932763e-07,2.118878040194977e-06
