Seconds since J2000,RA ECLIPJ2000 [rad],DEC ECLIPJ2000 [rad],O-C RA ECLIPJ2000 [rad],O-C DEC ECLIPJ2000 [rad]
372216831.2063864,0.5990367275497679,-0.03884978471260375,1.526843883548068e-07,1.3486961091824234e-06
372218211.8783865,0.5990010131344451,-0.0388499782066022,2.2974849023249533e-08,1.1589084253221804e-06
372219811.1423866,0.5989612573387046,-0.03884873790238738,1.5656967899957408e-06,2.3942562366319198e-06
