Seconds since J2000,RA ECLIPJ2000 [rad],DEC ECLIPJ2000 [rad],O-C RA ECLIPJ2000 [rad],O-C DEC ECLIPJ2000 [rad]
615417015.7504514,-1.778646529964937,-0.0011450886277206724,-1.9324039994828013e-06,1.8109810302451967e-06
615417294.8224503,-1.7786508956106415,-0.0011488866657944784,3.5650159713185303e-07,-1.7919246588658701e-06
615417732.5248512,-1.7786630292458518,-0.0011485125478472304,-1.341249240116582e-06,-1.1147456804585457e-06
615418608.2752498,-1.778683381683373,-0.0011464405095173895,-8.193312390769592e-07,1.5526632031288498e-06
617834683.6184771,-1.819585176595416,-0.0024638901936892095,5.992470213378454e-07,1.937140714382453e-06
617835031.7240779,-1.8195901481405186,-0.0024678345005047634,-8.586582984637658e-07,-1.8833884017480963e-06
617835567.9224768,-1.819594301814295,-0.002466815670987636,3.931503902432354e-07,-6.780252425325067e-07
617836522.4696774,-1.819606350694915,-0.0024676157730912462,-2.054134459639201e-06,-1.1582676347587743e-06
