Seconds since J2000,RA ECLIPJ2000 [rad],DEC ECLIPJ2000 [rad],O-C RA ECLIPJ2000 [rad],O-C DEC ECLIPJ2000 [rad]
577211364.641619,-2.2718795863181094,0.020284651089078717,2.2534178656385961e-07,1.3001603987733423e-06
577212121.505618,-2.271897394657095,0.020286245324002222,6.545655479861523e-07,2.1908184421881582e-06
577212871.4576188,-2.271915507858162,0.020283729321799622,6.015166715833686e-07,-1.0313259102764927e-06
577213632.6416188,-2.2719338581286017,0.020284669626364528,5.697996567910479e-07,-8.169161847190742e-07
