Seconds since J2000,RA ECLIPJ2000 [rad],DEC ECLIPJ2000 [rad],O-C RA ECLIPJ2000 [rad],O-C DEC ECLIPJ2000 [rad]
165839801.14564875,-2.868135700121995,0.029695247031400546,1.1139028961437702e-06,1.0504219750302746e-06
165841147.25764975,-2.8681699290772857,0.029692560563897533,-1.3651424213279029e-07,-3.2670181120131314e-07
165842495.09764874,-2.8682018526535087,0.029691883267744877,9.745903852831361e-07,3.074717554105155e-07
