Seconds since J2000,RA ECLIPJ2000 [rad],DEC ECLIPJ2000 [rad],O-C RA ECLIPJ2000 [rad],O-C DEC ECLIPJ2000 [rad]
546468411.2335263,-2.83515441958279,0.020284068251541897,3.3867954574162695e-07,3.7908877077372227e-07
546469407.4255272,-2.8351766228010824,0.020282675994173188,3.0256746352819164e-07,2.173370942937236e-07
546471252.065526,-2.8352178084639568,0.02028043251016083,1.637337945226136e-07,2.42174740663903e-07
