Seconds since J2000,RA ECLIPJ2000 [rad],DEC ECLIPJ2000 [rad],O-C RA ECLIPJ2000 [rad],O-C DEC ECLIPJ2000 [rad]
300663687.11179453,-0.6253033079997433,-0.024215587914780227,-6.362647422264445e-07,4.4172766117817064e-07
300665212.935795,-0.6253337143992083,-0.024217175780668503,-5.879398131680702e-07,8.320376437900845e-07
300667295.1757933,-0.625375846537026,-0.024220273583647603,-1.1625301148399103e-06,3.972201574747869e-07
302208001.57531404,-0.6611446619667557,-0.026310428536735132,2.9460149542082092e-08,1.8503080542395245e-06
302209530.85531354,-0.6611868219147911,-0.026312309875082325,-1.0989336743927325e-06,1.5996173801588465e-06
302211060.1353121,-0.6612301487073979,-0.026313276727824266,-3.357223092970152e-06,2.224444131535691e-06
