Seconds since J2000,RA ECLIPJ2000 [rad],DEC ECLIPJ2000 [rad],O-C RA ECLIPJ2000 [rad],O-C DEC ECLIPJ2000 [rad]
335603504.1028339,0.0567108121345253,-0.023826293362474712,-1.2613524717555724e-06,-5.233817768589277e-07
335604619.5268327,0.05669200355531101,-0.023823967554724882,-2.3755344815620805e-06,1.2231666813265762e-06
335605761.73483235,0.05667414499678911,-0.02382310923674313,-2.1216318992003935e-06,1.494946914485512e-06
335606875.43083215,0.056659149440347244,-0.023822961199226396,5.322523546069657e-07,1.07938111720135e-06
