Seconds since J2000,RA ECLIPJ2000 [rad],DEC ECLIPJ2000 [rad],O-C RA ECLIPJ2000 [rad],O-C DEC ECLIPJ2000 [rad]
509927682.4573673,2.987889887661751,0.019452966537837978,-9.475713560469501e-07,9.778576357186153e-07
509929297.2733686,2.9878457814775423,0.019454619985530455,-1.1173895320126803e-06,1.4619420957290297e-06
509930911.2253689,2.9878014898625627,0.019453028642451284,-1.5554509005255568e-06,-1.3187127365227314e-06
