Seconds since J2000,RA ECLIPJ2000 [rad],DEC ECLIPJ2000 [rad],O-C RA ECLIPJ2000 [rad],O-C DEC ECLIPJ2000 [rad]
98042940.24898309,2.2857403932216647,0.020763728437734736,5.377312706222881e-07,3.055532314572701e-06
98044140.3449834,2.285710292385879,0.02076368736409977,6.640204874841515e-07,3.4285625636794326e-06
98045506.32898377,2.285676082142248,0.02076297493125896,8.610612876047696e-07,3.21560976397281e-06
