Seconds since J2000,RA ECLIPJ2000 [rad],DEC ECLIPJ2000 [rad],O-C RA ECLIPJ2000 [rad],O-C DEC ECLIPJ2000 [rad]
375616024.93496764,0.5197375165134255,-0.03696459617751606,5.312085525899235e-07,4.1228576659613214e-07
375617243.1749679,0.5197171511736803,-0.03696372118611974,7.080084021282573e-07,-5.48762651937651e-07
375618464.0069693,0.5196939391744665,-0.036958160547694525,-1.9246941884709656e-06,3.182877057021638e-06
375789460.8390149,0.5170226298553503,-0.03673903054972121,1.802665539063497e-08,7.223390484159542e-07
375790992.7110152,0.5169989006022457,-0.03673688654762033,2.8377762417708396e-07,4.906364818660358e-07
375792326.7270146,0.516978038870846,-0.03673322651306088,3.000448075551887e-07,2.098975642628176e-06
