Seconds since J2000,RA ECLIPJ2000 [rad],DEC ECLIPJ2000 [rad],O-C RA ECLIPJ2000 [rad],O-C DEC ECLIPJ2000 [rad]
197842899.55365056,-2.359702118986989,0.004000670928938429,2.8318048470588053e-06,-1.738976168822251e-06
197844397.7296515,-2.359733505783195,0.003998127260880097,4.242070659188357e-06,-3.147609383929821e-06
