Seconds since J2000,RA ECLIPJ2000 [rad],DEC ECLIPJ2000 [rad],O-C RA ECLIPJ2000 [rad],O-C DEC ECLIPJ2000 [rad]
97801726.13691878,2.29345320277659,-0.004735049668884901,-2.2374516861489724e-07,-8.243465847339662e-07
