Seconds since J2000,RA ECLIPJ2000 [rad],DEC ECLIPJ2000 [rad],O-C RA ECLIPJ2000 [rad],O-C DEC ECLIPJ2000 [rad]
99071616.92123052,2.2593180079050468,-0.0035805788111206997,8.494342345066741e-07,1.1062458858119954e-06
99072912.05723079,2.2592811885011765,-0.003585178238230515,-3.2424624545335234e-06,-4.727247830684303e-06
99074204.60123107,2.259252563819169,-0.0035829971955820368,8.152849297893283e-07,-3.7515801886807074e-06
99075499.73723136,2.2592192881501862,-0.0035795813355857906,3.0220909064127e-07,-1.5179306739440852e-06
