Seconds since J2000,RA ECLIPJ2000 [rad],DEC ECLIPJ2000 [rad],O-C RA ECLIPJ2000 [rad],O-C DEC ECLIPJ2000 [rad]
415494783.1533887,1.2124394558087046,-0.02553437998124746,3.4191327036303676e-07,-1.294294625635295e-06
415496967.34538907,1.2124785788091503,-0.025530952511688337,6.8860897894929e-07,-9.740678060636554e-07
415499466.89739054,1.2125238164931669,-0.025523541782289168,1.4228100773117092e-06,2.962662971443819e-06
439449994.44718736,1.877285894622438,0.010622450163483368,-5.913738232443677e-07,-2.4483899591400127e-06
439451369.0711888,1.8772618868472566,0.0106251637658247,4.7016748805361885e-07,-2.5071745589373e-06
439452742.8311892,1.8772356968561141,0.010629057866338783,-6.451093628179194e-07,-1.3503776397569278e-06
441693510.4158918,1.8267731051506424,0.014574860349336912,-4.2929672505742644e-07,1.4185836543986752e-07
441694884.1758923,1.8267383272706794,0.014579799212634543,7.246635702617965e-07,3.2970579421261192e-06
441696258.7998928,1.8267007661295704,0.014579553636949032,-8.939218680836802e-07,1.300027721655786e-06
