Seconds since J2000,RA ECLIPJ2000 [rad],DEC ECLIPJ2000 [rad],O-C RA ECLIPJ2000 [rad],O-C DEC ECLIPJ2000 [rad]
407786217.48714787,1.274395217220241,-0.03174337190608465,1.0275255200031808e-06,-2.185751488484322e-07
407786463.72714794,1.2743883368759337,-0.03174348912506513,7.851678349712898e-07,-2.2530258341618703e-07
407786709.967148,1.2743807805320195,-0.03174352183025214,-1.3229567308314927e-07,-1.4667227382636483e-07
