Seconds since J2000,RA ECLIPJ2000 [rad],DEC ECLIPJ2000 [rad],O-C RA ECLIPJ2000 [rad],O-C DEC ECLIPJ2000 [rad]
-7873040.777649727,0.6059524786152771,-0.04792394106440708,-9.95469076947586e-07,5.114776496707718e-06
-7871974.601649752,0.6059246826712061,-0.047929573519008846,-3.1616680786772378e-06,-5.673179894818969e-07
-7870907.561649776,0.6058987645291517,-0.047925585790825044,-3.42573801770385e-06,3.3810742515946735e-06
-7869843.977649801,0.6058769855010676,-0.04792922459650453,3.658982925536236e-07,-2.8540204213833853e-07
-5120297.0334682595,0.5305309912794496,-0.04613054493594271,3.17002054384119e-07,3.852388736347301e-06
-5118884.39346804,0.5304902125909993,-0.046126822999787084,-9.1754744135919e-08,5.159289549819257e-06
-5117474.345467822,0.5304499378207091,-0.04612794063282887,-5.926608115380816e-08,1.6398090906324936e-06
-5116062.569466603,0.5304123602109706,-0.0461259202077256,2.7222360836631765e-06,1.2676277964529525e-06
