Seconds since J2000,RA ECLIPJ2000 [rad],DEC ECLIPJ2000 [rad],O-C RA ECLIPJ2000 [rad],O-C DEC ECLIPJ2000 [rad]
107805919.92886564,2.2931903563789833,0.0067676176064805586,-1.1651081281982556e-06,-1.1399627300231335e-06
107808848.88886485,2.293280130663589,0.006771215408016223,-7.668823767126298e-07,-5.783647418272295e-07
