Seconds since J2000,RA ECLIPJ2000 [rad],DEC ECLIPJ2000 [rad],O-C RA ECLIPJ2000 [rad],O-C DEC ECLIPJ2000 [rad]
100278061.59345599,2.2330672989187814,-0.00230581033082909,3.1531336031065393e-07,6.991434471515651e-07
100280169.75345732,2.2330274535214345,-0.0023038813197739615,8.154248343217319e-08,3.8410071393282785e-07
100282286.55345665,2.232987233941208,-0.002300546330487386,-3.3398685639340897e-07,1.5358713957185945e-06
