Seconds since J2000,RA ECLIPJ2000 [rad],DEC ECLIPJ2000 [rad],O-C RA ECLIPJ2000 [rad],O-C DEC ECLIPJ2000 [rad]
542300253.1855072,-2.7915155154331437,0.03193446471819226,2.0977827617230105e-06,-2.250564445270553e-06
542301001.4095073,-2.791527452848959,0.03193695039203171,2.90544078751509e-06,-1.3533887481750884e-06
547295006.945403,-2.8950517109513543,0.03886321233608235,-1.3360846486953903e-06,3.119994881103927e-06
547295978.9454019,-2.8950654577748165,0.03886218716709368,6.910673766569175e-07,2.179451795605858e-06
547296951.8094016,-2.895082929406008,0.03886065362897926,-9.977118109461003e-07,7.282785083675969e-07
