Seconds since J2000,RA ECLIPJ2000 [rad],DEC ECLIPJ2000 [rad],O-C RA ECLIPJ2000 [rad],O-C DEC ECLIPJ2000 [rad]
132745885.59357378,2.8469533508197737,0.018956160986758657,6.807096624150688e-07,6.039857297062551e-06
132746745.27357286,2.8469285643695224,0.018950053900712468,-5.738752606454511e-07,1.8351990876928903e-06
132747604.95357394,2.846905802479117,0.018948464362397045,1.9531847339493424e-07,2.1523807477337453e-06
132748465.49757403,2.846881229964322,0.01894559685032764,-8.248233922536485e-07,1.1971636242787131e-06
