Seconds since J2000,RA ECLIPJ2000 [rad],DEC ECLIPJ2000 [rad],O-C RA ECLIPJ2000 [rad],O-C DEC ECLIPJ2000 [rad]
201058010.30522496,-2.4395908933454664,0.002525466974380103,6.142815767162801e-07,1.2074190863277379e-07
201058919.23322475,-2.4396138755317884,0.0025255240499620422,2.4183151792200874e-07,6.214092869781355e-07
