Seconds since J2000,RA ECLIPJ2000 [rad],DEC ECLIPJ2000 [rad],O-C RA ECLIPJ2000 [rad],O-C DEC ECLIPJ2000 [rad]
56167967.19038154,1.8067693227471824,-0.00906188972040097,8.305815799580785e-07,-2.677598750135818e-07
56171374.80638168,1.8068066831550844,-0.009056655144733701,8.858716149529045e-07,-5.444405503721161e-07
56172640.56638173,1.8068200296121144,-0.009054819965637501,4.222370255657637e-07,-7.084011945882734e-07
56254266.96638545,1.8077383561053035,-0.008922909939871493,1.5117035665479506e-06,-2.42204290124004e-07
56256518.55038555,1.8077616985005474,-0.008919568605676245,1.491493410110678e-06,-5.973485923925492e-07
125628891.2237434,2.9619068024067086,0.028305193969257934,-8.876336936580742e-07,-6.991054698167465e-07
125631586.9037443,2.96192906347876,0.028308383330211663,1.4429718020458893e-06,3.328145316762454e-06
125634280.8557462,2.9619544661252597,0.028309752037862283,7.11004252007541e-06,5.617888302715535e-06
