Seconds since J2000,RA ECLIPJ2000 [rad],DEC ECLIPJ2000 [rad],O-C RA ECLIPJ2000 [rad],O-C DEC ECLIPJ2000 [rad]
-1522906883.1376495,0.19904589969798564,-0.030828685637190968,-4.529001787517695e-06,-2.0269233887773574e-06
-1522895187.1696486,0.19870491353988795,-0.030852357894575688,2.1345049036336494e-06,-4.864533283133188e-06
-1520739019.0095673,0.13765621291319954,-0.03429976562424856,-2.1956867523598156e-06,-1.9045097714789905e-06
