Seconds since J2000,RA ECLIPJ2000 [rad],DEC ECLIPJ2000 [rad],O-C RA ECLIPJ2000 [rad],O-C DEC ECLIPJ2000 [rad]
122600296.470858,2.9041662575133667,0.027070918773020335,1.6199449439646685e-06,2.536519307781704e-06
122601409.30285926,2.9041972154868336,0.027071894298526616,6.667068181975822e-07,2.604351606576988e-06
122602529.04685952,2.904229881905919,0.027072539131418834,1.2557744359931178e-06,2.3509281548220184e-06
