Seconds since J2000,RA ECLIPJ2000 [rad],DEC ECLIPJ2000 [rad],O-C RA ECLIPJ2000 [rad],O-C DEC ECLIPJ2000 [rad]
406888516.3029119,1.2975284853749824,-0.031020123490696324,8.379911289324582e-07,-2.7940788521405024e-07
406894139.21491325,1.2973861882958506,-0.03102466829707214,6.301193211655232e-08,-2.7545988652913356e-07
406899948.7509137,1.2972388243862027,-0.031031547332400117,2.6940095487759663e-08,-2.1932518297247683e-06
406907082.79891646,1.2970581185695467,-0.031036512265553626,9.957396054360856e-07,-4.5973760668185926e-07
406921423.47091895,1.2966938911236041,-0.031052909124163912,1.816344343819054e-07,-1.0448767430101813e-06
413535605.2649494,1.1896175844630352,-0.028273958505134374,4.918794249686442e-07,3.420422105479548e-07
413541754.3529501,1.1896431128242446,-0.028265755862682443,7.236998262882821e-07,-1.1887122532139305e-07
413549485.42495316,1.1896730718084627,-0.028255804752835418,-2.1495719626507537e-06,-3.128437324924349e-07
