Seconds since J2000,RA ECLIPJ2000 [rad],DEC ECLIPJ2000 [rad],O-C RA ECLIPJ2000 [rad],O-C DEC ECLIPJ2000 [rad]
479768655.5375614,2.3071479566913693,0.006393210966378131,5.931260980140962e-07,5.163739447578558e-08
479769719.1215615,2.3071305848127786,0.00639455630468544,7.229615670567568e-07,1.2824985962979485e-08
479770773.2015607,2.3071132795552542,0.006395921165591186,7.330326394772158e-07,1.3868130318596406e-08
479771828.14556175,2.307095718955576,0.006397666138492109,4.6882441351314696e-07,4.003906106447505e-07
479853010.4495701,2.3058300463512005,0.006521735137507694,5.875165487445599e-07,-4.145088819467943e-07
479854091.31356925,2.30581288947691,0.006523351549403238,6.279810156328836e-07,-2.1868231932578586e-07
479856259.9535704,2.305778498153194,0.006526107546286801,6.607252571733113e-07,-2.8189645173270356e-07
