Seconds since J2000,RA ECLIPJ2000 [rad],DEC ECLIPJ2000 [rad],O-C RA ECLIPJ2000 [rad],O-C DEC ECLIPJ2000 [rad]
412932737.16877955,1.188223483525799,-0.02906708948252311,2.464545680869179e-07,-3.8287678159887317e-07
412937530.64078087,1.1882203532456743,-0.029060696899459327,-4.934295803060706e-07,-4.369517323417338e-07
