Seconds since J2000,RA ECLIPJ2000 [rad],DEC ECLIPJ2000 [rad],O-C RA ECLIPJ2000 [rad],O-C DEC ECLIPJ2000 [rad]
405977483.5987037,1.3185965270478783,-0.02989957559676081,-1.3969545333836209e-06,1.645070622051381e-07
405978753.6787039,1.3185686732111048,-0.029898062120871226,-1.6874092665375429e-06,3.326090195578113e-06
405980054.86270523,1.3185433154806232,-0.029898765382862718,1.220496314457975e-06,4.335990775223425e-06
406668487.47085875,1.302907833073411,-0.030776711157478168,2.753657721843439e-07,3.5690094433021846e-06
406671066.51085836,1.302845863655114,-0.03077993545438335,2.1472975857417254e-06,3.0243182210162867e-06
