Seconds since J2000,RA ECLIPJ2000 [rad],DEC ECLIPJ2000 [rad],O-C RA ECLIPJ2000 [rad],O-C DEC ECLIPJ2000 [rad]
100710814.13751742,2.2257676393740633,-0.0018162940456346397,2.122841279650345e-06,2.250511245046813e-06
100712599.16151664,2.2257383361758234,-0.0018134981369598768,1.2302924692342287e-06,3.105595601218293e-06
100714445.52951786,2.225708612888379,-0.0018118156564185456,9.096335618075102e-07,2.8313985545940727e-06
