Seconds since J2000,RA ECLIPJ2000 [rad],DEC ECLIPJ2000 [rad],O-C RA ECLIPJ2000 [rad],O-C DEC ECLIPJ2000 [rad]
96830455.35263331,2.321178739162792,-0.005440103083547629,-3.9071841451132627e-07,1.1064127396070988e-06
96832660.280634,2.3211167134090345,-0.005439200155201807,9.90854315041645e-07,6.759101573100904e-07
96834850.52063467,2.321052271230725,-0.005437492749366261,-3.6620388987884667e-07,1.1371265716446713e-06
