Seconds since J2000,RA ECLIPJ2000 [rad],DEC ECLIPJ2000 [rad],O-C RA ECLIPJ2000 [rad],O-C DEC ECLIPJ2000 [rad]
-1316498386.4623723,-2.6884054051766495,0.03715675042112873,1.2351736798699164e-05,3.1146356766764693e-06
-1316494377.5023725,-2.6885149130103128,0.03714581804008055,6.884419905262007e-06,-7.30250876435079e-07
-1206172427.9645712,-1.0533413357232673,-0.008080449107280086,3.4994695312651203e-06,1.1034484906946238e-05
