Seconds since J2000,RA ECLIPJ2000 [rad],DEC ECLIPJ2000 [rad],O-C RA ECLIPJ2000 [rad],O-C DEC ECLIPJ2000 [rad]
405457022.9586059,1.3288218498899567,-0.029109893708521236,1.1870937917102253e-06,-1.9546510654153137e-07
405458420.9106061,1.3287958878458648,-0.02911015325669678,1.2578584396294445e-06,1.546477673551594e-06
405459817.9986053,1.3287683767958127,-0.029112202973288776,-1.74801229491095e-07,1.5199665389480088e-06
406834402.25489867,1.2988639079645432,-0.03096074611941126,-8.431144644660549e-07,7.349512627201349e-07
406835399.3108989,1.298838569274059,-0.03096076104819209,-1.094198504469901e-06,1.566009981499722e-06
406836399.8228991,1.2988144159391741,-0.03096237604475478,-4.056293811949274e-08,8.100721083266482e-07
441323611.2797699,1.8361372434958552,0.014036519077789368,-1.0186153809321752e-07,2.068804911615693e-06
441324966.89576936,1.8361043013716174,0.014036655644673275,1.6363588788426142e-06,3.734563499627197e-07
441326323.3757698,1.8360663306652991,0.014039633518800256,-1.6749961377904299e-06,1.5423527952931892e-06
