Seconds since J2000,RA ECLIPJ2000 [rad],DEC ECLIPJ2000 [rad],O-C RA ECLIPJ2000 [rad],O-C DEC ECLIPJ2000 [rad]
511382547.0015797,2.9388610791534124,0.016216890169986852,-3.5309303836328354e-07,-6.489815635897511e-07
511385290.20157903,2.938784963462857,0.01621086245302328,-1.896245582777567e-07,-8.544376235396223e-07
511388009.2095792,2.938709800882561,0.016206294186330607,2.371905698517196e-07,3.761905041158031e-07
