Seconds since J2000,RA ECLIPJ2000 [rad],DEC ECLIPJ2000 [rad],O-C RA ECLIPJ2000 [rad],O-C DEC ECLIPJ2000 [rad]
339190855.43034357,-0.07101608853699837,-0.015522236406385653,9.858067811369109e-07,7.541637307723753e-06
339191991.5903445,-0.07105054169067415,-0.015523177388541276,2.1226740745672323e-07,7.728310232968036e-06
339193124.2943435,-0.07108413537569169,-0.015523962003388132,1.66735049031419e-07,8.076763228552497e-06
340046982.66234714,-0.09455574213272652,-0.016681306930200805,3.764469452785524e-06,3.986338738388995e-06
340048182.7583472,-0.09459104012805195,-0.0166824328513829,-1.708558870355814e-07,4.296814524774872e-06
340049371.62234724,-0.09462032484277245,-0.016682459211832347,1.5998145204976222e-06,5.692686341728093e-06
340050558.7583482,-0.09465153234753476,-0.01668693625555403,1.383722860209824e-06,2.637361750247591e-06
340051745.0303473,-0.09468330421909811,-0.016689057124223045,5.568499551467099e-07,1.940976625463414e-06
