Seconds since J2000,RA ECLIPJ2000 [rad],DEC ECLIPJ2000 [rad],O-C RA ECLIPJ2000 [rad],O-C DEC ECLIPJ2000 [rad]
130199986.90513907,2.9162928949288944,0.023811412392707024,-2.2214418438082362e-07,6.280993781887512e-07
130201549.01713945,2.916252786442563,0.023806007348345145,-8.662320678531898e-07,-1.7722021919998332e-06
130286086.23315969,2.9141414371349406,0.023663781396443793,-8.6848285807406e-07,-5.702948304570077e-09
130287640.56916007,2.914100672565477,0.023661791478895806,-1.8308200320227286e-06,1.0254235166609615e-06
130720673.04925866,2.9028772942314127,0.02289645590435673,-1.3960701337190073e-06,2.9570829555847222e-08
130721509.40125985,2.9028562033142653,0.022894391962424387,6.5018331607547e-08,-3.503665412137036e-07
130722452.88925906,2.902829698173728,0.022892147058003628,-1.0216580501598571e-06,-7.027539282201956e-07
