Seconds since J2000,RA ECLIPJ2000 [rad],DEC ECLIPJ2000 [rad],O-C RA ECLIPJ2000 [rad],O-C DEC ECLIPJ2000 [rad]
365735534.3432151,0.7171266223940116,-0.03953427762915461,-2.1816580775269045e-07,5.235096568606545e-07
365736829.4792147,0.7171488050935648,-0.03953482144133418,-2.8539715934972065e-07,5.263723666451559e-07
365738563.5272142,0.717177657492668,-0.0395354820616789,-1.130025461759665e-06,5.947903143274647e-07
365820653.8951911,0.7185986737973968,-0.03958877400268646,-2.0640923203973927e-07,1.0763764203211568e-06
365824252.45519006,0.718657723889335,-0.03959050703042817,-8.051894223592981e-07,8.375480528427515e-07
365827775.84718806,0.7187154242932855,-0.03959180363854546,-1.093349712877334e-06,1.0064425450401204e-06
