Seconds since J2000,RA ECLIPJ2000 [rad],DEC ECLIPJ2000 [rad],O-C RA ECLIPJ2000 [rad],O-C DEC ECLIPJ2000 [rad]
61639584.15144888,1.7659924637269273,0.0026593367857830883,2.1018903446634596e-06,6.994385949019889e-07
61640163.89544807,1.7659793536832769,0.0026635849442582646,2.899368732212082e-06,3.442726746612744e-06
61640915.575448304,1.765958530884656,0.0026637782596587167,1.2076352851053684e-07,1.69144950415423e-06
