Seconds since J2000,RA ECLIPJ2000 [rad],DEC ECLIPJ2000 [rad],O-C RA ECLIPJ2000 [rad],O-C DEC ECLIPJ2000 [rad]
205284070.17600185,-2.496394065595185,0.0019906000803553525,1.275602566241929e-06,5.796781508238084e-07
205284958.36800253,-2.4963939069795646,0.0019901419477433074,1.279222411554315e-06,1.4115482164286236e-07
206056367.80774868,-2.4937411970882977,0.002071970591751517,2.49915822037039e-06,-1.0513384792170538e-06
206057578.27174827,-2.4937356981707586,0.0020733576370220845,1.0516225796841638e-06,3.21314540403881e-07
206832817.82350287,-2.486792950271176,0.00220801128559027,1.4898143825270438e-06,1.0067084377650588e-06
206833550.49550164,-2.486784308760943,0.0022089306095461254,1.9220265810027115e-06,1.863855369202503e-06
207184667.99939463,-2.482268805582346,0.002281948518821796,1.7746324596501495e-06,-4.417331725967491e-07
207268794.81536937,-2.4810598435466362,0.002301732905494548,3.4949318439281285e-06,-2.6115200143367323e-07
207269400.4793702,-2.48105238260396,0.002301723644431997,2.331110636522027e-06,-3.8165831321972793e-07
