Seconds since J2000,RA ECLIPJ2000 [rad],DEC ECLIPJ2000 [rad],O-C RA ECLIPJ2000 [rad],O-C DEC ECLIPJ2000 [rad]
365494526.727283,0.7126920287048046,-0.039371558135429904,3.5654160062126294e-06,-2.6746760635049105e-06
365495637.8312827,0.7127091185987373,-0.039369456296551496,-2.110094271534635e-07,-5.888103123824484e-08
365496741.1592834,0.712729132315277,-0.0393698320309104,-8.887764614273763e-07,7.964638613217057e-08
365497848.80728203,0.7127516194441901,-0.03936948084428932,8.513029882140088e-07,9.524430246155013e-07
