Seconds since J2000,RA ECLIPJ2000 [rad],DEC ECLIPJ2000 [rad],O-C RA ECLIPJ2000 [rad],O-C DEC ECLIPJ2000 [rad]
95969108.69636297,2.3447440320654787,-0.005919910889471591,1.6210856776943672e-06,2.813551103254125e-06
95975259.51236494,2.3445798451742625,-0.005917400442200928,1.2114537004670467e-06,2.6915453701127634e-06
95981135.57636683,2.3444231869076972,-0.005915644848092963,1.5529635404298858e-06,2.445192786545633e-06
