Seconds since J2000,RA ECLIPJ2000 [rad],DEC ECLIPJ2000 [rad],O-C RA ECLIPJ2000 [rad],O-C DEC ECLIPJ2000 [rad]
310953034.5986031,-0.7204528434095322,-0.03623652675183993,-5.800594308214002e-07,2.2138338204302777e-08
310954246.79060334,-0.7204285261764143,-0.036233813468454494,-1.1176094039111462e-07,6.362645781979315e-07
335247983.6549186,0.03800487119199187,-0.013204908348454187,5.329714223220594e-07,-2.660050830900068e-06
335248954.79091936,0.037979957520848096,-0.013202042287465635,-4.787171572262494e-06,-5.730905611525672e-08
341797719.686496,-0.12936396554148122,-0.019458133587869905,1.0196104575088683e-06,4.877920786773571e-07
341798326.2144961,-0.1293732141978547,-0.01945943124690725,2.0166217673533993e-07,6.154571268596198e-08
