Seconds since J2000,RA ECLIPJ2000 [rad],DEC ECLIPJ2000 [rad],O-C RA ECLIPJ2000 [rad],O-C DEC ECLIPJ2000 [rad]
577403120.8016027,-2.2942095549672046,0.0032192338449119288,-1.969048151195807e-07,-1.8725258080741491e-07
577403563.1696036,-2.294219974443601,0.003217759708316867,1.6871241825811012e-07,-1.6833961072573907e-06
577404450.4976026,-2.2942420159253283,0.003219005674003908,-2.4312897117795274e-07,-4.906189982030809e-07
579901559.1051984,-2.358817030718968,0.003918003723184211,-3.1851469151078504e-07,3.9248415242918583e-07
579902031.7131974,-2.358828572623692,0.003917503179994113,4.2976045611098357e-07,-2.426003435432311e-07
579902504.3211972,-2.3588410671273308,0.003917724436088723,2.2239505792498448e-07,-1.593036512790441e-07
