Seconds since J2000,RA ECLIPJ2000 [rad],DEC ECLIPJ2000 [rad],O-C RA ECLIPJ2000 [rad],O-C DEC ECLIPJ2000 [rad]
374754286.8867588,0.6038081211966475,-0.03430803224905117,-8.041479911957694e-07,1.3210632546084566e-06
374755404.03876007,0.6037802859677399,-0.034305381592908295,6.043804123834207e-07,1.1193758519059682e-06
374756518.5987593,0.6037489496733717,-0.03430406324381427,-1.5710585179462555e-06,-3.9541108518004187e-07
374757634.0227596,0.6037216002076493,-0.03430004117769465,2.4436329348898056e-07,8.048885759490143e-07
