Seconds since J2000,RA ECLIPJ2000 [rad],DEC ECLIPJ2000 [rad],O-C RA ECLIPJ2000 [rad],O-C DEC ECLIPJ2000 [rad]
234929362.56061697,-1.8548506136138412,0.017215853496512775,7.541382074371938e-08,-1.3511770622399999e-06
234930234.3366157,-1.8548757677711039,0.01721526045161959,7.363463163656547e-07,3.4479352931798823e-08
237775232.54370254,-1.922958239298721,0.010188556698958946,-7.85893802035531e-07,-3.4174847336927716e-07
237776444.73570314,-1.9229798214404636,0.010186322761895818,-1.931868807814041e-06,4.726816319709781e-07
240885500.35081312,-1.9387557619482267,0.002955735365927297,-9.196671140188073e-07,-1.1165134894473676e-06
240887318.20681268,-1.9387455890191372,0.002951922703602662,-2.10708945402871e-06,-1.427538102293218e-06
242862950.97444916,-1.9123380154327254,-0.0007185855276644418,-4.7364263267013484e-07,1.7088035685539332e-06
242864011.96645004,-1.9123159043524225,-0.0007207627527937155,9.229585347103608e-07,1.2330952225281114e-06
