Seconds since J2000,RA ECLIPJ2000 [rad],DEC ECLIPJ2000 [rad],O-C RA ECLIPJ2000 [rad],O-C DEC ECLIPJ2000 [rad]
579570098.4652702,-2.350263777941888,0.0037915741088197542,3.215791783972577e-06,-9.425845425813095e-07
579571005.66527,-2.3502918440647242,0.003792659732445241,-6.500797233854883e-07,-1.2058149623846853e-07
579571956.9292697,-2.350314914013218,0.00379171855146054,1.6353652005918207e-06,-1.35459609274316e-06
579572868.4492686,-2.3503423122706124,0.003793007082126283,-1.4886654176038405e-06,-3.626687517899012e-07
