Seconds since J2000,RA ECLIPJ2000 [rad],DEC ECLIPJ2000 [rad],O-C RA ECLIPJ2000 [rad],O-C DEC ECLIPJ2000 [rad]
-281943480.375414,2.2309228505478726,-0.007574673313348149,7.13822192910385e-07,-5.628308410365532e-07
-280997469.495119,2.204303277987878,-0.007547454232552086,3.3620654074084655e-06,9.005542390807045e-07
-280893274.551085,2.2014267376709458,-0.007537765696015644,1.360347813061935e-06,2.727782932509734e-07
-277119444.374388,2.132375683920173,-0.005839317789130827,1.2291227711180852e-06,-7.177818942549763e-07
-274955573.654406,2.1374526788582373,-0.004163477049374738,1.1670830319943093e-06,-6.600079526649857e-07
-252551095.480098,2.8915270274606235,0.02960205208532637,4.190097442791085e-06,-2.317925559078976e-06
-248840131.670921,2.8391428145751867,0.03016844235392689,5.15885595886445e-06,5.353823150089365e-08
