Seconds since J2000,RA ECLIPJ2000 [rad],DEC ECLIPJ2000 [rad],O-C RA ECLIPJ2000 [rad],O-C DEC ECLIPJ2000 [rad]
28497080.694977604,1.196358020204995,-0.026355381111196216,-1.678049131426107e-06,2.1531807517655155e-06
28498360.278978944,1.1963253525768496,-0.026352218246458836,4.557992447917769e-07,6.854957052215838e-06
28499645.04697928,1.1962848136805446,-0.026355180977073102,-5.154301977228215e-06,5.46522472068961e-06
28501062.00697965,1.1962458488863712,-0.026356917875330073,-5.620616976953485e-06,5.495925158686965e-06
