Seconds since J2000,RA ECLIPJ2000 [rad],DEC ECLIPJ2000 [rad],O-C RA ECLIPJ2000 [rad],O-C DEC ECLIPJ2000 [rad]
-351804063.4333785,1.1385336717762398,-0.014739366881464636,2.0723451503723567e-06,-5.259865280306253e-08
-351722475.04936326,1.1366360363305221,-0.014879078692674462,1.2035515063679725e-05,1.6940813778471703e-06
-351717428.4253633,1.1364711954989635,-0.0147820269827635,-3.065676712199483e-05,0.00010693447403713197
-351637626.793348,1.1346099586862546,-0.01502586072760516,5.863298051522747e-07,1.1817308301752955e-06
-351551501.54533106,1.1325383853992317,-0.015173700825227013,3.0264291164261437e-06,9.973785042825811e-07
-351548740.2013305,1.1324618044839425,-0.01517674639473855,-4.944114990745874e-06,2.2874399005935048e-06
-349315662.216775,1.0745013229218618,-0.018623757268916213,4.692769432379507e-06,-1.8134597231933558e-06
-349230757.80074966,1.0723561680097078,-0.018735262529025,2.427555188644348e-06,-2.397400949850914e-06
-316389171.7203399,1.6560025871989317,-0.005941984182975194,5.162570274164224e-06,1.609034759771956e-06
