Seconds since J2000,RA ECLIPJ2000 [rad],DEC ECLIPJ2000 [rad],O-C RA ECLIPJ2000 [rad],O-C DEC ECLIPJ2000 [rad]
-38728299.63366375,-0.18956576796787414,-0.016360835141585643,1.763647922925493e-06,9.121689670661681e-06
-38726583.72966471,-0.18961059235485309,-0.016368076552590875,-2.1997931206052534e-06,8.898739194372618e-07
-38724930.03366468,-0.18964409586418526,-0.016361698017089435,3.6240134235476784e-06,6.318319579409759e-06
97177192.3767374,2.3113070807870577,-0.005204504623229282,8.462265372877198e-07,4.602024265794487e-06
97178732.02473786,2.3112634591980847,-0.005206636258605216,2.039959023036886e-06,1.4824713818386431e-06
97180273.40073833,2.311216598609726,-0.005202642248036993,8.080204016991388e-08,4.523712111703139e-06
97181835.51273978,2.311170304005286,-0.00520555315948383,-6.821587832384068e-07,6.825257038026514e-07
