Seconds since J2000,RA ECLIPJ2000 [rad],DEC ECLIPJ2000 [rad],O-C RA ECLIPJ2000 [rad],O-C DEC ECLIPJ2000 [rad]
441477195.05582064,1.8322798261732747,0.014265960712262899,-1.5525819643258387e-06,6.54642903070296e-07
441478291.47182006,1.8322514274489219,0.014267637693711024,-1.7629526087858949e-06,5.557845850680948e-07
