Seconds since J2000,RA ECLIPJ2000 [rad],DEC ECLIPJ2000 [rad],O-C RA ECLIPJ2000 [rad],O-C DEC ECLIPJ2000 [rad]
163545063.8014916,-2.8686270148413247,0.02084187123089326,2.48022706372808e-07,4.5679333528503285e-06
163545682.42549166,-2.8686400956938516,0.020837473619571382,-1.1437757962973194e-06,-9.330827194856117e-07
163546295.86549276,-2.8686515106243484,0.02083849661292664,-9.65354170379129e-07,-1.0056133792867017e-06
163546909.30549183,-2.8686631120353665,0.020839967125392163,-9.718420046489484e-07,-6.322614377538005e-07
