Seconds since J2000,RA ECLIPJ2000 [rad],DEC ECLIPJ2000 [rad],O-C RA ECLIPJ2000 [rad],O-C DEC ECLIPJ2000 [rad]
410809744.0161067,1.2053103933598972,-0.03132010657738315,7.17643102721155e-08,3.2727082200506574e-07
410811123.82410717,1.2052879008786546,-0.03131887193281127,1.1210740091804894e-07,2.13681636801466e-07
410812738.6401087,1.205261535019838,-0.03131719147874957,1.5530616126469e-07,3.4541646631164324e-07
410814122.7681081,1.2052387575754047,-0.03131601087819846,3.72260622327758e-08,2.2644423248313617e-07
