Seconds since J2000,RA ECLIPJ2000 [rad],DEC ECLIPJ2000 [rad],O-C RA ECLIPJ2000 [rad],O-C DEC ECLIPJ2000 [rad]
99068211.03322978,2.259404214607372,-0.0035804910881974796,5.960729225762407e-07,4.333641213982546e-06
99068312.12122881,2.2594007210551585,-0.003583463769206174,-3.5358085392900307e-07,1.2559926226623705e-06
99070037.52923018,2.259358013849613,-0.0035771134501283424,3.993076767017101e-07,5.840239598821698e-06
99070147.25723019,2.2593543916525856,-0.0035796186358950815,-4.566146554196848e-07,3.2243834372342427e-06
99071883.03323059,2.2593092699240915,-0.0035749377482899927,-1.78476447221243e-06,6.180900045886506e-06
99071987.5772306,2.259307755426604,-0.003579879930012882,-6.59714519457566e-07,1.1364419260900122e-06
100193814.68144277,2.234629741960342,-0.0023984668578379627,-2.6751705073380094e-07,1.7544134670514737e-06
100206384.15344577,2.2343900059468487,-0.0023846693274796518,2.705393471913453e-06,3.268941281395557e-06
100207286.16944492,2.2343711016264454,-0.00238620108474467,1.1346184525251601e-06,9.207673656486288e-07
