Seconds since J2000,RA ECLIPJ2000 [rad],DEC ECLIPJ2000 [rad],O-C RA ECLIPJ2000 [rad],O-C DEC ECLIPJ2000 [rad]
28322706.48693343,1.2009793640635846,-0.02613511707445619,2.3887574234215947e-06,-2.09473126981663e-06
28324634.934932917,1.2009265588425249,-0.026137231045272286,1.6462070606682033e-06,-1.8607203268912464e-06
28326565.110933416,1.2008751019088368,-0.026139553069721932,2.3025605873083776e-06,-1.771563686636668e-06
