Seconds since J2000,RA ECLIPJ2000 [rad],DEC ECLIPJ2000 [rad],O-C RA ECLIPJ2000 [rad],O-C DEC ECLIPJ2000 [rad]
99692801.81735635,2.2448054885264677,-0.0029391211227181987,-6.41875434537198e-06,2.854063400407371e-06
99693695.19335651,2.2447876883051414,-0.0029369018470209104,-4.2213253701461895e-06,4.270625345782764e-06
99694651.64135669,2.2447651776778663,-0.0029384668100567394,-5.3310666232597725e-06,1.8582709057964747e-06
