Seconds since J2000,RA ECLIPJ2000 [rad],DEC ECLIPJ2000 [rad],O-C RA ECLIPJ2000 [rad],O-C DEC ECLIPJ2000 [rad]
337464705.25448817,-0.018820395734699534,-0.013877170941153209,1.5632145400831798e-06,1.3823284822876702e-06
337465282.40648806,-0.018840352957059242,-0.013877502125391588,-7.702977753432094e-07,1.2855978741965063e-06
337465863.01448804,-0.01885915294737268,-0.01387516447898168,-1.8417790485815433e-06,3.859493882877457e-06
337466440.166488,-0.018871964539935226,-0.01387912189676213,2.968273875400551e-06,1.3757404490784275e-07
339015926.53435034,-0.06588040719988746,-0.015319339511214246,-1.810837256671638e-07,-4.545792645846425e-07
339016518.37434936,-0.0658975833430324,-0.015318773322952475,5.006486728659221e-07,6.581466643097722e-07
339017117.1263503,-0.06591753067288088,-0.015319120899006023,-1.3837349234768759e-06,8.640145960688711e-07
339017711.55834925,-0.06593261695126722,-0.015321044066224114,1.4584763849689875e-06,-5.088899965571131e-07
