Seconds since J2000,RA ECLIPJ2000 [rad],DEC ECLIPJ2000 [rad],O-C RA ECLIPJ2000 [rad],O-C DEC ECLIPJ2000 [rad]
-277952152.8864778,2.139922998194484,-0.006465859599516172,9.153203315914737e-05,-8.421574609939787e-05
-277949185.0464765,2.1399148482682095,-0.006464473706531336,0.00012066170252911235,-8.432266108446707e-05
