Seconds since J2000,RA ECLIPJ2000 [rad],DEC ECLIPJ2000 [rad],O-C RA ECLIPJ2000 [rad],O-C DEC ECLIPJ2000 [rad]
102016801.11362384,2.211715230672298,-0.00028282770589331795,-7.271204971459611e-07,3.70306678760835e-06
102018426.29762492,2.211704126688423,-0.00028119842398916493,-1.2271828278009878e-06,3.595170790454921e-06
102019796.60162397,2.211695267845023,-0.0002799888288238809,-1.161427475970811e-06,3.3693377707574097e-06
