Seconds since J2000,RA ECLIPJ2000 [rad],DEC ECLIPJ2000 [rad],O-C RA ECLIPJ2000 [rad],O-C DEC ECLIPJ2000 [rad]
-214209840.81439826,-2.959713535689387,0.013346796653681107,-4.743509065541218e-07,-7.817836347144558e-07
-214122150.86239195,-2.961719481459654,0.013478237224588938,2.4766220945160455e-06,8.095860861458137e-07
-213779491.05436796,-2.969697819898907,0.013987638348437446,1.0210137082466986e-06,-1.2720084745197757e-06
