Seconds since J2000,RA ECLIPJ2000 [rad],DEC ECLIPJ2000 [rad],O-C RA ECLIPJ2000 [rad],O-C DEC ECLIPJ2000 [rad]
373229859.9744918,0.6460231244598323,-0.03754505994864781,-3.152316142562839e-07,1.7035292389569467e-06
373230555.4944909,0.6460018538428702,-0.037543405861893454,-1.2207171794509364e-06,1.9539773895224655e-06
373231247.55849093,0.6459791662699716,-0.03754587884765108,-3.6423924474338065e-06,-1.91162944367107e-06
373231954.3104921,0.6459589976918384,-0.0375410144910173,-3.1140680450958413e-06,1.5350942777145327e-06
