Seconds since J2000,RA ECLIPJ2000 [rad],DEC ECLIPJ2000 [rad],O-C RA ECLIPJ2000 [rad],O-C DEC ECLIPJ2000 [rad]
407794523.9831492,1.2741694561387282,-0.03174788007381657,-1.402500866554135e-06,-5.497307012936048e-07
407795132.23914933,1.2741543432645395,-0.031747944107449286,-1.0316230847351449e-07,-2.719663170086539e-07
407795749.9991505,1.2741370819119404,-0.03174871648416561,-6.998316610662414e-07,-6.907430655789248e-07
407796358.25515074,1.274121969009482,-0.0317487803176311,5.908976721258341e-07,-4.000428739728279e-07
408230497.51927584,1.2626772151484207,-0.031953500851699436,-9.56105047356104e-07,-4.242316359107101e-07
408230950.25527596,1.262664859375445,-0.0319533640781924,-1.175656300533845e-06,-9.372022782144773e-08
408231403.8552771,1.2626523786796737,-0.03195418879791329,-1.5026774773385654e-06,-7.209900083141041e-07
408231858.3192772,1.2626427894417944,-0.031953922067439945,1.0789176942971324e-06,-2.5311583282811023e-07
