Seconds since J2000,RA ECLIPJ2000 [rad],DEC ECLIPJ2000 [rad],O-C RA ECLIPJ2000 [rad],O-C DEC ECLIPJ2000 [rad]
311956483.3348189,-0.6971324593584071,-0.03471185605408747,1.8436158155665794e-07,1.0999796003774431e-06
311956816.838818,-0.6971232946547443,-0.03471084073732999,6.818604103564496e-07,1.5316836978820914e-06
311957155.52681905,-0.6971142843854069,-0.034710285030074804,8.874118377910634e-07,1.4941880504895644e-06
