Seconds since J2000,RA ECLIPJ2000 [rad],DEC ECLIPJ2000 [rad],O-C RA ECLIPJ2000 [rad],O-C DEC ECLIPJ2000 [rad]
59180651.38278469,1.8092733950988822,-0.0032764388902589655,2.434041812549026e-08,1.1676472644805633e-07
59182465.78278509,1.8092539968483852,-0.003271599956217242,-3.5887369076448294e-08,1.0259239797021959e-06
59184617.142785564,1.8092293029665432,-0.00326778973071889,-1.8007661926056073e-06,2.409013820144773e-07
