Seconds since J2000,RA ECLIPJ2000 [rad],DEC ECLIPJ2000 [rad],O-C RA ECLIPJ2000 [rad],O-C DEC ECLIPJ2000 [rad]
261127031.42565936,-1.201660516863674,-0.015594250692162036,1.004576801966195e-06,7.541542237261833e-07
261127939.48965934,-1.2016450415312079,-0.01559521455396559,-1.7616791920804786e-06,3.135430507068826e-08
262934486.59347656,-1.1754773480420406,-0.015934477605550265,-4.526224479661778e-07,4.392562267946376e-07
262935697.9214764,-1.175469814429933,-0.015934268681539975,-2.0761364074584066e-06,7.189580706785936e-07
265176553.632999,-1.1761689700714648,-0.015607960720240462,1.6941404501480406e-07,-1.6713906495005593e-06
266045776.5127582,-1.1862030525382128,-0.015175376150517549,2.4051929470303435e-07,1.6348543492427509e-06
266046686.30475894,-1.186216200473911,-0.015176663252974081,6.961871905630801e-07,-3.4305928710461064e-07
