Seconds since J2000,RA ECLIPJ2000 [rad],DEC ECLIPJ2000 [rad],O-C RA ECLIPJ2000 [rad],O-C DEC ECLIPJ2000 [rad]
300663899.65579545,-0.6152770519984896,-0.03417061479604691,-4.7280287673867605e-07,1.4148957559745323e-06
300665427.20779395,-0.6153003161554897,-0.034175178023822576,-3.3647713504336707e-07,6.342188446153973e-07
300667508.58379424,-0.6153319992850912,-0.0341803388508891,-1.398280699005383e-07,5.871422236319868e-07
