Seconds since J2000,RA ECLIPJ2000 [rad],DEC ECLIPJ2000 [rad],O-C RA ECLIPJ2000 [rad],O-C DEC ECLIPJ2000 [rad]
545946319.3615843,-2.8696857073536117,0.038176055206049365,3.0690075503159164e-07,-1.391537834426193e-06
545947459.8415842,-2.8697093539209964,0.03817620051434871,1.6197796459671565e-06,-2.0087328289203343e-06
546977867.105456,-2.8898153579909907,0.038786792943299994,1.3891360914897177e-06,-2.414917438381403e-07
546978328.4814559,-2.889822029056846,0.03878768239163124,2.953256183602093e-06,6.045421535802453e-07
546978790.7214547,-2.889832345601823,0.038785996446765815,8.848290025120775e-07,-1.1260233230489525e-06
546979253.8254558,-2.8898403566871,0.03878632557697376,1.134496223631487e-06,-8.428396734427857e-07
