Seconds since J2000,RA ECLIPJ2000 [rad],DEC ECLIPJ2000 [rad],O-C RA ECLIPJ2000 [rad],O-C DEC ECLIPJ2000 [rad]
204051409.15239662,-2.49161213633939,0.001960232584333529,-1.8088289550632908e-06,4.972304237208132e-07
204053257.248396,-2.4916267522794993,0.001959293271664822,-9.83919017372159e-08,-1.0396566380846059e-07
204055131.26439542,-2.4916418425523874,0.0019597288277417935,1.3112471481946386e-06,6.29430178902303e-07
