Seconds since J2000,RA ECLIPJ2000 [rad],DEC ECLIPJ2000 [rad],O-C RA ECLIPJ2000 [rad],O-C DEC ECLIPJ2000 [rad]
-324437265.19361,1.6974182669838727,-0.018884674058420287,3.1704400427212676e-06,-1.0651593000676751e-06
-320475275.689401,1.730337446578488,-0.014770911765068282,-3.3670749610692496e-06,1.1187689971771733e-05
-315366096.223985,1.629874918176024,-0.003142255618808085,3.41928971137051e-07,1.6826308804197658e-06
-315284697.055963,1.6278644714153103,-0.002903823271334885,-4.700956530934164e-06,1.3320272397407407e-05
-311503672.350839,1.5732605368746362,0.006615228156298312,-1.918725447858094e-06,-2.762594258267498e-06
-311330060.19081,1.5732367310803215,0.006962458936926727,-4.3507039348966714e-07,-1.973726304929993e-06
-306662060.862404,1.6554781587928526,0.0117066484817208,-2.444437346760253e-06,1.986213525912925e-06
-306574129.854374,1.6582756422139169,0.011711239608248502,-6.495473916512395e-07,6.911698159466073e-07
