Seconds since J2000,RA ECLIPJ2000 [rad],DEC ECLIPJ2000 [rad],O-C RA ECLIPJ2000 [rad],O-C DEC ECLIPJ2000 [rad]
365549126.34326833,0.7137322755229518,-0.039415275743824175,3.971928557722215e-06,-3.5851130195801995e-07
365551269.9272677,0.7137677278603599,-0.03941402390079075,-3.4553427430417116e-07,1.8907845833401882e-06
