Seconds since J2000,RA ECLIPJ2000 [rad],DEC ECLIPJ2000 [rad],O-C RA ECLIPJ2000 [rad],O-C DEC ECLIPJ2000 [rad]
132254405.24151844,2.860419033568718,0.019946844108603704,4.255485563930961e-08,8.572837484378815e-07
132256147.06551865,2.8603694155331545,0.019943990542074436,-3.702150110918012e-07,1.7796365543720771e-06
132258018.48951988,2.860316843245842,0.01993885300285868,-2.899315632021171e-08,7.380705603250715e-07
