Seconds since J2000,RA ECLIPJ2000 [rad],DEC ECLIPJ2000 [rad],O-C RA ECLIPJ2000 [rad],O-C DEC ECLIPJ2000 [rad]
655828323.0383233,-1.2244238147477133,0.003908342282439747,-5.217334586582467e-07,-6.957250389127978e-07
655833794.7503235,-1.2243271204751454,0.003911281753031592,1.842894956860519e-06,5.337234860952958e-07
656174043.9983447,-1.217949741617561,0.003955631214005598,3.840532825094556e-08,1.0537650834471085e-07
656175930.9743438,-1.2179133900365506,0.0039565660958904795,-2.5795413138851586e-08,6.063365656453629e-07
