Seconds since J2000,RA ECLIPJ2000 [rad],DEC ECLIPJ2000 [rad],O-C RA ECLIPJ2000 [rad],O-C DEC ECLIPJ2000 [rad]
372139324.35838133,0.6765774167574673,-0.0392210129827632,2.1593140053788318e-07,2.420764724959945e-06
372140705.0303804,0.6765382312620053,-0.03921710833639794,-1.150109554481915e-06,4.270963262803518e-06
372142085.7023815,0.6765000487631366,-0.03921916264301435,-1.4906392752367381e-06,1.7571968140284167e-07
