Seconds since J2000,RA ECLIPJ2000 [rad],DEC ECLIPJ2000 [rad],O-C RA ECLIPJ2000 [rad],O-C DEC ECLIPJ2000 [rad]
197243024.3536603,-2.3477446955124415,0.004356141873638758,2.8535265705897928e-08,1.3405900259940567e-06
197244517.34566027,-2.3477727234040873,0.004354726891785899,3.26410815265632e-07,1.0530531189831618e-06
197245844.4496603,-2.3477979380631315,0.004353659047097713,2.969783712281071e-07,9.635929586358435e-07
