Seconds since J2000,RA ECLIPJ2000 [rad],DEC ECLIPJ2000 [rad],O-C RA ECLIPJ2000 [rad],O-C DEC ECLIPJ2000 [rad]
439403312.52717483,1.8780973368619154,0.010526265271933925,3.474316168095015e-09,1.0348414155852276e-06
439403651.21517396,1.878091104807705,0.010527400417304385,-2.487088939240323e-07,1.537492919874428e-06
439403989.90317506,1.878084936077166,0.010528054916902053,-4.4011996314097246e-07,1.5600498655572725e-06
