Seconds since J2000,RA ECLIPJ2000 [rad],DEC ECLIPJ2000 [rad],O-C RA ECLIPJ2000 [rad],O-C DEC ECLIPJ2000 [rad]
574264980.353561,-2.2450693298688846,0.0032946775530837843,6.951518116693478e-08,-5.466379875266637e-07
574270073.6335626,-2.2451003649949186,0.003292815061752994,3.6795735791628204e-08,-5.07514387240119e-07
574273958.1775621,-2.2451251354637405,0.0032916417611651566,-8.055415530172638e-07,-3.8965755676245717e-07
574957840.0976275,-2.250661502382309,0.0031814094909234213,-4.3228965163066846e-07,-5.766851308309368e-07
574961047.2656277,-2.2506971914290954,0.003180736301989691,-9.343228759561839e-07,-3.6231392273444046e-07
574965608.321628,-2.250746590216995,0.003180349225046128,-1.2541619254236025e-07,3.122603499743602e-07
