Seconds since J2000,RA ECLIPJ2000 [rad],DEC ECLIPJ2000 [rad],O-C RA ECLIPJ2000 [rad],O-C DEC ECLIPJ2000 [rad]
168449094.9694193,-2.972368094391696,0.028885115658144524,9.260841102864958e-07,1.110796744221293e-06
168450437.62541905,-2.9723886164488458,0.028886905663835054,1.0992967807155196e-06,1.7937435930412415e-06
168451575.51341888,-2.9724058003519067,0.02888642958837781,1.4689775746923317e-06,3.8699503476791186e-07
684781727.6784457,-0.6403903193255511,-0.042058280986418256,-9.059216520279634e-07,1.2278812231703018e-06
684783448.7664465,-0.6404229150662704,-0.04205607520246782,-1.081093578103598e-06,1.8177040686795376e-06
684784984.0944452,-0.6404513900935322,-0.042054804024184586,-6.547676117962808e-07,1.6131980795780487e-06
