Seconds since J2000,RA ECLIPJ2000 [rad],DEC ECLIPJ2000 [rad],O-C RA ECLIPJ2000 [rad],O-C DEC ECLIPJ2000 [rad]
369869966.1504027,0.7249360824043234,-0.04086474948700313,-1.3111333624360455e-06,9.573182198144292e-07
369871504.0704026,0.7249124042402931,-0.040864282925058504,-2.201809395030452e-06,7.740118721510925e-07
369873041.1264035,0.7248903727938274,-0.04086332607025464,-1.4323748386280144e-06,1.1031726714627599e-06
372614672.96641934,0.6635279489174936,-0.03856631173520212,-3.377782331615009e-08,1.5476869064875998e-06
372616207.4304195,0.6634836164130312,-0.038564118794191624,-8.391134475038697e-07,1.0826472050112779e-06
372617743.62241864,0.6634402689187802,-0.038561234772180646,-5.202349629973568e-07,1.291673989330111e-06
