Seconds since J2000,RA ECLIPJ2000 [rad],DEC ECLIPJ2000 [rad],O-C RA ECLIPJ2000 [rad],O-C DEC ECLIPJ2000 [rad]
511032597.62554085,2.948469462182183,0.01688732518850593,-8.13625798734563e-07,2.7281372021528694e-07
511033848.69754106,2.948433204901451,0.016885578319641263,-1.966016359045142e-06,1.1493930404601893e-06
