Seconds since J2000,RA ECLIPJ2000 [rad],DEC ECLIPJ2000 [rad],O-C RA ECLIPJ2000 [rad],O-C DEC ECLIPJ2000 [rad]
-249090694.26300305,2.8454266192223487,0.030366309520779452,1.571763510455071e-07,1.2422248018770232e-07
-249089206.45500267,2.845391464790123,0.030362704339205262,2.0704228766987853e-06,-2.085285452455704e-06
-249087735.92700228,2.8453566260688534,0.030363957304901972,3.810019850725155e-06,5.289724778582972e-07
-246943037.36654273,2.7863302062640476,0.027705019578747967,-5.017856345546079e-06,-3.368557473262118e-06
-246941009.5585434,2.7862703829300846,0.02770154781468581,-6.098568025691975e-06,-2.957182419608545e-06
-246939057.78254312,2.7862141341472717,0.02769691717714221,-5.893800978817865e-06,-3.856974750884173e-06
