Seconds since J2000,RA ECLIPJ2000 [rad],DEC ECLIPJ2000 [rad],O-C RA ECLIPJ2000 [rad],O-C DEC ECLIPJ2000 [rad]
579052179.713371,-2.3366025854045662,0.003615000911998311,-2.451169539785525e-06,1.1143064151302243e-07
579053095.5533719,-2.3366244363563107,0.0036150223497875954,5.668932203661825e-07,-7.242193279972942e-08
579053972.5133706,-2.3366486804309323,0.0036133129155140045,1.222827479274713e-07,-1.9925570429466313e-06
579054933.2813705,-2.3366759041658334,0.0036142521567319313,-1.0455387715602171e-06,-1.300354739455778e-06
