Seconds since J2000,RA ECLIPJ2000 [rad],DEC ECLIPJ2000 [rad],O-C RA ECLIPJ2000 [rad],O-C DEC ECLIPJ2000 [rad]
335602817.2228341,0.03062619641790615,-0.013216576478043448,5.457457771113061e-08,3.657517790561088e-07
335603964.6148328,0.0306002153128185,-0.013218000448979203,-1.5494135800417363e-07,-1.2635806138725642e-06
335605100.77483356,0.030574056196507236,-0.013216177056404398,-8.006750711123112e-07,3.6291095720925037e-07
335606218.7908323,0.0305504626256167,-0.013217578725886223,7.017846585348486e-07,-1.224452059165465e-06
676102689.5688275,-0.523330660576275,-0.028209431694895346,-8.448826650520047e-07,-3.193764464316795e-07
676103911.2648271,-0.5233184040359871,-0.028215099260972407,-6.790564223146944e-07,-2.5903502442782556e-06
684727198.9104525,-0.6393887462785095,-0.04209950057712571,7.875726837358599e-08,-7.620094911384157e-07
684728420.6064523,-0.6394116214875243,-0.04209916416676751,5.61827220968425e-07,-1.5376989507265293e-06
684729642.3024523,-0.6394364764765516,-0.042098131528216814,-9.470606023853634e-07,-1.637244105040514e-06
