Seconds since J2000,RA ECLIPJ2000 [rad],DEC ECLIPJ2000 [rad],O-C RA ECLIPJ2000 [rad],O-C DEC ECLIPJ2000 [rad]
-765004274.1056496,0.3826825048931827,-0.030432898966713744,-2.3931411486377563e-06,5.795588904414228e-07
-764998454.2016506,0.38254014253829327,-0.03044984536817788,-2.611419099296519e-07,-3.326021973670823e-07
-762676283.9934859,0.3200532727002738,-0.034968465171005915,6.432794260213814e-06,-4.063718868976829e-07
-762672473.7534853,0.31994244881192146,-0.03497111675149651,8.805670322353798e-07,-1.8123271265449437e-06
