Seconds since J2000,RA ECLIPJ2000 [rad],DEC ECLIPJ2000 [rad],O-C RA ECLIPJ2000 [rad],O-C DEC ECLIPJ2000 [rad]
370559064.9023627,0.6576799074236335,-0.01588123548845726,-3.921183379107518e-06,1.236333437133752e-06
370560601.0943626,0.657650127548272,-0.015880794609903628,-8.430181345220333e-07,1.5219211659013576e-06
370562137.28636354,0.6576196347713373,-0.01587806055379252,1.5369627455186219e-06,4.127490271971929e-06
374767217.5107627,0.5573649926348673,-0.01968312617845408,-1.3252908547256581e-06,2.2249286872333407e-06
374769530.43876314,0.5573187741146298,-0.01968478462389956,-1.4927343258142045e-06,3.3470672736665708e-06
374773154.05476296,0.5572445965320587,-0.01969220724547463,-3.222589505358364e-06,2.2455380618846554e-07
