Seconds since J2000,RA ECLIPJ2000 [rad],DEC ECLIPJ2000 [rad],O-C RA ECLIPJ2000 [rad],O-C DEC ECLIPJ2000 [rad]
476770608.36899334,2.388267797541299,0.024748786086326184,-1.501107429469073e-07,-1.0161171553682569e-06
476772208.4969938,2.388215031241874,0.024747241244886385,-1.6323878635482458e-06,-7.037089872832802e-07
476773808.6249952,2.388164767155359,0.02474700307636579,-6.410559807434879e-07,9.435935849309851e-07
477458109.5851667,2.3670210954058537,0.023933587714325806,1.1440275526908295e-07,1.039323514979984e-06
477460242.8011672,2.3669535454402335,0.023928756300039624,-2.016242487190567e-06,-3.9667012211377917e-07
477462376.01716673,2.366890343253685,0.02392629889707103,1.5398285801992984e-07,5.968815391284299e-07
