Seconds since J2000,RA ECLIPJ2000 [rad],DEC ECLIPJ2000 [rad],O-C RA ECLIPJ2000 [rad],O-C DEC ECLIPJ2000 [rad]
-797574798.4656234,-0.3522027379462039,-0.02427389967837928,-9.074082308213605e-06,-1.0398388995934427e-06
-797572375.8096235,-0.3522610931932073,-0.024264835019608393,-9.804824891268549e-06,1.3259479114853534e-06
-795168349.3776056,-0.3881444421788162,-0.018602107626875322,-3.447490045271895e-06,-5.994247761625937e-07
-793520519.9373817,-0.3859004276835234,-0.015846143416809767,-6.661782883166101e-06,-9.063707648651609e-07
