Seconds since J2000,RA ECLIPJ2000 [rad],DEC ECLIPJ2000 [rad],O-C RA ECLIPJ2000 [rad],O-C DEC ECLIPJ2000 [rad]
370384260.4223698,0.6612444357622442,-0.015870090907675813,2.7503054498279056e-06,9.771197980318336e-07
