Seconds since J2000,RA ECLIPJ2000 [rad],DEC ECLIPJ2000 [rad],O-C RA ECLIPJ2000 [rad],O-C DEC ECLIPJ2000 [rad]
-214209840.81439826,-2.927086946919592,0.033515192524142215,6.401967986846557e-07,-5.5086656295805225e-06
