Seconds since J2000,RA ECLIPJ2000 [rad],DEC ECLIPJ2000 [rad],O-C RA ECLIPJ2000 [rad],O-C DEC ECLIPJ2000 [rad]
-413286655.2170377,-0.27178464932178853,-0.020690409287146546,-3.200551622062342e-06,2.5760231038875203e-06
-413284420.0490371,-0.2717484760617097,-0.020695566756169948,1.8398966605825962e-06,4.077352375279897e-07
