Seconds since J2000,RA ECLIPJ2000 [rad],DEC ECLIPJ2000 [rad],O-C RA ECLIPJ2000 [rad],O-C DEC ECLIPJ2000 [rad]
545946455.8735843,-2.8650575320312224,0.02195615188304824,-7.18282334943865e-07,4.0767727084445315e-07
545947525.5055842,-2.8650878930115704,0.02195386632155687,-1.1942707907053318e-06,2.4346581955006497e-07
545948597.7295841,-2.8651172057030116,0.021951701687790558,-5.333739192536768e-07,2.0849234313308207e-07
