Seconds since J2000,RA ECLIPJ2000 [rad],DEC ECLIPJ2000 [rad],O-C RA ECLIPJ2000 [rad],O-C DEC ECLIPJ2000 [rad]
233463558.04903236,-1.8083823439366473,0.00890138800761294,-1.665445165999202e-06,-5.555483271555556e-07
