Seconds since J2000,RA ECLIPJ2000 [rad],DEC ECLIPJ2000 [rad],O-C RA ECLIPJ2000 [rad],O-C DEC ECLIPJ2000 [rad]
-2120238.4727737946,0.42517966187991274,-0.014934554104283607,-8.354060381243755e-07,1.4825777571916138e-06
-2119315.7207745193,0.42517359905818414,-0.014934250267095326,-7.129208368650275e-07,1.5091179467758425e-06
-2118214.1207731906,0.4251671807985389,-0.014934848570970495,2.1525350202278304e-07,5.958007575062457e-07
