Seconds since J2000,RA ECLIPJ2000 [rad],DEC ECLIPJ2000 [rad],O-C RA ECLIPJ2000 [rad],O-C DEC ECLIPJ2000 [rad]
104696002.04150845,2.2370836613578136,0.019473083284624198,4.01883879952436e-07,-2.859182590304876e-07
104697611.67350824,2.237102504634961,0.019469127746870096,6.850068334784964e-08,-7.779485736159053e-07
