Seconds since J2000,RA ECLIPJ2000 [rad],DEC ECLIPJ2000 [rad],O-C RA ECLIPJ2000 [rad],O-C DEC ECLIPJ2000 [rad]
412931792.81677824,1.139661618067876,-0.0018881475812265133,7.749015320523966e-07,3.0164968318124527e-07
412938733.32878023,1.1396515160789804,-0.0018868113110830206,3.034912372523735e-07,4.927099288723567e-07
412948853.36078316,1.1396393245969267,-0.0018855893797752716,6.49477018832556e-08,1.3991656831629541e-06
