Seconds since J2000,RA ECLIPJ2000 [rad],DEC ECLIPJ2000 [rad],O-C RA ECLIPJ2000 [rad],O-C DEC ECLIPJ2000 [rad]
407011204.30294126,1.2726307915150126,-0.012343672911146004,-1.9830837028056436e-06,7.533641394209117e-07
407012734.4469427,1.2725829943010756,-0.012339081865458913,-1.7114501817960814e-06,5.189399905781295e-07
407014262.86294204,1.2725333072343243,-0.012333272932831946,-3.34425694270557e-06,1.5442903774469385e-06
