Seconds since J2000,RA ECLIPJ2000 [rad],DEC ECLIPJ2000 [rad],O-C RA ECLIPJ2000 [rad],O-C DEC ECLIPJ2000 [rad]
-730945572.817444,1.0040157054101488,-0.011462724478879709,-3.1732345839863285e-06,-1.0172022409278558e-07
-727424952.5285931,0.9184179536459612,-0.010767413918167294,-6.331979793605669e-06,-6.574671754381797e-06
