Seconds since J2000,RA ECLIPJ2000 [rad],DEC ECLIPJ2000 [rad],O-C RA ECLIPJ2000 [rad],O-C DEC ECLIPJ2000 [rad]
-282013433.271423,2.268085744311995,0.007958784834695021,5.24243307697958e-06,6.412361696142566e-08
-281083046.967132,2.2466609453505675,0.00995561186202874,2.0677641661137613e-06,5.2444795128718524e-06
-280911479.031099,2.242587085276106,0.010358803005714581,5.489882070719432e-06,2.849963908771458e-06
-277191788.822383,2.172932261690266,0.018456315731213802,9.024601239637775e-07,-1.7611577608038498e-06
-252551095.480098,2.884472746655728,0.028790478384948033,5.007479739305154e-06,-1.695838100994329e-06
-252377180.056053,2.8837684989611736,0.02903708516498968,5.202069845555712e-06,6.751386491810063e-07
-245317362.614371,2.7222709271292187,0.022664899717452548,-1.1559886665679642e-06,5.792941324179318e-06
