Seconds since J2000,RA ECLIPJ2000 [rad],DEC ECLIPJ2000 [rad],O-C RA ECLIPJ2000 [rad],O-C DEC ECLIPJ2000 [rad]
163894292.6015386,-2.837012631912637,0.036280174197835885,-5.811723506887745e-07,1.0814890397392585e-06
163896630.5855399,-2.8370679881478083,0.036279408412764044,-2.468565809543577e-07,1.6093991321575185e-07
163899301.20953923,-2.837132080657545,0.036280813517843305,-7.875729308715052e-07,1.329164992860954e-06
