Seconds since J2000,RA ECLIPJ2000 [rad],DEC ECLIPJ2000 [rad],O-C RA ECLIPJ2000 [rad],O-C DEC ECLIPJ2000 [rad]
101854793.33761594,2.2333557469886838,0.023912798926205507,-2.1276108563839102e-06,1.4140558066075282e-06
101856165.36961602,2.2333413462493388,0.023910934884570387,-1.9691614379091504e-06,1.289358714549188e-06
101857726.6176161,2.233324834282038,0.023909005285402636,-2.000729451001604e-06,1.3509959130367233e-06
