Seconds since J2000,RA ECLIPJ2000 [rad],DEC ECLIPJ2000 [rad],O-C RA ECLIPJ2000 [rad],O-C DEC ECLIPJ2000 [rad]
-182484419.910349,-2.378353415615515,0.021164333772798898,-2.147288538978387e-06,2.893788739570524e-07
-182482901.862377,-2.3783801786034813,0.021158033146236273,-1.9155301451689866e-06,-3.065663765670912e-06
-179729474.694394,-2.4406119547806027,0.017905125981342748,-2.0440287427092585e-06,-4.901635608293292e-06
-179727833.094406,-2.440649582182877,0.01790650418640802,2.0501271507100682e-06,-2.8319804118680236e-06
-146723112.446621,-1.844581560384987,0.02291752166681609,-6.435079641597952e-06,-1.3616544349351334e-06
-146719681.502607,-1.8446457176317865,0.02291739248021372,-3.2326840893048825e-07,1.0159874643637934e-06
-144741227.775103,-1.8930170590502513,0.02023227477543791,-8.858943556511178e-07,2.9610571664964724e-06
-142667905.983733,-1.9503178434281985,0.01470342623354365,-2.657916620130152e-06,3.183562990951086e-06
