Seconds since J2000,RA ECLIPJ2000 [rad],DEC ECLIPJ2000 [rad],O-C RA ECLIPJ2000 [rad],O-C DEC ECLIPJ2000 [rad]
579903128.1291981,-2.3050502693374004,0.029917406443944937,-9.836519359041063e-07,-1.1257197998007507e-06
579903741.5691969,-2.305065217974521,0.02991865482855743,-6.34337483429448e-07,9.3474125123158e-07
579904220.2251978,-2.3050750514234895,0.029917338949747865,1.465140243794849e-06,2.487653608246321e-07
579904699.7451967,-2.3050890581075514,0.02991784925857725,-5.907481619438215e-07,1.3867687878414692e-06
