Seconds since J2000,RA ECLIPJ2000 [rad],DEC ECLIPJ2000 [rad],O-C RA ECLIPJ2000 [rad],O-C DEC ECLIPJ2000 [rad]
330432461.85798645,0.018429536935435045,-0.013841444880996905,-4.26233504790402e-06,5.0563921765341135e-06
330443892.9235838,0.018672355302377687,-0.013858393726135952,-4.653480149833383e-06,2.9608223527394922e-06
330455323.98917913,0.01891636761908742,-0.013875331096320574,1.458382416878734e-06,-1.0520358843177369e-06
330466754.96837646,0.019156431185912034,-0.01389113765232096,5.638298809174103e-06,-4.446835835768617e-06
330472464.97157365,0.019277264680608114,-0.0138980143591437,8.062382367255566e-06,-4.735854010144355e-06
330483896.12356997,0.01951962473203879,-0.01390815757491274,1.0312704658298893e-05,-8.219270822978908e-08
330495327.10276735,0.019758031891628083,-0.013927419162075306,4.350007755574148e-06,-2.3050150528402397e-06
330506758.1683627,0.019996810694013097,-0.013939972066306499,-2.8694768986307906e-06,3.2949655370661385e-06
330518189.14755905,0.020232759624226163,-0.013957955725724681,-1.0352040701041426e-05,2.7616729459823547e-06
