Seconds since J2000,RA ECLIPJ2000 [rad],DEC ECLIPJ2000 [rad],O-C RA ECLIPJ2000 [rad],O-C DEC ECLIPJ2000 [rad]
-321503845.225574,1.776251312472155,-0.00571512273231614,3.3855878611710466e-07,1.0146124068428214e-06
-320465696.521403,1.773793280642053,-0.0032610373630093813,-2.787643287316399e-07,3.6302216816354142e-06
-317698126.536749,1.7223789645923686,0.0034727953027531653,-8.714623327632509e-06,-3.2081500065030827e-06
-315377843.167993,1.6501776944728055,0.007320028482646445,-4.82786489452991e-07,1.2650302081296944e-06
-311503672.350839,1.5725247265300482,0.006766335084623145,2.7980646843950296e-07,-8.583543521043652e-07
-311417121.150854,1.5721536786463866,0.006661881534317618,5.314960449531725e-08,-1.7558515883007303e-06
-311330060.19081,1.5718491142086992,0.0065542551552573,6.118037525482123e-07,-2.1080100847271216e-06
