Seconds since J2000,RA ECLIPJ2000 [rad],DEC ECLIPJ2000 [rad],O-C RA ECLIPJ2000 [rad],O-C DEC ECLIPJ2000 [rad]
268372366.94402307,-1.2452515964342334,0.0056800607172640735,2.40737694756632e-06,-1.3292532585144207e-06
269062569.02379954,-1.2603886066058472,0.004730419450647854,-8.780931246565871e-07,2.803294600632958e-06
269063783.80779916,-1.2604142944927061,0.004726479023317232,1.1003504849504964e-06,5.524111390438347e-07
270091364.06346685,-1.2831636414131444,0.0028800507416235077,1.6464867369503366e-06,1.7244392739867997e-06
270180634.27143896,-1.2850991735443338,0.002693090101125752,-2.3577369610006116e-06,-3.8079899071547137e-06
270698542.65528244,-1.2959766796380092,0.0015857296875526187,1.0756972315117963e-06,1.1364997517097387e-06
270700167.839283,-1.296008580457146,0.001579229069798723,3.1592880780362265e-06,-1.9825609022952953e-06
