Seconds since J2000,RA ECLIPJ2000 [rad],DEC ECLIPJ2000 [rad],O-C RA ECLIPJ2000 [rad],O-C DEC ECLIPJ2000 [rad]
-111141021.815801,-1.3340501095515966,0.004023570515161373,-8.889507734366475e-07,-5.634899478855135e-07
-111140678.815569,-1.3340578003962926,0.004024302498622928,-1.1357396914046802e-06,-3.6291831020940357e-07
268856703.133911,-1.2558228597929955,0.005036723383139333,6.456393761844481e-07,-3.8002237255641e-07
268856983.223681,-1.2558295591960824,0.005036300610190412,2.5658604818623587e-07,-4.648837676280229e-07
268857610.053957,-1.2558432127328534,0.005035890252793099,7.144924361046634e-07,-1.207764797695257e-07
268857889.183845,-1.255849979744569,0.005034962880616149,2.2641336028250691e-07,-7.129024119549923e-07
