Seconds since J2000,RA ECLIPJ2000 [rad],DEC ECLIPJ2000 [rad],O-C RA ECLIPJ2000 [rad],O-C DEC ECLIPJ2000 [rad]
234934188.86461452,-1.8546538511218469,0.005983812690826553,1.0022822718447344e-06,-1.6749463697543834e-06
235788890.49635074,-1.880155769409862,0.005064828902104542,-1.0166208903594764e-06,-3.1733454931943614e-06
237769089.5037055,-1.922685180899921,0.005647165687424267,-1.6563895277599272e-07,5.003908603870913e-07
237769240.70370546,-1.9226861356188867,0.005648984037448823,1.0421813121386236e-06,2.1679136287030415e-06
237770603.231704,-1.9227024714954188,0.005648509141527725,4.187131701360869e-06,3.1784676803904566e-07
