Seconds since J2000,RA ECLIPJ2000 [rad],DEC ECLIPJ2000 [rad],O-C RA ECLIPJ2000 [rad],O-C DEC ECLIPJ2000 [rad]
196319613.12162364,-2.3102621031476365,0.018118222949544505,-2.836743368650474e-06,5.154776759226654e-07
196320098.68962365,-2.3102668060682983,0.01811938113200241,-2.5657951305824156e-06,8.304238907734518e-07
196320341.47362468,-2.310267883002071,0.018120582881360776,-1.1552855498919712e-06,1.6095206420048414e-06
196664629.9216431,-2.3139027361873703,0.018807775580122133,-4.970054847674987e-07,4.0963966789660244e-06
196667054.3056442,-2.313931093446784,0.018810112212865233,4.4932177978296295e-09,1.672352166543628e-06
197265492.67366043,-2.321554600690472,0.020148923944946343,-5.480169522620315e-07,5.303450547194943e-07
197266708.32166043,-2.321572493883706,0.020150234504305146,-7.354612550081185e-07,-8.325782619410249e-07
197789478.43365243,-2.3294574280034053,0.02142110019344053,3.1956138948352475e-06,-7.098153407651686e-07
197790296.64165238,-2.3294744100796474,0.02142415938765543,-2.237113982950234e-07,3.805390571785805e-07
