Seconds since J2000,RA ECLIPJ2000 [rad],DEC ECLIPJ2000 [rad],O-C RA ECLIPJ2000 [rad],O-C DEC ECLIPJ2000 [rad]
-75198402.81405108,-0.7628765391635163,-0.023721351027850703,-4.239752884216408e-06,8.545173777116388e-07
-75198062.82105117,-0.7628875333460952,-0.023721290625236112,-3.6687298674564772e-06,7.045052486734371e-07
-41933176.8154053,-0.09432250514022922,-0.018628993287076193,-6.543624497257206e-07,-8.934723867010108e-07
-41932890.81440535,-0.09432861766389164,-0.018629583174505672,-7.826657969223216e-07,-1.0532442825464394e-06
