Seconds since J2000,RA ECLIPJ2000 [rad],DEC ECLIPJ2000 [rad],O-C RA ECLIPJ2000 [rad],O-C DEC ECLIPJ2000 [rad]
509929927.99336874,2.9593795338195807,0.02486934223961766,-5.344720781508272e-07,-5.901123966284283e-07
509930194.1053688,2.9593735384506563,0.02487047154642394,-1.036276835897354e-06,-2.2612511699215965e-07
509930460.2173688,2.9593695408065406,0.02487245430266051,4.5782581858944127e-07,9.906731314318629e-07
509930727.19336885,2.959363070106258,0.024872853319468445,-5.051602149919177e-07,6.205836726932978e-07
