Seconds since J2000,RA ECLIPJ2000 [rad],DEC ECLIPJ2000 [rad],O-C RA ECLIPJ2000 [rad],O-C DEC ECLIPJ2000 [rad]
-798613995.2015195,-0.32536351656201956,-0.02679334233983591,-1.3202009407575765e-05,-5.724661525131902e-07
-798529454.5295305,-0.3277049417493929,-0.026595790628282608,-4.59778665595767e-06,1.95997379275753e-06
-798433515.1055424,-0.33036108855621127,-0.026367932199626517,-1.643840259335505e-05,2.957272710161357e-06
-795507675.0096312,-0.38579345453876007,-0.01930763751912773,-7.293517087225698e-06,6.581206553890606e-06
-795420614.9136249,-0.3864941240804298,-0.01913171048154888,-1.1114340467632822e-05,-4.7622319178652894e-06
-790675335.1046566,-0.3326605167469812,-0.014445302857906222,4.604819105635816e-06,-1.9538499084030547e-06
