Seconds since J2000,RA ECLIPJ2000 [rad],DEC ECLIPJ2000 [rad],O-C RA ECLIPJ2000 [rad],O-C DEC ECLIPJ2000 [rad]
100206880.95344485,2.2603156393943338,0.02480997132468721,-2.118297462327945e-06,6.927784800051656e-06
100207796.79344599,2.260297266050344,0.024809390408294295,2.091602202547449e-07,6.5620214769399055e-06
100208698.80944614,2.260273599340666,0.02480733747611598,-3.0922486442541697e-06,4.72732789315311e-06
