Seconds since J2000,RA ECLIPJ2000 [rad],DEC ECLIPJ2000 [rad],O-C RA ECLIPJ2000 [rad],O-C DEC ECLIPJ2000 [rad]
300663246.47179466,-0.6053021673476895,-0.020830400118157427,-1.0196924933314477e-06,3.2449298711934027e-07
300664772.2957941,-0.6053379744199467,-0.02082580853005996,-1.1531317507529337e-06,2.3477932350850217e-06
300666853.6717935,-0.6053866925963752,-0.02082380080918638,-1.2064818646351227e-06,8.09847723944046e-07
