Seconds since J2000,RA ECLIPJ2000 [rad],DEC ECLIPJ2000 [rad],O-C RA ECLIPJ2000 [rad],O-C DEC ECLIPJ2000 [rad]
375616835.36696887,0.5428095774631185,-0.02091479871762362,3.0792250398370413e-06,2.3200634307815604e-06
375618056.1989682,0.5427894589945922,-0.02091563467635567,1.3626152933765567e-06,3.001173729352824e-06
375619276.1669695,0.5427701768458154,-0.020918330187579513,4.604214719483579e-07,1.8349955419397213e-06
