Seconds since J2000,RA ECLIPJ2000 [rad],DEC ECLIPJ2000 [rad],O-C RA ECLIPJ2000 [rad],O-C DEC ECLIPJ2000 [rad]
-770090013.9768629,0.42654021938615616,-0.017069912522326917,2.579975584282579e-06,-2.422630332940545e-07
