Seconds since J2000,RA ECLIPJ2000 [rad],DEC ECLIPJ2000 [rad],O-C RA ECLIPJ2000 [rad],O-C DEC ECLIPJ2000 [rad]
444962615.9849214,1.7790332390846915,-0.0021599006399199,1.2789642309662952e-06,-6.557634891894183e-07
444963377.1689226,1.7790223809555787,-0.0021589259316287367,3.863476354393214e-07,-9.294265583114497e-07
