Seconds since J2000,RA ECLIPJ2000 [rad],DEC ECLIPJ2000 [rad],O-C RA ECLIPJ2000 [rad],O-C DEC ECLIPJ2000 [rad]
439424623.95118004,1.8862298268719766,0.0009196991929808537,9.075791029822255e-08,4.5958140349323766e-07
439425829.2311813,1.8862086539908967,0.000917584215701922,3.105418655557912e-08,3.515896618787838e-07
439427039.6951817,1.8861875134185337,0.0009152291807888128,1.35631862852037e-07,3.994053734447667e-08
439428248.4311821,1.8861658369151597,0.0009138295160150815,-2.904428000327641e-07,7.089358348547938e-07
