Seconds since J2000,RA ECLIPJ2000 [rad],DEC ECLIPJ2000 [rad],O-C RA ECLIPJ2000 [rad],O-C DEC ECLIPJ2000 [rad]
28322360.886932343,1.1756798521214729,-0.02297822899319243,7.779742110525234e-07,-2.0988348777527255e-06
28324289.334933832,1.1756302631340951,-0.02297690805751249,-6.954284397231447e-07,-1.813379427371281e-06
28326220.374933325,1.175582773246912,-0.022975441949734006,5.663496116525835e-09,-1.3274617484196338e-06
