Seconds since J2000,RA ECLIPJ2000 [rad],DEC ECLIPJ2000 [rad],O-C RA ECLIPJ2000 [rad],O-C DEC ECLIPJ2000 [rad]
681105495.8072523,-0.5509050313226926,-0.010297420030869954,-1.0032655520797462e-06,6.00676648997156e-07
681106717.503252,-0.5509285286721379,-0.0102975083494297,1.4794782010607577e-06,3.280697262360299e-07
681107939.1992506,-0.550954688592865,-0.010296610923768717,1.3184258494947088e-06,1.0213362711623125e-06
686453292.0623211,-0.6471718779082093,-0.016471954530951727,-1.9663760286725562e-06,8.074572606202313e-07
