Seconds since J2000,RA ECLIPJ2000 [rad],DEC ECLIPJ2000 [rad],O-C RA ECLIPJ2000 [rad],O-C DEC ECLIPJ2000 [rad]
104699221.30550705,2.2371232100178053,0.019466176801635822,1.5211498363143505e-06,-2.48094772219154e-07
