Seconds since J2000,RA ECLIPJ2000 [rad],DEC ECLIPJ2000 [rad],O-C RA ECLIPJ2000 [rad],O-C DEC ECLIPJ2000 [rad]
579996892.0011758,-2.3073328751089655,0.029801179364632974,1.6454187301562229e-07,-2.2022022752588022e-07
579997919.2971755,-2.307358859849248,0.02979968825076751,-1.6396119439932022e-07,-2.1927241811159348e-07
579998949.1851753,-2.3073839959483333,0.029798290369243387,4.134177089554214e-07,-1.363536627253803e-07
579999977.345175,-2.3074103310998293,0.029796495917202143,-2.6250494267188174e-07,-4.682689349437552e-07
