Seconds since J2000,RA ECLIPJ2000 [rad],DEC ECLIPJ2000 [rad],O-C RA ECLIPJ2000 [rad],O-C DEC ECLIPJ2000 [rad]
479768655.5375614,2.311088290433929,0.01945165588521738,-2.4346898008786866e-07,5.278885233626907e-07
479769719.1215615,2.311070391625776,0.019449067429833596,-1.062971355381137e-08,6.306553746414367e-07
479770773.2015607,2.31105258865285,0.019446153514869877,1.2393003023802862e-07,3.9293046781574414e-07
479771828.14556175,2.3110343835505884,0.019443626750706225,-1.6430191074334743e-07,5.52001104062172e-07
