Seconds since J2000,RA ECLIPJ2000 [rad],DEC ECLIPJ2000 [rad],O-C RA ECLIPJ2000 [rad],O-C DEC ECLIPJ2000 [rad]
-624633495.7168182,3.030993733076972,0.041813105161502516,-2.4549607968715748e-06,-1.7210535401060434e-06
-624632259.0736182,3.0309774902426976,0.041817589773463636,-2.0039177459629798e-06,9.786284804955137e-07
-624631491.1504171,3.030967664737452,0.04181582444429342,-1.4708806217456072e-06,-1.8973533442295798e-06
